topology,algorithm,res_controller_single_mean_avg_ms,res_controller_single_worst_avg_ms,res_controller_single_mean_max_ms,res_controller_single_worst_max_ms,res_controller_single_mean_pct_sla,res_controller_single_worst_pct_sla,res_controller_single_mean_pct_orphan,res_controller_single_worst_pct_orphan,res_controller_single_mean_overload_ratio,res_controller_single_worst_overload_ratio,res_controller_double_mean_avg_ms,res_controller_double_worst_avg_ms,res_controller_double_mean_max_ms,res_controller_double_worst_max_ms,res_controller_double_mean_pct_sla,res_controller_double_worst_pct_sla,res_controller_double_mean_pct_orphan,res_controller_double_worst_pct_orphan,res_controller_double_mean_overload_ratio,res_controller_double_worst_overload_ratio,res_link_random_5_mean_avg_ms,res_link_random_5_worst_avg_ms,res_link_random_5_mean_max_ms,res_link_random_5_worst_max_ms,res_link_random_5_mean_pct_sla,res_link_random_5_worst_pct_sla,res_link_random_5_mean_pct_orphan,res_link_random_5_worst_pct_orphan,res_link_random_5_mean_overload_ratio,res_link_random_5_worst_overload_ratio,res_link_targeted_5_mean_avg_ms,res_link_targeted_5_worst_avg_ms,res_link_targeted_5_mean_max_ms,res_link_targeted_5_worst_max_ms,res_link_targeted_5_mean_pct_sla,res_link_targeted_5_worst_pct_sla,res_link_targeted_5_mean_pct_orphan,res_link_targeted_5_worst_pct_orphan,res_link_targeted_5_mean_overload_ratio,res_link_targeted_5_worst_overload_ratio,res_link_random_10_mean_avg_ms,res_link_random_10_worst_avg_ms,res_link_random_10_mean_max_ms,res_link_random_10_worst_max_ms,res_link_random_10_mean_pct_sla,res_link_random_10_worst_pct_sla,res_link_random_10_mean_pct_orphan,res_link_random_10_worst_pct_orphan,res_link_random_10_mean_overload_ratio,res_link_random_10_worst_overload_ratio,res_link_targeted_10_mean_avg_ms,res_link_targeted_10_worst_avg_ms,res_link_targeted_10_mean_max_ms,res_link_targeted_10_worst_max_ms,res_link_targeted_10_mean_pct_sla,res_link_targeted_10_worst_pct_sla,res_link_targeted_10_mean_pct_orphan,res_link_targeted_10_worst_pct_orphan,res_link_targeted_10_mean_overload_ratio,res_link_targeted_10_worst_overload_ratio,res_link_random_20_mean_avg_ms,res_link_random_20_worst_avg_ms,res_link_random_20_mean_max_ms,res_link_random_20_worst_max_ms,res_link_random_20_mean_pct_sla,res_link_random_20_worst_pct_sla,res_link_random_20_mean_pct_orphan,res_link_random_20_worst_pct_orphan,res_link_random_20_mean_overload_ratio,res_link_random_20_worst_overload_ratio,res_link_targeted_20_mean_avg_ms,res_link_targeted_20_worst_avg_ms,res_link_targeted_20_mean_max_ms,res_link_targeted_20_worst_max_ms,res_link_targeted_20_mean_pct_sla,res_link_targeted_20_worst_pct_sla,res_link_targeted_20_mean_pct_orphan,res_link_targeted_20_worst_pct_orphan,res_link_targeted_20_mean_overload_ratio,res_link_targeted_20_worst_overload_ratio,res_node_random_5_mean_avg_ms,res_node_random_5_worst_avg_ms,res_node_random_5_mean_max_ms,res_node_random_5_worst_max_ms,res_node_random_5_mean_pct_sla,res_node_random_5_worst_pct_sla,res_node_random_5_mean_pct_orphan,res_node_random_5_worst_pct_orphan,res_node_random_5_mean_overload_ratio,res_node_random_5_worst_overload_ratio,res_node_targeted_5_mean_avg_ms,res_node_targeted_5_worst_avg_ms,res_node_targeted_5_mean_max_ms,res_node_targeted_5_worst_max_ms,res_node_targeted_5_mean_pct_sla,res_node_targeted_5_worst_pct_sla,res_node_targeted_5_mean_pct_orphan,res_node_targeted_5_worst_pct_orphan,res_node_targeted_5_mean_overload_ratio,res_node_targeted_5_worst_overload_ratio,res_node_random_10_mean_avg_ms,res_node_random_10_worst_avg_ms,res_node_random_10_mean_max_ms,res_node_random_10_worst_max_ms,res_node_random_10_mean_pct_sla,res_node_random_10_worst_pct_sla,res_node_random_10_mean_pct_orphan,res_node_random_10_worst_pct_orphan,res_node_random_10_mean_overload_ratio,res_node_random_10_worst_overload_ratio,res_node_targeted_10_mean_avg_ms,res_node_targeted_10_worst_avg_ms,res_node_targeted_10_mean_max_ms,res_node_targeted_10_worst_max_ms,res_node_targeted_10_mean_pct_sla,res_node_targeted_10_worst_pct_sla,res_node_targeted_10_mean_pct_orphan,res_node_targeted_10_worst_pct_orphan,res_node_targeted_10_mean_overload_ratio,res_node_targeted_10_worst_overload_ratio,res_node_random_20_mean_avg_ms,res_node_random_20_worst_avg_ms,res_node_random_20_mean_max_ms,res_node_random_20_worst_max_ms,res_node_random_20_mean_pct_sla,res_node_random_20_worst_pct_sla,res_node_random_20_mean_pct_orphan,res_node_random_20_worst_pct_orphan,res_node_random_20_mean_overload_ratio,res_node_random_20_worst_overload_ratio,res_node_targeted_20_mean_avg_ms,res_node_targeted_20_worst_avg_ms,res_node_targeted_20_mean_max_ms,res_node_targeted_20_worst_max_ms,res_node_targeted_20_mean_pct_sla,res_node_targeted_20_worst_pct_sla,res_node_targeted_20_mean_pct_orphan,res_node_targeted_20_worst_pct_orphan,res_node_targeted_20_mean_overload_ratio,res_node_targeted_20_worst_overload_ratio
Abilene,aco,6.272452310461206,7.074351388874328,18.116207464983855,22.65433867763961,0.9829545454545454,0.9318181818181818,0.0,0.0,0.3125,0.4166666666666667,9.31906527161996,11.654363647205532,22.024750157138094,28.32627673238363,0.9200757575757577,0.8022727272727274,0.0,0.0,0.6395833333333333,0.875,5.32606726694415,7.612168345917232,21.780446709544627,39.22142981834362,0.963939393939394,0.8893939393939393,0.0,0.0,0.125,0.125,5.147457651213012,5.147457651213012,17.508462565565708,17.508462565565708,1.0,1.0,0.0,0.0,0.125,0.125,5.394816405473599,7.5875629391603585,22.240188309863914,39.211405817551054,0.9643939393939394,0.8901515151515151,0.0,0.0,0.125,0.125,5.147457651213012,5.147457651213012,17.508462565565708,17.508462565565708,1.0,1.0,0.0,0.0,0.125,0.125,6.798336109211312,11.13219261807725,28.7160290707938,50.699647447455355,0.9028030303030302,0.7878787878787878,0.014772727272727272,0.08484848484848485,0.1375,0.20416666666666666,6.391436786522098,6.391436786522098,24.285945103174576,24.285945103174576,0.9454545454545454,0.9454545454545454,0.0,0.0,0.125,0.125,4.213582344906854,4.961978427945717,15.512709057720787,20.445577235320634,0.9920833333333333,0.9641666666666667,0.0,0.0,0.11708333333333334,0.125,4.038332441666245,4.038332441666245,15.001929014246615,15.001929014246615,1.0,1.0,0.0,0.0,0.125,0.125,4.155756876238344,4.849965013147477,15.088005165243585,19.179206410230197,0.9941666666666666,0.9666666666666667,0.0,0.0,0.11375,0.125,4.038332441666245,4.038332441666245,15.001929014246615,15.001929014246615,1.0,1.0,0.0,0.0,0.125,0.125,3.902923204228949,5.006105542703911,14.510659123516778,20.028657261158045,0.9912037037037037,0.9574074074074074,0.0,0.0,0.10479166666666666,0.125,3.9549850466991177,3.9549850466991177,14.64253261810409,14.64253261810409,1.0,1.0,0.0,0.0,0.125,0.125
Abilene,eho,6.316313780583626,7.138139939403442,18.22860846629269,22.65433867763961,0.9829545454545454,0.9318181818181818,0.0,0.0,0.3125,0.4166666666666667,9.424291482258434,11.778528981764595,22.23168742696443,28.46029328741049,0.9166666666666667,0.7954545454545454,0.0,0.0,0.6458333333333334,0.875,5.318151533112069,7.690657647520163,21.54071069640001,39.214159737601726,0.963030303030303,0.8863636363636364,0.0,0.0,0.125,0.125,5.016453352362274,5.016453352362274,16.709363702474985,16.709363702474985,1.0,1.0,0.0,0.0,0.125,0.125,5.380414453637352,7.680658428424098,22.005144100695713,39.31352762608553,0.9634090909090909,0.8871212121212121,0.0,0.0,0.125,0.125,5.016453352362274,5.016453352362274,16.709363702474985,16.709363702474985,1.0,1.0,0.0,0.0,0.125,0.125,6.787519836081471,11.186623804387477,28.533108683668946,50.58657126823696,0.9023484848484848,0.7840909090909091,0.014545454545454545,0.08409090909090909,0.1375,0.20416666666666666,6.741835099809449,6.741835099809449,26.13456060684334,26.13456060684334,0.9318181818181818,0.9318181818181818,0.0,0.0,0.125,0.125,4.211484350892857,5.084888976039533,15.316047598043856,21.54101178987603,0.9914166666666666,0.9591666666666666,0.0,0.0,0.11708333333333334,0.125,3.99735326957901,3.99735326957901,14.529764854692719,14.529764854692719,1.0,1.0,0.0,0.0,0.125,0.125,4.162292322089862,5.018678612715527,14.971330310613862,20.79717409715029,0.9931666666666668,0.9600000000000001,0.0,0.0,0.11375,0.125,3.99735326957901,3.99735326957901,14.529764854692719,14.529764854692719,1.0,1.0,0.0,0.0,0.125,0.125,3.917958193314019,5.187506519094737,14.51492813935291,21.649480495862054,0.9898148148148149,0.95,0.0,0.0,0.10479166666666666,0.125,3.8695984411976863,3.8695984411976863,14.0163539759741,14.0163539759741,1.0,1.0,0.0,0.0,0.125,0.125
Abilene,ga,6.29029484146653,7.095386354218442,18.130473885371465,22.651028017846986,0.9829545454545454,0.9318181818181818,0.0,0.0,0.3131944444444444,0.4194444444444444,9.338965040431065,11.66503826010271,22.050877549530078,28.309788862781552,0.9195707070707072,0.8015151515151515,0.0,0.0,0.6416666666666667,0.875,5.319444027385479,7.633434236276395,21.610030634019996,39.11299294163349,0.9641666666666666,0.8878787878787879,0.0,0.0,0.125,0.125,5.133461261862271,5.133461261862271,17.327573634579004,17.327573634579004,1.0,1.0,0.0,0.0,0.125,0.125,5.395119128603208,7.590429959585088,22.13664849552089,39.049477087181295,0.9643181818181819,0.8901515151515151,0.0,0.0,0.125,0.125,5.133461261862271,5.133461261862271,17.327573634579004,17.327573634579004,1.0,1.0,0.0,0.0,0.125,0.125,6.797562577988446,11.135678157443552,28.60333578385733,50.64473006894918,0.9018939393939394,0.7848484848484849,0.01515151515151515,0.08636363636363636,0.13770833333333335,0.20416666666666666,6.531240102589633,6.531240102589633,24.964335013770672,24.964335013770672,0.9401515151515151,0.9401515151515151,0.0,0.0,0.125,0.125,4.224211155703437,5.003946956983343,15.398186912025608,20.589268361996783,0.9919166666666667,0.9625,0.0,0.0,0.11708333333333334,0.125,4.0850553024957605,4.0850553024957605,15.145620292697165,15.145620292697165,0.9991666666666668,0.9991666666666668,0.0,0.0,0.125,0.125,4.159002442546292,4.880279067256214,14.998917184482476,19.344586645527237,0.99375,0.9658333333333334,0.0,0.0,0.11375,0.125,4.0850553024957605,4.0850553024957605,15.145620292697165,15.145620292697165,0.9991666666666668,0.9991666666666668,0.0,0.0,0.125,0.125,3.9053498441158605,5.057748450307288,14.3972760207474,20.4164894988898,0.9908333333333333,0.9555555555555556,0.0,0.0,0.10479166666666666,0.125,4.0011987149200445,4.0011987149200445,14.751998455982173,14.751998455982173,0.9972222222222222,0.9972222222222222,0.0,0.0,0.125,0.125
Abilene,hybrid_eho_aco,6.260293579928803,7.059123209284512,18.050066352538398,22.694149845913103,0.9825757575757575,0.9303030303030303,0.0,0.0,0.3125,0.4166666666666667,9.27202905679425,11.59749654946231,21.920824086498325,28.25743822357475,0.9213383838383838,0.8053030303030303,0.0,0.0,0.6368055555555556,0.875,5.323838402136187,7.499113436910216,21.799991789688757,39.05099960409942,0.9645454545454545,0.8924242424242425,0.0,0.0,0.125,0.125,5.217095211786995,5.217095211786995,17.82780016903366,17.82780016903366,1.0,1.0,0.0,0.0,0.125,0.125,5.396800826639262,7.516475774511927,22.28854760605267,39.10457499763989,0.9645454545454545,0.8924242424242425,0.0,0.0,0.125,0.125,5.217095211786995,5.217095211786995,17.82780016903366,17.82780016903366,1.0,1.0,0.0,0.0,0.125,0.125,6.804887411132075,11.15898891696884,28.738172464862508,50.83717575864883,0.9021212121212121,0.7871212121212121,0.015454545454545453,0.08636363636363636,0.13729166666666667,0.20416666666666666,6.302047043098425,6.302047043098425,23.731922670074756,23.731922670074756,0.95,0.95,0.0,0.0,0.125,0.125,4.194400531547976,4.901397460503404,15.300611710986527,19.577727194449174,0.9933333333333334,0.9674999999999999,0.0,0.0,0.11708333333333334,0.125,4.074666627544915,4.074666627544915,15.175962305031538,15.175962305031538,1.0,1.0,0.0,0.0,0.125,0.125,4.1690926175459575,4.8610481601477735,15.170793202182777,19.095156067905787,0.9943333333333334,0.9674999999999999,0.0,0.0,0.11375,0.125,4.074666627544915,4.074666627544915,15.175962305031538,15.175962305031538,1.0,1.0,0.0,0.0,0.125,0.125,3.9019065452103194,4.956915207326401,14.44067644130964,19.424929334252848,0.9917592592592592,0.9601851851851851,9.259259259259259e-05,0.0009259259259259259,0.10479166666666666,0.125,4.049693214463359,4.049693214463359,15.093827524222723,15.093827524222723,0.9981481481481481,0.9981481481481481,0.0,0.0,0.12708333333333333,0.12708333333333333
Abilene,ilp_ckm,6.027794972435951,7.127842349143201,17.10011958833167,20.337514552277554,0.9943181818181819,0.9772727272727273,0.0,0.0,0.33333333333333326,0.5,9.402126301759672,11.693354205298522,21.83849079140674,26.962549778696392,0.9242424242424243,0.7954545454545455,0.0,0.0,0.5833333333333334,0.875,4.97589456085074,8.504916661528714,22.33171127698449,44.036546428464156,0.9568181818181818,0.8636363636363636,0.0,0.0,0.125,0.125,4.397968327644641,4.397968327644641,14.950373909931123,14.950373909931123,1.0,1.0,0.0,0.0,0.125,0.125,4.212524285774808,6.087988879619747,15.486504865514245,31.52127959418224,0.9886363636363636,0.9090909090909091,0.0,0.0,0.125,0.125,4.397968327644641,4.397968327644641,14.950373909931123,14.950373909931123,1.0,1.0,0.0,0.0,0.125,0.125,6.601415728734278,10.517370835337815,28.679536291531278,55.622771625217986,0.890909090909091,0.8181818181818182,0.01818181818181818,0.13636363636363635,0.14375,0.25,9.22991176970497,9.22991176970497,44.036546428464156,44.036546428464156,0.8636363636363636,0.8636363636363636,0.0,0.0,0.125,0.125,3.532386286450237,4.121694808425614,11.11007267867534,15.836602876242042,0.9975,0.975,0.0,0.0,0.11875,0.125,3.5863989774315916,3.5863989774315916,11.725463345670956,11.725463345670956,1.0,1.0,0.0,0.0,0.125,0.125,3.667611642198584,5.398109319939653,12.99859431582109,29.734216718210263,0.99,0.925,0.0,0.0,0.09375,0.125,3.5863989774315916,3.5863989774315916,11.725463345670956,11.725463345670956,1.0,1.0,0.0,0.0,0.125,0.125,3.801623814087794,5.45434285038279,15.267440892988649,29.734216718210263,0.9805555555555556,0.9166666666666666,0.0,0.0,0.0875,0.125,3.499589003611076,3.499589003611076,11.725402779748459,11.725402779748459,1.0,1.0,0.0,0.0,0.125,0.125
Abilene,kcenter,6.870842252497786,8.132834020618716,18.300734046613414,18.931523982063766,1.0,1.0,0.0,0.0,0.29166666666666663,0.5,11.004514478985929,17.566518064231822,22.709254318980825,36.832078628630384,0.9090909090909092,0.5454545454545454,0.0,0.0,0.5416666666666666,0.75,5.412118210228517,8.355119567839036,20.289546938950377,43.08963498172392,0.9568181818181818,0.8409090909090909,0.0,0.0,0.125,0.125,6.176286081080846,6.176286081080846,19.388906407584507,19.388906407584507,1.0,1.0,0.0,0.0,0.125,0.125,4.867919345483604,6.3388040306123346,15.63847839303367,27.571210410763406,0.9818181818181818,0.9090909090909091,0.0,0.0,0.125,0.125,6.176286081080846,6.176286081080846,19.388906407584507,19.388906407584507,1.0,1.0,0.0,0.0,0.125,0.125,7.335971678331826,13.683729605215651,27.80248514360664,58.013858913645294,0.8772727272727272,0.7272727272727273,0.00909090909090909,0.09090909090909091,0.14375000000000002,0.3125,7.232329210832916,7.232329210832916,26.37276876097305,26.37276876097305,0.9545454545454546,0.9545454545454546,0.0,0.0,0.125,0.125,5.1395875186308375,6.303768728786514,20.188406592405816,29.708304466068107,0.96,0.925,0.0,0.0,0.125,0.125,4.854995000916448,4.854995000916448,14.290600217484007,14.290600217484007,1.0,1.0,0.0,0.0,0.125,0.125,4.670157330238412,6.094864283729132,18.035167341587858,27.399049231976683,0.9624999999999999,0.925,0.0,0.0,0.0875,0.125,4.854995000916448,4.854995000916448,14.290600217484007,14.290600217484007,1.0,1.0,0.0,0.0,0.125,0.125,4.430715715551653,6.570488989009069,15.545485310886423,27.082526204643518,0.9722222222222223,0.8888888888888888,0.0,0.0,0.1125,0.125,3.8158980320026785,3.8158980320026785,11.127212955007106,11.127212955007106,1.0,1.0,0.0,0.0,0.125,0.125
Abilene,kmeans,6.421453518279938,7.3291518897620875,16.775312757232186,19.327866466859867,1.0,1.0,0.0,0.0,0.29166666666666663,0.4166666666666667,9.485032245731663,12.244874937478837,20.15633743604968,29.31600528421151,0.9545454545454546,0.8181818181818182,0.0,0.0,0.5833333333333334,0.875,5.624399120638824,7.909424155712842,22.512280913528855,39.04198889800026,0.9624242424242424,0.8613636363636363,0.0,0.0,0.0625,0.0625,6.111095240324365,6.111095240324365,19.388368425453862,19.388368425453862,1.0,1.0,0.0,0.0,0.0625,0.0625,5.662008384155821,7.770524409089542,22.70237827756273,38.796529517466624,0.9651515151515151,0.8765151515151516,0.0,0.0,0.0625,0.0625,6.111095240324365,6.111095240324365,19.388368425453862,19.388368425453862,1.0,1.0,0.0,0.0,0.0625,0.0625,7.239266149409298,11.997612316885661,28.93213963502479,50.3944937043019,0.9006060606060606,0.7492424242424243,0.01303030303030303,0.08484848484848485,0.08666666666666667,0.19166666666666668,6.111095240324365,6.111095240324365,19.388368425453862,19.388368425453862,1.0,1.0,0.0,0.0,0.0625,0.0625,4.7107064540237555,6.614747835828611,18.07906102203489,29.256362720960364,0.984,0.92,0.0,0.0,0.0625,0.0625,4.783296257625156,4.783296257625156,16.103683582135158,16.103683582135158,1.0,1.0,0.0,0.0,0.0625,0.0625,4.647989750368314,6.785585281588136,17.9417543429226,30.352407682398628,0.9853333333333334,0.9133333333333334,0.0,0.0,0.0625,0.0625,4.783296257625156,4.783296257625156,16.103683582135158,16.103683582135158,1.0,1.0,0.0,0.0,0.0625,0.0625,4.402668252701213,6.546280317578502,17.5976695489353,30.352410893362535,0.9777777777777779,0.8925925925925925,0.005555555555555555,0.04444444444444444,0.06895833333333333,0.10833333333333334,4.6385759154931545,4.6385759154931545,16.1036161164074,16.1036161164074,1.0,1.0,0.0,0.0,0.125,0.125
Abilene,kmedian,6.5844741784778895,7.333971125055828,19.79172119970439,23.763027784493477,0.9772727272727273,0.9090909090909091,0.0,0.0,0.29166666666666663,0.41666666666666663,9.331532939286827,12.047870681521289,21.932760738996745,28.20222446974089,0.9393939393939394,0.8181818181818182,0.0,0.0,0.5625,0.75,6.275068844934415,8.45214160929514,28.93005891147272,44.03648586254166,0.9545454545454545,0.9090909090909091,0.0,0.0,0.0625,0.0625,7.783603023410813,7.783603023410813,34.41720478795039,34.41720478795039,0.9090909090909091,0.9090909090909091,0.0,0.0,0.0625,0.0625,5.3521221947737,7.783603023410813,20.785453188464878,34.41720478795039,0.9863636363636363,0.9090909090909091,0.0,0.0,0.0625,0.0625,7.783603023410813,7.783603023410813,34.41720478795039,34.41720478795039,0.9090909090909091,0.9090909090909091,0.0,0.0,0.0625,0.0625,7.4519101337180915,11.484407702195732,29.806431387656936,58.01389826818867,0.9272727272727272,0.8181818181818182,0.0,0.0,0.08125,0.1875,11.352122042000168,11.352122042000168,44.03648586254166,44.03648586254166,0.8181818181818182,0.8181818181818182,0.0,0.0,0.0625,0.0625,4.805179677622419,7.708924909134028,20.120363185990353,45.275995456092,0.9800000000000001,0.9,0.0,0.0,0.0625,0.0625,7.708924909134028,7.708924909134028,45.275995456092,45.275995456092,0.9,0.9,0.0,0.0,0.0625,0.0625,5.069712921122443,7.038873617247872,19.90890854307731,32.544473846569126,0.97,0.9,0.0,0.0,0.0625,0.0625,7.708924909134028,7.708924909134028,45.275995456092,45.275995456092,0.9,0.9,0.0,0.0,0.0625,0.0625,5.220335591167827,7.289500531709233,22.8129200980297,32.544473846569126,0.9111111111111111,0.8888888888888888,0.02222222222222222,0.1111111111111111,0.06875,0.125,5.787422445870753,5.787422445870753,25.056680814582634,25.056680814582634,0.8888888888888888,0.8888888888888888,0.0,0.0,0.0625,0.0625
Abilene,pagerank,6.490156827590689,8.354192062507078,16.864633926568008,18.93130058099938,1.0,1.0,0.0,0.0,0.2708333333333333,0.41666666666666663,8.33927769317893,10.229780782704903,18.78528338329096,22.36944618983017,0.9848484848484849,0.9090909090909091,0.0,0.0,0.5625,0.875,6.561908093203997,11.187049344095616,25.24258568661947,44.03648586254165,0.9454545454545455,0.8181818181818182,0.0,0.0,0.125,0.125,5.091681478564312,5.091681478564312,15.028938501910572,15.028938501910572,1.0,1.0,0.0,0.0,0.125,0.125,5.451182384389094,7.19174349304278,16.99233021910657,27.292935288806238,0.9818181818181818,0.9090909090909091,0.0,0.0,0.125,0.125,5.091681478564312,5.091681478564312,15.028938501910572,15.028938501910572,1.0,1.0,0.0,0.0,0.125,0.125,8.009261017672578,10.822943968638556,28.39374460435415,53.23152385040231,0.8545454545454545,0.7272727272727273,0.02727272727272727,0.18181818181818182,0.13125,0.1875,11.187049344095616,11.187049344095616,44.03648586254165,44.03648586254165,0.8181818181818182,0.8181818181818182,0.0,0.0,0.125,0.125,4.951854781364712,6.681404303940513,15.80956075281438,27.292891145564152,0.9800000000000001,0.9,0.0,0.0,0.1125,0.125,4.932851248115021,4.932851248115021,15.028938501910572,15.028938501910572,1.0,1.0,0.0,0.0,0.125,0.125,4.93753594783125,7.902051912623565,16.102621545383705,38.3070310203437,0.99,0.9,0.0,0.0,0.1,0.125,4.932851248115021,4.932851248115021,15.028938501910572,15.028938501910572,1.0,1.0,0.0,0.0,0.125,0.125,6.394791526536567,9.98067398904815,25.95688189910108,38.3070310203437,0.9111111111111111,0.7777777777777778,0.0,0.0,0.0875,0.125,8.03783726035316,8.03783726035316,38.3070310203437,38.3070310203437,0.8888888888888888,0.8888888888888888,0.0,0.0,0.125,0.125
Abilene,pso,6.282118433354755,7.073667734377554,18.04660572483784,22.644406698261733,0.9829545454545454,0.9318181818181818,0.0,0.0,0.3145833333333333,0.425,9.273538367414798,11.562222151338004,21.896195064487706,28.142796568550533,0.921969696969697,0.8068181818181819,0.0,0.0,0.6395833333333333,0.875,5.369233885264667,7.631367347988276,21.852107740608258,39.158174904193395,0.9637121212121211,0.8871212121212121,0.0,0.0,0.125,0.125,5.236472782011529,5.236472782011529,17.76489463569633,17.76489463569633,1.0,1.0,0.0,0.0,0.125,0.125,5.433036274770263,7.606150103780162,22.204361546435223,39.0232966986598,0.9645454545454545,0.8886363636363637,0.0,0.0,0.125,0.125,5.236472782011529,5.236472782011529,17.76489463569633,17.76489463569633,1.0,1.0,0.0,0.0,0.125,0.125,6.843372939427454,11.116608362899095,28.782081257557763,50.46543495170521,0.9016666666666667,0.7840909090909091,0.015303030303030301,0.08636363636363636,0.13729166666666667,0.20208333333333334,6.460448421437352,6.460448421437352,24.472499331294102,24.472499331294102,0.9431818181818182,0.9431818181818182,0.0,0.0,0.125,0.125,4.25944332912049,4.955543343258509,15.47387517466113,19.74125405497237,0.9921666666666666,0.9666666666666667,0.0,0.0,0.11708333333333334,0.125,4.219480196242026,4.219480196242026,15.90516700915216,15.90516700915216,0.9975,0.9975,0.0,0.0,0.125,0.125,4.2042463368070075,4.881974283758475,15.17398656872304,19.01910547086753,0.9933333333333334,0.9674999999999999,0.0,0.0,0.11375,0.125,4.219480196242026,4.219480196242026,15.90516700915216,15.90516700915216,0.9975,0.9975,0.0,0.0,0.125,0.125,3.9477787557019277,5.099128129686359,14.560935989139079,20.349419342628526,0.9901851851851852,0.9546296296296296,0.0,0.0,0.10479166666666666,0.125,4.17901265686333,4.17901265686333,15.597108773868333,15.597108773868333,0.9916666666666667,0.9916666666666667,0.0,0.0,0.125,0.125
Abilene,random,6.316313780583626,7.138139939403442,18.22860846629269,22.65433867763961,0.9829545454545454,0.9318181818181818,0.0,0.0,0.3125,0.4166666666666667,9.424291482258434,11.778528981764595,22.23168742696443,28.46029328741049,0.9166666666666667,0.7954545454545454,0.0,0.0,0.6458333333333334,0.875,5.318151533112069,7.690657647520163,21.54071069640001,39.214159737601726,0.963030303030303,0.8863636363636364,0.0,0.0,0.125,0.125,5.016453352362274,5.016453352362274,16.709363702474985,16.709363702474985,1.0,1.0,0.0,0.0,0.125,0.125,5.380414453637352,7.680658428424098,22.005144100695713,39.31352762608553,0.9634090909090909,0.8871212121212121,0.0,0.0,0.125,0.125,5.016453352362274,5.016453352362274,16.709363702474985,16.709363702474985,1.0,1.0,0.0,0.0,0.125,0.125,6.787519836081471,11.186623804387477,28.533108683668946,50.58657126823696,0.9023484848484848,0.7840909090909091,0.014545454545454545,0.08409090909090909,0.1375,0.20416666666666666,6.741835099809449,6.741835099809449,26.13456060684334,26.13456060684334,0.9318181818181818,0.9318181818181818,0.0,0.0,0.125,0.125,4.211484350892857,5.084888976039533,15.316047598043856,21.54101178987603,0.9914166666666666,0.9591666666666666,0.0,0.0,0.11708333333333334,0.125,3.99735326957901,3.99735326957901,14.529764854692719,14.529764854692719,1.0,1.0,0.0,0.0,0.125,0.125,4.162292322089862,5.018678612715527,14.971330310613862,20.79717409715029,0.9931666666666668,0.9600000000000001,0.0,0.0,0.11375,0.125,3.99735326957901,3.99735326957901,14.529764854692719,14.529764854692719,1.0,1.0,0.0,0.0,0.125,0.125,3.917958193314019,5.187506519094737,14.51492813935291,21.649480495862054,0.9898148148148149,0.95,0.0,0.0,0.10479166666666666,0.125,3.8695984411976863,3.8695984411976863,14.0163539759741,14.0163539759741,1.0,1.0,0.0,0.0,0.125,0.125
Abilene,sa,6.316313780583626,7.138139939403442,18.22860846629269,22.65433867763961,0.9829545454545454,0.9318181818181818,0.0,0.0,0.3125,0.4166666666666667,9.424291482258434,11.778528981764595,22.23168742696443,28.46029328741049,0.9166666666666667,0.7954545454545454,0.0,0.0,0.6458333333333334,0.875,5.318151533112069,7.690657647520163,21.54071069640001,39.214159737601726,0.963030303030303,0.8863636363636364,0.0,0.0,0.125,0.125,5.016453352362274,5.016453352362274,16.709363702474985,16.709363702474985,1.0,1.0,0.0,0.0,0.125,0.125,5.380414453637352,7.680658428424098,22.005144100695713,39.31352762608553,0.9634090909090909,0.8871212121212121,0.0,0.0,0.125,0.125,5.016453352362274,5.016453352362274,16.709363702474985,16.709363702474985,1.0,1.0,0.0,0.0,0.125,0.125,6.787519836081471,11.186623804387477,28.533108683668946,50.58657126823696,0.9023484848484848,0.7840909090909091,0.014545454545454545,0.08409090909090909,0.1375,0.20416666666666666,6.741835099809449,6.741835099809449,26.13456060684334,26.13456060684334,0.9318181818181818,0.9318181818181818,0.0,0.0,0.125,0.125,4.211484350892857,5.084888976039533,15.316047598043856,21.54101178987603,0.9914166666666666,0.9591666666666666,0.0,0.0,0.11708333333333334,0.125,3.99735326957901,3.99735326957901,14.529764854692719,14.529764854692719,1.0,1.0,0.0,0.0,0.125,0.125,4.162292322089862,5.018678612715527,14.971330310613862,20.79717409715029,0.9931666666666668,0.9600000000000001,0.0,0.0,0.11375,0.125,3.99735326957901,3.99735326957901,14.529764854692719,14.529764854692719,1.0,1.0,0.0,0.0,0.125,0.125,3.917958193314019,5.187506519094737,14.51492813935291,21.649480495862054,0.9898148148148149,0.95,0.0,0.0,0.10479166666666666,0.125,3.8695984411976863,3.8695984411976863,14.0163539759741,14.0163539759741,1.0,1.0,0.0,0.0,0.125,0.125
Cogentco,aco,89.05398778533277,101.54314793698578,254.3202795355031,348.1014135358519,0.15916666666666668,0.11277777777777778,0.0,0.0,0.25,0.33888888888888885,117.32149888631494,134.62062135007503,316.48049432767914,365.3944710951707,0.1061111111111111,0.042499999999999996,0.0,0.0,0.51875,0.6916666666666667,77.71240323242098,96.06119522610376,286.1739536452281,412.1811648652189,0.19058796296296296,0.14777777777777779,0.05150462962962963,0.1497222222222222,0.006458333333333333,0.05416666666666667,77.3434907612523,77.3434907612523,282.65928968246095,282.65928968246095,0.17333333333333334,0.17333333333333334,0.04439814814814815,0.04439814814814815,0.0020833333333333333,0.0020833333333333333,85.52526238624542,114.49941781303733,319.926078975853,455.9097574467486,0.1673009259259259,0.11722222222222221,0.13549074074074074,0.24833333333333335,0.021666666666666667,0.13333333333333333,80.88149935322555,80.88149935322555,285.350667760057,285.350667760057,0.14453703703703705,0.14453703703703705,0.20458333333333334,0.20458333333333334,0.07291666666666667,0.07291666666666667,89.03571054365335,127.73441364068589,300.6515942528583,455.2231685468011,0.12887037037037036,0.08495370370370371,0.33774074074074073,0.47148148148148145,0.025,0.11666666666666667,107.58745133947147,107.58745133947147,295.28190673570276,295.28190673570276,0.08833333333333333,0.08833333333333333,0.500925925925926,0.500925925925926,0.0,0.0,75.59498396358138,96.21165705421838,271.4276784387461,406.89009687807123,0.19453216374269006,0.14639376218323585,0.062314814814814816,0.16198830409356724,0.0077083333333333335,0.0625,81.58172596794306,81.58172596794306,326.02219946837954,326.02219946837954,0.17680311890838205,0.17680311890838205,0.07017543859649122,0.07017543859649122,0.04791666666666667,0.04791666666666667,77.91972825130351,101.7948580437584,286.09728045676667,429.5892073052367,0.18098251028806583,0.12649176954732508,0.14345164609053498,0.26908436213991765,0.016874999999999998,0.08958333333333333,97.51844107597407,97.51844107597407,448.2275917311546,448.2275917311546,0.138477366255144,0.138477366255144,0.23251028806584362,0.23251028806584362,0.014583333333333334,0.014583333333333334,74.62436310479335,105.61982391269619,252.63679104146183,390.2590868051467,0.15858796296296296,0.1021412037037037,0.3294849537037037,0.502662037037037,0.007916666666666667,0.05416666666666667,64.68929050659958,64.68929050659958,190.12820021816663,190.12820021816663,0.11302083333333333,0.11302083333333333,0.5925925925925927,0.5925925925925927,0.0,0.0
Cogentco,eho,94.77813768681307,107.11393233431161,262.7311068946792,348.25860090040493,0.15104166666666666,0.10708333333333334,0.0,0.0,0.25277777777777777,0.3555555555555555,119.85360462043005,137.47180678020786,316.77299106566727,364.8701801715862,0.10387345679012346,0.04458333333333333,0.0,0.0,0.5423611111111111,0.725,86.41689491593282,108.94123131175814,293.44249465512974,414.92945699701886,0.17439351851851853,0.13189814814814815,0.05148148148148148,0.14916666666666664,0.006041666666666667,0.052083333333333336,98.39780783064836,98.39780783064836,298.82211664331857,298.82211664331857,0.15611111111111112,0.15611111111111112,0.041805555555555554,0.041805555555555554,0.03333333333333333,0.03333333333333333,92.96435116163894,123.66600596021182,323.1969722215443,460.9609128665432,0.15394444444444444,0.10731481481481482,0.14070833333333335,0.27194444444444443,0.016458333333333335,0.09583333333333334,95.72231467744834,95.72231467744834,304.8682123707648,304.8682123707648,0.1338425925925926,0.1338425925925926,0.2464814814814815,0.2464814814814815,0.06041666666666667,0.06041666666666667,93.66511496896814,135.7515854465731,303.8915830578596,459.98395477668976,0.11866666666666667,0.07597222222222223,0.35594907407407406,0.5154166666666666,0.027291666666666665,0.10416666666666667,103.58826235764641,103.58826235764641,293.38198488315555,293.38198488315555,0.08310185185185184,0.08310185185185184,0.5619444444444445,0.5619444444444445,0.0,0.0,83.06517544782633,104.52907273202773,278.64340545242504,403.4709323527066,0.17955653021442494,0.1317251461988304,0.06594054580896686,0.17485380116959065,0.010833333333333334,0.075,92.26417246296705,92.26417246296705,325.64118355491536,325.64118355491536,0.15492202729044832,0.15492202729044832,0.15589668615984403,0.15589668615984403,0.05416666666666667,0.05416666666666667,85.09068251684694,111.10910971616258,289.4460457544645,426.6130128545132,0.1656687242798354,0.11147119341563785,0.16018518518518518,0.3154835390946502,0.013958333333333333,0.08333333333333333,110.74166230467242,110.74166230467242,429.86921733683744,429.86921733683744,0.12988683127572015,0.12988683127572015,0.2828703703703704,0.2828703703703704,0.025,0.025,79.36963923481105,112.19742638492612,260.34616256056313,403.09507377847746,0.14513310185185185,0.09305555555555554,0.3513541666666667,0.5311342592592593,0.007083333333333334,0.04583333333333333,65.73084784397709,65.73084784397709,184.35580287997973,184.35580287997973,0.09959490740740741,0.09959490740740741,0.6421875,0.6421875,0.0,0.0
Cogentco,ga,91.36327361694546,103.57692543988858,257.87944303461484,351.91575947470943,0.15606481481481482,0.11064814814814813,0.0,0.0,0.2513888888888889,0.33611111111111114,118.77830981981965,135.68569976370566,319.961449516356,367.68292251937567,0.10583333333333332,0.044814814814814814,0.0,0.0,0.538888888888889,0.6958333333333333,81.34714457873824,100.11524531592644,289.01925067683817,413.6357880381438,0.18436574074074075,0.14282407407407408,0.049865740740740745,0.14046296296296296,0.0077083333333333335,0.058333333333333334,84.68366580455923,84.68366580455923,288.09521869908144,288.09521869908144,0.16578703703703704,0.16578703703703704,0.042407407407407414,0.042407407407407414,0.010416666666666666,0.010416666666666666,89.25808665821042,120.0942244395158,322.10872811755223,456.79860877984555,0.16187962962962962,0.11296296296296296,0.13318518518518518,0.24675925925925926,0.024166666666666666,0.12916666666666668,87.52351206326856,87.52351206326856,287.93852191297134,287.93852191297134,0.14560185185185184,0.14560185185185184,0.20601851851851852,0.20601851851851852,0.08333333333333333,0.08333333333333333,90.93013846698486,131.3717198862336,301.281997174834,458.3448496727548,0.1250925925925926,0.08101851851851852,0.341412037037037,0.48462962962962963,0.030833333333333334,0.11458333333333333,104.73011418523505,104.73011418523505,304.7583288741792,304.7583288741792,0.09231481481481481,0.09231481481481481,0.5000462962962963,0.5000462962962963,0.0,0.0,78.96802164600699,99.79980750263094,277.0369794227889,410.4681144451667,0.18867446393762183,0.14030214424951265,0.059941520467836254,0.16052631578947368,0.010000000000000002,0.06458333333333334,86.02194625536518,86.02194625536518,317.93192609411125,317.93192609411125,0.16739766081871343,0.16739766081871343,0.10194931773879141,0.10194931773879141,0.05416666666666667,0.05416666666666667,80.60075847291498,104.96924330043909,285.31608958485685,424.514810174496,0.17625,0.12474279835390946,0.14828189300411523,0.288940329218107,0.014375,0.0875,102.33367567396887,102.33367567396887,441.03084150576865,441.03084150576865,0.1434670781893004,0.1434670781893004,0.2198559670781893,0.2198559670781893,0.022916666666666665,0.022916666666666665,77.25044737973349,110.04750888296863,256.02633235279166,391.36696388986434,0.15218171296296296,0.09496527777777779,0.33607638888888886,0.5175347222222222,0.009375,0.05625,62.97734240372334,62.97734240372334,190.09747603392245,190.09747603392245,0.11099537037037037,0.11099537037037037,0.6131365740740741,0.6131365740740741,0.0,0.0
Cogentco,hybrid_eho_aco,89.28707219716998,99.38693230809784,253.46463038364703,349.45199495723386,0.15935185185185186,0.11439814814814815,0.0,0.0,0.2486111111111111,0.33055555555555555,116.69523243417143,132.08289592895505,315.6106409441819,364.45460860498264,0.10683641975308641,0.044537037037037035,0.0,0.0,0.525,0.6791666666666667,78.7363108962286,96.32392082136288,286.2143023256985,410.6900238194806,0.18968518518518518,0.14703703703703705,0.05198611111111111,0.1513888888888889,0.005625000000000001,0.052083333333333336,82.11118035515237,82.11118035515237,286.52136856988295,286.52136856988295,0.16365740740740742,0.16365740740740742,0.044305555555555556,0.044305555555555556,0.00625,0.00625,85.85168108317063,113.61161351586425,320.4363915434982,455.2599008891183,0.16702777777777778,0.11722222222222221,0.13456944444444444,0.2488425925925926,0.022708333333333334,0.13125,84.11596720448276,84.11596720448276,288.4451801225985,288.4451801225985,0.13712962962962963,0.13712962962962963,0.21648148148148147,0.21648148148148147,0.07916666666666666,0.07916666666666666,88.02410191089447,127.43235103174344,298.9590049686383,458.45585612645004,0.12896759259259258,0.08324074074074074,0.3404351851851852,0.4730092592592593,0.025833333333333333,0.11666666666666667,107.87116707913181,107.87116707913181,305.78874628417424,305.78874628417424,0.09101851851851853,0.09101851851851853,0.4926388888888889,0.4926388888888889,0.0,0.0,75.96213553504217,95.21141557379138,271.741737247634,405.2013961609368,0.19448830409356727,0.14917153996101365,0.062451267056530216,0.16569200779727095,0.00875,0.06875,84.82814047408482,84.82814047408482,330.1210161602061,330.1210161602061,0.16520467836257308,0.16520467836257308,0.08986354775828459,0.08986354775828459,0.04791666666666667,0.04791666666666667,77.5208900233149,100.31374574288826,285.6910455520981,421.9094498688755,0.18238683127572014,0.12978395061728393,0.14708847736625513,0.28189300411522633,0.011458333333333333,0.06666666666666667,99.76752684986594,99.76752684986594,444.1691715885343,444.1691715885343,0.13389917695473252,0.13389917695473252,0.23786008230452674,0.23786008230452674,0.008333333333333333,0.008333333333333333,73.87783011970639,104.77040568321478,250.46959079605935,385.8865150419086,0.1590914351851852,0.10011574074074074,0.3313483796296296,0.4979166666666667,0.005833333333333334,0.035416666666666666,63.83125546234199,63.83125546234199,187.51466963841034,187.51466963841034,0.11012731481481482,0.11012731481481482,0.6179976851851852,0.6179976851851852,0.0,0.0
Cogentco,ilp_ckm,84.4949087158334,100.76485377165586,255.90684783598772,314.70938104334715,0.1375,0.07777777777777778,0.0,0.0,0.25,0.3333333333333333,123.2812751976301,155.28972133014685,331.52451278036546,406.45357324786823,0.09166666666666666,0.03333333333333333,0.0,0.0,0.4583333333333333,0.625,76.15850021128227,97.96664769429947,377.80282089490356,593.0592448230453,0.17111111111111113,0.13333333333333333,0.030000000000000006,0.05,0.0,0.0,63.589589054408954,63.589589054408954,257.2240604881562,257.2240604881562,0.18333333333333332,0.18333333333333332,0.044444444444444446,0.044444444444444446,0.0,0.0,80.78413345134153,131.2787252975114,296.2938126538255,468.29801878159867,0.13041666666666668,0.08333333333333333,0.1,0.16666666666666666,0.09375,0.25,63.3302917214696,63.3302917214696,242.50528573947182,242.50528573947182,0.18333333333333332,0.18333333333333332,0.1,0.1,0.0625,0.0625,89.50304339673342,116.92593785961844,351.90032848182443,528.6536352725064,0.10416666666666667,0.07222222222222222,0.26875,0.37777777777777777,0.0875,0.1875,80.39183478890402,80.39183478890402,280.9490289663236,280.9490289663236,0.11388888888888889,0.11388888888888889,0.3277777777777778,0.3277777777777778,0.0,0.0,64.79470381097215,75.14060818322449,282.0398360566711,426.23454214966864,0.16973684210526316,0.12280701754385964,0.05482456140350876,0.1695906432748538,0.05625,0.1875,58.58587840682932,58.58587840682932,228.78826812570148,228.78826812570148,0.19298245614035087,0.19298245614035087,0.04093567251461988,0.04093567251461988,0.0625,0.0625,71.87572516400043,85.6836615437886,295.73917044563143,386.6319633261191,0.14953703703703702,0.12345679012345678,0.08749999999999998,0.20987654320987653,0.056249999999999994,0.1875,61.71116393478074,61.71116393478074,229.68839688687385,229.68839688687385,0.1728395061728395,0.1728395061728395,0.17901234567901234,0.17901234567901234,0.0,0.0,69.44658328915018,91.11641314749669,278.46186516152693,438.23112422095784,0.14461805555555554,0.09027777777777778,0.2114583333333333,0.3402777777777778,0.05,0.125,72.56258686944929,72.56258686944929,280.94900536552353,280.94900536552353,0.13541666666666669,0.13541666666666669,0.2673611111111111,0.2673611111111111,0.0,0.0
Cogentco,kcenter,140.7943579307142,204.79428490202812,375.74715298049153,441.1029681238845,0.0625,0.03888888888888889,0.0,0.0,0.375,0.5833333333333333,185.30625639096044,297.39318162047965,400.99541843550446,496.557623857488,0.041666666666666664,0.022222222222222223,0.0,0.0,0.5625,0.75,128.78284151831386,157.0952531943876,427.6912643705163,640.1336139215061,0.07999999999999999,0.07222222222222222,0.020555555555555556,0.05,0.15625,0.375,119.34996244387071,119.34996244387071,379.244159569107,379.244159569107,0.08333333333333333,0.08333333333333333,0.044444444444444446,0.044444444444444446,0.0,0.0,124.33233874709344,164.88818878369602,398.6864423251809,572.043848053711,0.07111111111111111,0.05,0.15388888888888888,0.3611111111111111,0.08750000000000001,0.3125,106.6617935388022,106.6617935388022,346.0251618360156,346.0251618360156,0.08333333333333333,0.08333333333333333,0.22777777777777777,0.22777777777777777,0.0625,0.0625,120.92739626499225,154.22227585257804,397.68062241649693,553.3205305853445,0.07277777777777777,0.06111111111111111,0.29444444444444445,0.43333333333333335,0.1375,0.25,110.68006141476239,110.68006141476239,329.0324021368408,329.0324021368408,0.07777777777777778,0.07777777777777778,0.4666666666666667,0.4666666666666667,0.0,0.0,120.44979908589053,155.39348680974462,386.3417243472324,506.0726761606038,0.08421052631578947,0.08187134502923976,0.11988304093567251,0.38596491228070173,0.08125,0.25,101.56393081554279,101.56393081554279,302.8587152288386,302.8587152288386,0.08771929824561403,0.08771929824561403,0.04093567251461988,0.04093567251461988,0.125,0.125,126.1668530480942,170.69688963318612,378.7284007873343,516.0471933487315,0.08086419753086418,0.05555555555555555,0.13271604938271606,0.35802469135802467,0.10625000000000001,0.25,101.43475096934343,101.43475096934343,312.47851900016263,312.47851900016263,0.09259259259259259,0.09259259259259259,0.2654320987654321,0.2654320987654321,0.0625,0.0625,83.06300788201003,135.71483777139798,266.1070791171292,443.91182521175307,0.07708333333333332,0.05555555555555555,0.4145833333333334,0.6319444444444444,0.06875,0.1875,69.50154477819662,69.50154477819662,227.8020205762972,227.8020205762972,0.09027777777777778,0.09027777777777778,0.5555555555555556,0.5555555555555556,0.0,0.0
Cogentco,kmeans,131.14811966551574,159.75074904226773,333.70762006804205,368.4167322958943,0.06666666666666667,0.03888888888888889,0.0,0.0,0.31111111111111106,0.4111111111111111,171.7678001029987,229.21503904011595,369.5387733183727,432.9218601829533,0.044444444444444446,0.011111111111111112,0.0,0.0,0.5305555555555556,0.6833333333333333,118.56758050321375,152.6303268110948,363.21945960295227,470.43286613426335,0.08281481481481483,0.065,0.032018518518518516,0.095,0.07666666666666666,0.25416666666666665,104.79080407248524,104.79080407248524,349.8750281088829,349.8750281088829,0.08888888888888889,0.08888888888888889,0.044444444444444446,0.044444444444444446,0.0,0.0,143.41290552902814,225.8907715871873,404.5394783213073,559.3894350694013,0.0765,0.0574074074074074,0.0899074074074074,0.18351851851851853,0.1325,0.25,118.71072224434441,118.71072224434441,359.07937476673,359.07937476673,0.08888888888888889,0.08888888888888889,0.1,0.1,0.15833333333333333,0.15833333333333333,139.7945021986296,230.6843517678982,365.0714031622607,547.3025200608755,0.06624074074074074,0.04388888888888889,0.37162962962962964,0.7098148148148148,0.10895833333333332,0.20625,97.23664599431795,97.23664599431795,287.9769412471738,287.9769412471738,0.07777777777777778,0.07777777777777778,0.585925925925926,0.585925925925926,0.0,0.0,117.72420245018384,163.03168374291963,355.95100836104484,486.1614410464723,0.08736842105263157,0.0695906432748538,0.03582846003898635,0.08713450292397659,0.085625,0.22708333333333333,114.12666639878167,114.12666639878167,348.4198590532849,348.4198590532849,0.0935672514619883,0.0935672514619883,0.05847953216374269,0.05847953216374269,0.09583333333333334,0.09583333333333334,130.21939265843508,202.80449044158232,368.5715694030768,513.3986737779989,0.08522633744855966,0.062345679012345674,0.11129629629629628,0.3310699588477366,0.11729166666666666,0.225,113.72339548914853,113.72339548914853,365.42266541434753,365.42266541434753,0.09876543209876543,0.09876543209876543,0.10493827160493827,0.10493827160493827,0.0,0.0,117.51846281218984,214.6275921611603,312.3281945800802,534.178508357464,0.08104166666666666,0.052314814814814814,0.3899537037037037,0.7453703703703703,0.06645833333333333,0.17083333333333334,84.50080532016324,84.50080532016324,282.5295039312362,282.5295039312362,0.09722222222222222,0.09722222222222222,0.4930555555555556,0.4930555555555556,0.0,0.0
Cogentco,kmedian,84.99854085730892,101.59302657072539,253.70876149123433,314.70938104334715,0.14166666666666666,0.07777777777777778,0.0,0.0,0.3125,0.5,122.86746584132521,156.32064361495713,330.31530449430295,407.52405916511765,0.09444444444444446,0.03333333333333333,0.0,0.0,0.5208333333333334,0.75,78.38478660031845,99.07591570262518,373.64226361886153,589.0762560921312,0.17666666666666667,0.1388888888888889,0.030000000000000006,0.05,0.0,0.0,64.77426264374765,64.77426264374765,256.62050507175525,256.62050507175525,0.18888888888888888,0.18888888888888888,0.044444444444444446,0.044444444444444446,0.0,0.0,74.8146395135437,92.73841966049937,302.44016057565426,489.26369990022533,0.13833333333333334,0.10555555555555556,0.10777777777777778,0.2611111111111111,0.06875,0.1875,64.43739670394763,64.43739670394763,239.97179734579922,239.97179734579922,0.18888888888888888,0.18888888888888888,0.1,0.1,0.0625,0.0625,82.5172512580897,104.71946926751404,336.0313301887566,513.3249286118753,0.11277777777777778,0.08333333333333333,0.2761111111111111,0.35,0.05625,0.1875,88.65563763371783,88.65563763371783,280.42237382310236,280.42237382310236,0.07222222222222222,0.07222222222222222,0.45,0.45,0.0,0.0,64.47908170270989,84.92999429562316,285.7516099780255,443.78561628408704,0.18187134502923974,0.13450292397660818,0.05906432748538011,0.11695906432748537,0.03125,0.125,59.6596295140911,59.6596295140911,224.80528353415963,224.80528353415963,0.19883040935672514,0.19883040935672514,0.04093567251461988,0.04093567251461988,0.0625,0.0625,70.39323217963263,95.25777073513427,277.48284314208024,397.4568725117445,0.15864197530864194,0.09259259259259259,0.11604938271604937,0.2345679012345679,0.04375,0.125,62.96216174135766,62.96216174135766,224.80528353415963,224.80528353415963,0.1728395061728395,0.1728395061728395,0.17901234567901234,0.17901234567901234,0.0,0.0,70.22388062319033,113.1274274179975,266.796212948154,353.22648210330266,0.14305555555555557,0.08333333333333333,0.2986111111111111,0.4166666666666667,0.018750000000000003,0.125,67.51748436704955,67.51748436704955,280.4222220926506,280.4222220926506,0.13194444444444445,0.13194444444444445,0.3055555555555556,0.3055555555555556,0.0,0.0
Cogentco,pagerank,111.32909262918689,111.60680261610422,314.87400750552945,315.0389706928736,0.1388888888888889,0.1388888888888889,0.0,0.0,0.25,0.41666666666666663,118.89502810373286,139.3983767587649,323.1168989177034,364.33047545752015,0.11574074074074071,0.044444444444444446,0.0,0.0,0.5833333333333334,0.75,120.0610593056427,138.4960443459122,342.2746272240042,434.1627457367879,0.13555555555555557,0.12222222222222222,0.030000000000000006,0.05,0.0,0.0,125.30136644805334,125.30136644805334,339.78414094076624,339.78414094076624,0.08888888888888889,0.08888888888888889,0.044444444444444446,0.044444444444444446,0.0,0.0,115.07376896570636,150.5687073340189,327.72873402147366,524.2761931350269,0.11666666666666667,0.1,0.21000000000000002,0.5222222222222223,0.0,0.0,137.59461289295655,137.59461289295655,371.7158674364711,371.7158674364711,0.08888888888888889,0.08888888888888889,0.22777777777777777,0.22777777777777777,0.0625,0.0625,123.40289189844512,162.50430133745658,381.03160588096097,520.2635946901156,0.10611111111111111,0.08888888888888889,0.3894444444444444,0.6833333333333333,0.018750000000000003,0.1875,99.61257460012497,99.61257460012497,280.58689920629683,280.58689920629683,0.08333333333333333,0.08333333333333333,0.6222222222222222,0.6222222222222222,0.0,0.0,114.13737668863772,131.34300468980996,317.1611990340996,388.333753737953,0.13918128654970763,0.1286549707602339,0.11988304093567251,0.4444444444444444,0.0,0.0,137.22170941183083,137.22170941183083,371.71633183385205,371.71633183385205,0.0935672514619883,0.0935672514619883,0.04678362573099415,0.04678362573099415,0.0,0.0,122.30294859417377,185.17854531752567,378.2842625417494,666.2023929210889,0.12839506172839507,0.07407407407407407,0.1808641975308642,0.47530864197530864,0.0,0.0,134.98489230763064,134.98489230763064,371.7158507747525,371.7158507747525,0.09876543209876543,0.09876543209876543,0.3950617283950617,0.3950617283950617,0.0,0.0,89.2170019492007,120.49731175315081,255.20515418133198,388.5921695672305,0.13125,0.10416666666666667,0.42222222222222217,0.6319444444444444,0.0,0.0,101.50685179131031,101.50685179131031,280.58689798756836,280.58689798756836,0.09722222222222222,0.09722222222222222,0.5902777777777778,0.5902777777777778,0.0,0.0
Cogentco,pso,93.5103990708412,106.15036331531317,262.4020551014277,357.25694703817896,0.15605324074074073,0.10842592592592593,0.0,0.0,0.2472222222222222,0.3194444444444445,121.62726686582832,140.477486543669,325.24094804592676,376.0190674262039,0.10575617283950617,0.04199074074074074,0.0,0.0,0.5381944444444444,0.7375,83.547303618584,104.02558268990919,293.51742645109556,421.3863337221758,0.18337037037037038,0.14152777777777778,0.04956481481481481,0.1448148148148148,0.007916666666666667,0.06041666666666667,93.4706507871811,93.4706507871811,302.33979852785916,302.33979852785916,0.16694444444444442,0.16694444444444442,0.04078703703703704,0.04078703703703704,0.03125,0.03125,91.68030240944806,124.0147130160465,326.4661948469407,467.26213932871667,0.16041666666666668,0.11120370370370371,0.13187962962962962,0.25375,0.024583333333333336,0.13125,90.52217217583443,90.52217217583443,293.86425913900456,293.86425913900456,0.14800925925925926,0.14800925925925926,0.21263888888888888,0.21263888888888888,0.058333333333333334,0.058333333333333334,94.92884506113703,139.22252475369336,308.0361022370953,468.7424204888182,0.12457870370370369,0.07967592592592593,0.3355185185185185,0.49212962962962964,0.03291666666666667,0.12291666666666666,99.66391097847372,99.66391097847372,283.03160959139797,283.03160959139797,0.09203703703703704,0.09203703703703704,0.5263888888888889,0.5263888888888889,0.0,0.0,81.33476768486564,103.16548926974802,281.98269196709833,416.5791387686963,0.18826510721247564,0.1428849902534113,0.05826023391812865,0.14887914230019492,0.010416666666666666,0.06875,88.72022420960644,88.72022420960644,326.4578418536333,326.4578418536333,0.16866471734892788,0.16866471734892788,0.1334795321637427,0.1334795321637427,0.06041666666666667,0.06041666666666667,83.53712162448001,111.43360273937004,293.2516842357596,434.6039476380202,0.17530349794238684,0.12258230452674897,0.14533436213991768,0.28374485596707816,0.015833333333333335,0.09166666666666666,103.77171734495256,103.77171734495256,429.54081675238814,429.54081675238814,0.14763374485596706,0.14763374485596706,0.2388888888888889,0.2388888888888889,0.020833333333333332,0.020833333333333332,79.10248356725994,111.85065546519354,258.46123917934545,399.8352951479767,0.15287615740740743,0.09699074074074074,0.3369212962962963,0.5215856481481481,0.009166666666666667,0.04791666666666667,65.88743949011338,65.88743949011338,194.89890054111729,194.89890054111729,0.11429398148148148,0.11429398148148148,0.591087962962963,0.591087962962963,0.0,0.0
Cogentco,random,94.74360350046048,107.0916709838849,260.9052852170339,349.2476240470351,0.13909722222222223,0.09935185185185186,0.0,0.0,0.24999999999999997,0.3333333333333333,120.15391865575647,136.91068097107706,315.0909353448557,363.0169125617003,0.09425154320987654,0.043611111111111114,0.0,0.0,0.5125,0.6875,87.02206766357081,112.08664214021809,294.51936012327803,417.81408530567546,0.1640740740740741,0.12333333333333334,0.051375,0.15064814814814817,0.007500000000000001,0.0625,92.26370673711423,92.26370673711423,294.42653710524587,294.42653710524587,0.14634259259259258,0.14634259259259258,0.0425,0.0425,0.022916666666666665,0.022916666666666665,94.74712414399126,126.76289645570641,327.98241379642315,464.8799035686146,0.14317129629629627,0.09791666666666667,0.14075462962962962,0.26949074074074075,0.028125,0.12916666666666668,97.54536300444933,97.54536300444933,317.0777816304906,317.0777816304906,0.11916666666666666,0.11916666666666666,0.23310185185185184,0.23310185185185184,0.07708333333333334,0.07708333333333334,95.26314920899112,139.6544962033867,304.5535945463996,464.0777399262237,0.11050462962962963,0.06537037037037037,0.3621111111111111,0.5270370370370371,0.035,0.12083333333333333,102.58122530310185,102.58122530310185,298.19222387633073,298.19222387633073,0.07763888888888888,0.07763888888888888,0.565324074074074,0.565324074074074,0.0,0.0,84.1039897064879,108.55202849290744,281.8269063512732,418.3609432744661,0.16596491228070176,0.12339181286549708,0.06972222222222223,0.18304093567251462,0.009583333333333334,0.06666666666666667,89.59369013295905,89.59369013295905,323.0592243652327,323.0592243652327,0.14502923976608184,0.14502923976608184,0.12894736842105262,0.12894736842105262,0.04791666666666667,0.04791666666666667,86.00888810996986,114.73565172158825,287.32102855691033,429.71455079231777,0.1544701646090535,0.1043724279835391,0.16416666666666666,0.3191872427983539,0.01625,0.07916666666666666,105.93785619920126,105.93785619920126,424.7192536655002,424.7192536655002,0.11748971193415637,0.11748971193415637,0.28009259259259256,0.28009259259259256,0.014583333333333334,0.014583333333333334,79.59929372065216,113.59120816136995,256.62227747237534,403.50758113245513,0.13648148148148148,0.08761574074074074,0.3612152777777778,0.544675925925926,0.010833333333333334,0.0625,68.0038033572264,68.0038033572264,182.34439046251407,182.34439046251407,0.08530092592592592,0.08530092592592592,0.6618055555555556,0.6618055555555556,0.0,0.0
Cogentco,sa,92.84553861061637,105.44234026353048,260.3016158270595,348.0670544989528,0.1506712962962963,0.10754629629629629,0.0,0.0,0.2513888888888889,0.33888888888888885,118.65123861914414,136.62139605803722,316.6899006583001,362.5628359941318,0.1033719135802469,0.04671296296296296,0.0,0.0,0.53125,0.7375,83.42755285245703,103.3023998118433,292.1246266527852,415.26934670355155,0.17632870370370368,0.13569444444444442,0.0510787037037037,0.14833333333333334,0.006041666666666667,0.05416666666666667,87.5624079153089,87.5624079153089,284.629795855665,284.629795855665,0.1612037037037037,0.1612037037037037,0.04212962962962963,0.04212962962962963,0.0020833333333333333,0.0020833333333333333,90.7230927934139,121.28702154145864,323.4721382257413,458.4786452210514,0.15454166666666666,0.10574074074074073,0.1358287037037037,0.25569444444444445,0.019375,0.10416666666666667,90.08959058600337,90.08959058600337,303.19720785672433,303.19720785672433,0.1408333333333333,0.1408333333333333,0.22537037037037036,0.22537037037037036,0.08125,0.08125,91.80919517997671,133.56165235036718,302.6729796526726,461.07480390935586,0.12005092592592592,0.07763888888888888,0.34831944444444446,0.4985648148148148,0.022708333333333334,0.10208333333333333,104.63261413345188,104.63261413345188,303.31963251462037,303.31963251462037,0.08856481481481482,0.08856481481481482,0.5267592592592593,0.5267592592592593,0.0,0.0,80.9939440314017,101.86179359565027,279.5178469129313,408.4439875864206,0.18061403508771928,0.13845029239766082,0.0646783625730994,0.16885964912280702,0.006458333333333333,0.052083333333333336,89.47409974256645,89.47409974256645,327.49200108681697,327.49200108681697,0.1596491228070175,0.1596491228070175,0.13065302144249513,0.13065302144249513,0.04791666666666667,0.04791666666666667,83.08512794755748,109.76948855810457,291.5626190209676,433.1617011626585,0.16715534979423868,0.11682098765432097,0.15015946502057612,0.2956275720164609,0.010416666666666666,0.06458333333333334,107.76530137099817,107.76530137099817,448.7800921506419,448.7800921506419,0.1406378600823045,0.1406378600823045,0.24711934156378598,0.24711934156378598,0.004166666666666667,0.004166666666666667,77.88836578759229,109.88778381980788,257.8817534926759,401.05946726087353,0.14667824074074073,0.09450231481481482,0.34434606481481483,0.5208912037037037,0.005833333333333334,0.04375,66.86077695585776,66.86077695585776,198.38307688938005,198.38307688938005,0.10353009259259259,0.10353009259259259,0.6294560185185186,0.6294560185185186,0.0,0.0
Geant2012,aco,8.572102768653021,9.643182065571104,22.963236870080994,26.569532404772886,0.9715090090090092,0.9495495495495496,0.0,0.0,0.3069444444444444,0.4,10.368237768285065,12.270018049137793,25.673721533428754,30.397810354030355,0.929391891891892,0.8632882882882883,0.0,0.0,0.586111111111111,0.625,8.059002804815597,9.559582620148488,23.738017548834556,31.58632310285373,0.9573198198198198,0.8972972972972973,0.009054054054054054,0.03288288288288289,0.0016666666666666668,0.016666666666666666,10.273009488511862,10.273009488511862,31.793622491804417,31.793622491804417,0.8792792792792793,0.8792792792792793,0.0,0.0,0.0,0.0,8.830981796138717,11.120187640267394,26.60407021532472,36.3348417132399,0.9195045045045045,0.8254504504504505,0.01988738738738739,0.05585585585585586,0.003958333333333334,0.035416666666666666,10.531531193294162,10.531531193294162,32.74431677419706,32.74431677419706,0.8466216216216217,0.8466216216216217,0.025675675675675677,0.025675675675675677,0.0125,0.0125,10.316366742624727,13.614190381082421,32.11680102206238,48.04069663312164,0.8297072072072073,0.7141891891891893,0.054459459459459465,0.1283783783783784,0.025833333333333333,0.1375,13.670538044870142,13.670538044870142,38.741315948514526,38.741315948514526,0.6759009009009009,0.6759009009009009,0.10495495495495495,0.10495495495495495,0.022916666666666665,0.022916666666666665,7.718773604243749,9.31911587650328,23.388400125190476,34.15848390508246,0.9629761904761905,0.8964285714285715,0.011214285714285713,0.05047619047619047,0.004166666666666667,0.03125,9.823782319903078,9.823782319903078,31.217338846230916,31.217338846230916,0.8216666666666667,0.8216666666666667,0.060714285714285714,0.060714285714285714,0.03333333333333333,0.03333333333333333,8.157956467872483,10.635618762298341,26.41391517714429,43.49653636159619,0.9290909090909091,0.8323232323232322,0.025277777777777777,0.0893939393939394,0.009166666666666667,0.05,12.298011805399627,12.298011805399627,35.48656641750771,35.48656641750771,0.7416666666666667,0.7416666666666667,0.07803030303030303,0.07803030303030303,0.058333333333333334,0.058333333333333334,8.29855500689868,11.81915951205456,28.327174507913693,51.29187903537845,0.8826944444444444,0.7533333333333334,0.059416666666666666,0.16694444444444445,0.011458333333333333,0.06875,14.141746309019842,14.141746309019842,50.59171572901443,50.59171572901443,0.6,0.6,0.20833333333333334,0.20833333333333334,0.03333333333333333,0.03333333333333333
Geant2012,eho,8.667430305706612,9.591513437829452,23.31474081932766,26.438451291209798,0.9688063063063063,0.9488738738738739,0.0,0.0,0.3048611111111111,0.40555555555555556,10.503939442878004,12.54692838454817,25.96275719182653,30.721606230382992,0.9233858858858859,0.8477477477477477,0.0,0.0,0.5881944444444444,0.6416666666666667,8.152998764081834,9.645601660358512,24.126466806285467,31.92700527505385,0.9536036036036036,0.8907657657657658,0.009144144144144144,0.03333333333333333,0.0010416666666666667,0.010416666666666666,10.366225779131339,10.366225779131339,31.948049366067092,31.948049366067092,0.8759009009009009,0.8759009009009009,0.0,0.0,0.0,0.0,8.915333400720339,11.108668642732244,26.895220801981502,36.37902243210604,0.9161486486486488,0.8240990990990991,0.019662162162162163,0.055180180180180186,0.007083333333333333,0.05416666666666667,11.090480598007478,11.090480598007478,34.78600061497743,34.78600061497743,0.8304054054054055,0.8304054054054055,0.022972972972972974,0.022972972972972974,0.022916666666666665,0.022916666666666665,10.4887215879426,13.79185254448874,32.55125165997286,47.746911581843044,0.8234684684684684,0.7112612612612613,0.05439189189189189,0.12747747747747748,0.023958333333333335,0.11666666666666667,14.526563925574573,14.526563925574573,41.32659562754592,41.32659562754592,0.6635135135135136,0.6635135135135136,0.10157657657657658,0.10157657657657658,0.04791666666666667,0.04791666666666667,7.86147119347299,9.542406176457074,23.759927867915586,34.594601593870216,0.9569047619047619,0.8823809523809524,0.011642857142857144,0.053809523809523814,0.003958333333333334,0.027083333333333334,10.177741832296995,10.177741832296995,30.736702284415294,30.736702284415294,0.8207142857142856,0.8207142857142856,0.048095238095238094,0.048095238095238094,0.016666666666666666,0.016666666666666666,8.26986456871032,10.671545112604642,26.735567655809785,44.77183535438242,0.9243181818181818,0.8257575757575758,0.025176767676767676,0.08914141414141415,0.006875,0.0375,12.92021137288558,12.92021137288558,39.6550609623457,39.6550609623457,0.7323232323232323,0.7323232323232323,0.0787878787878788,0.0787878787878788,0.052083333333333336,0.052083333333333336,8.450441186873515,11.87602054838415,28.79050999690214,50.70395022148628,0.8781111111111112,0.7480555555555556,0.058027777777777775,0.16833333333333333,0.012291666666666668,0.06041666666666667,14.814793472003766,14.814793472003766,51.126278656819956,51.126278656819956,0.5913888888888889,0.5913888888888889,0.2038888888888889,0.2038888888888889,0.03125,0.03125
Geant2012,ga,8.513952170771766,9.621137997938114,22.764065555473838,26.417844202227208,0.9722972972972973,0.9518018018018019,0.0,0.0,0.29583333333333334,0.3888888888888889,10.206158122092416,12.06314753861024,25.39466438543791,29.830241426233762,0.9336711711711713,0.870945945945946,0.0,0.0,0.5777777777777777,0.625,8.063941802761581,9.566457078629403,23.616226025159996,31.40326315136123,0.9568243243243244,0.890990990990991,0.009166666666666667,0.03333333333333333,0.0004166666666666667,0.004166666666666667,10.29689333453171,10.29689333453171,31.605649115782047,31.605649115782047,0.8754504504504504,0.8754504504504504,0.0,0.0,0.0,0.0,8.80754446571101,11.074475791956672,26.39803114991295,35.9671811322746,0.920810810810811,0.825,0.019954954954954956,0.055180180180180186,0.0027083333333333334,0.022916666666666665,10.653735067189855,10.653735067189855,33.10047418120455,33.10047418120455,0.840990990990991,0.840990990990991,0.025,0.025,0.00625,0.00625,10.26515887024686,13.483669528920142,31.863743158484983,46.85506941431364,0.8306756756756758,0.7200450450450451,0.0554954954954955,0.12905405405405407,0.015833333333333335,0.09166666666666666,13.945500304275605,13.945500304275605,38.988039136653974,38.988039136653974,0.6720720720720721,0.6720720720720721,0.10112612612612612,0.10112612612612612,0.05416666666666667,0.05416666666666667,7.713609772417721,9.255663933822563,23.043889482664973,33.411587728393016,0.964047619047619,0.8957142857142857,0.01076190476190476,0.047380952380952385,0.004375,0.029166666666666667,10.097129234045271,10.097129234045271,32.13904978860287,32.13904978860287,0.8169047619047619,0.8169047619047619,0.05452380952380952,0.05452380952380952,0.035416666666666666,0.035416666666666666,8.164157768466623,10.885556960710687,26.001346535053546,42.75841800719122,0.9297222222222222,0.821969696969697,0.024393939393939395,0.08813131313131313,0.007291666666666667,0.04791666666666667,13.146731944257668,13.146731944257668,39.02478404319777,39.02478404319777,0.7343434343434344,0.7343434343434344,0.07323232323232325,0.07323232323232325,0.06041666666666667,0.06041666666666667,8.357307818036452,11.708811973716731,27.83652761913121,49.000944488075895,0.882888888888889,0.7480555555555556,0.056666666666666664,0.1675,0.012083333333333333,0.0625,15.3865063679657,15.3865063679657,56.095783671387046,56.095783671387046,0.6019444444444445,0.6019444444444445,0.185,0.185,0.052083333333333336,0.052083333333333336
Geant2012,hybrid_eho_aco,8.540124134929927,9.595028654778202,22.987636647331005,26.484664816750985,0.9721283783783785,0.9522522522522523,0.0,0.0,0.3069444444444444,0.40555555555555556,10.276010933127846,12.145372062529418,25.594813754425996,30.13091034173677,0.9310435435435436,0.8648648648648649,0.0,0.0,0.5784722222222223,0.625,8.050301009484388,9.523106713646566,23.771975251167284,31.626964459789246,0.9576801801801802,0.8981981981981982,0.009031531531531531,0.03288288288288289,0.0025,0.025,10.328401619329917,10.328401619329917,32.251261723971695,32.251261723971695,0.8734234234234234,0.8734234234234234,0.0,0.0,0.0,0.0,8.757881209022248,10.92154006902621,26.484463222315817,36.111867991956196,0.9222747747747747,0.8295045045045045,0.01975225225225225,0.054954954954954956,0.007500000000000001,0.052083333333333336,10.541224558465599,10.541224558465599,33.067219375119194,33.067219375119194,0.8432432432432433,0.8432432432432433,0.025675675675675677,0.025675675675675677,0.004166666666666667,0.004166666666666667,10.275607767004981,13.511470669212878,32.22526493563122,48.13756854089037,0.830427927927928,0.7204954954954955,0.05531531531531532,0.12590090090090092,0.017291666666666667,0.1,13.523685716564723,13.523685716564723,38.494064034158285,38.494064034158285,0.680855855855856,0.680855855855856,0.10135135135135136,0.10135135135135136,0.04583333333333333,0.04583333333333333,7.754668297530218,9.438766168093315,23.453760752544333,34.59721969897439,0.9622380952380953,0.89,0.010547619047619049,0.04833333333333333,0.005208333333333333,0.04375,10.044149452043303,10.044149452043303,32.47999621205902,32.47999621205902,0.8157142857142857,0.8157142857142857,0.056666666666666664,0.056666666666666664,0.029166666666666667,0.029166666666666667,8.11328223777148,10.530065797582479,26.13748558694157,42.48166237966995,0.9291414141414142,0.8275252525252526,0.02595959595959596,0.09343434343434344,0.005,0.03333333333333333,13.215599058101422,13.215599058101422,39.53649821287842,39.53649821287842,0.7335858585858586,0.7335858585858586,0.07297979797979798,0.07297979797979798,0.04583333333333333,0.04583333333333333,8.409058482205733,12.136444114334683,28.510624033284373,52.333668159708814,0.8813055555555557,0.7497222222222223,0.05647222222222222,0.16527777777777777,0.010416666666666666,0.06041666666666667,15.221397195010828,15.221397195010828,56.371425099183426,56.371425099183426,0.6016666666666667,0.6016666666666667,0.18944444444444444,0.18944444444444444,0.035416666666666666,0.035416666666666666
Geant2012,ilp_ckm,7.906372845499092,8.906684527198802,21.440916996473053,26.00954965519799,0.9831081081081081,0.9527027027027027,0.0,0.0,0.3125,0.5,10.438319770292358,15.41182364457755,25.7667830488093,35.216400549138044,0.9132882882882885,0.7162162162162162,0.0,0.0,0.6041666666666667,0.75,7.178679651465195,9.360842080194974,23.91556397660026,34.40939155736367,0.9695945945945946,0.8716216216216217,0.002702702702702703,0.02702702702702703,0.0,0.0,9.248167385408937,9.248167385408937,31.098185178715053,31.098185178715053,0.8918918918918919,0.8918918918918919,0.0,0.0,0.0,0.0,7.731497307210113,9.262221950953611,26.800709910831777,34.26453886618058,0.941891891891892,0.8851351351351351,0.013513513513513514,0.05405405405405406,0.0,0.0,9.347014478055646,9.347014478055646,31.098142858103003,31.098142858103003,0.8648648648648649,0.8648648648648649,0.02702702702702703,0.02702702702702703,0.0,0.0,9.110149050152092,13.539630125770886,34.60324465489826,49.54006263378534,0.8662162162162163,0.7905405405405406,0.05405405405405406,0.08108108108108109,0.0,0.0,11.12402136683072,11.12402136683072,36.118858467492345,36.118858467492345,0.7364864864864865,0.7364864864864865,0.10810810810810811,0.10810810810810811,0.0,0.0,6.698256014135305,7.606617933527277,20.13724862126805,25.156635995516815,0.9821428571428572,0.9142857142857143,0.012142857142857143,0.05714285714285714,0.0,0.0,8.236739012285426,8.236739012285426,30.44619705539352,30.44619705539352,0.8428571428571429,0.8428571428571429,0.06428571428571428,0.06428571428571428,0.0,0.0,6.3589145059032415,7.455291032975662,19.90359674309524,25.965952230524447,0.9492424242424242,0.7878787878787878,0.04015151515151515,0.21212121212121213,0.0,0.0,7.949419004122615,7.949419004122615,23.802447713459507,23.802447713459507,0.8333333333333334,0.8333333333333334,0.10606060606060606,0.10606060606060606,0.0,0.0,6.164380905138162,7.630874208952427,19.682507564109187,27.72114646369243,0.9175000000000001,0.775,0.06916666666666665,0.21666666666666667,0.0,0.0,7.669512224410411,7.669512224410411,25.808488166679794,25.808488166679794,0.7333333333333333,0.7333333333333333,0.19166666666666668,0.19166666666666668,0.0,0.0
Geant2012,kcenter,12.628456113111605,17.2608795447061,28.510054198274844,31.36372212373411,0.820945945945946,0.6351351351351351,0.0,0.0,0.3333333333333333,0.41666666666666663,15.451667346687644,22.05244896793034,30.78150938821221,39.732299858649675,0.7027027027027027,0.3986486486486487,0.0,0.0,0.5625,0.75,11.840761422800986,14.760011877602611,29.649083022966238,46.43037832755965,0.8297297297297298,0.7162162162162162,0.002702702702702703,0.02702702702702703,0.0,0.0,14.683415339820863,14.683415339820863,46.24802784321686,46.24802784321686,0.7297297297297297,0.7297297297297297,0.0,0.0,0.0,0.0,12.748930931608635,14.886582310399069,35.7241784756014,45.93766003650073,0.7837837837837838,0.6891891891891893,0.010810810810810811,0.05405405405405406,0.03125,0.3125,14.702415996374238,14.702415996374238,48.173741073653396,48.173741073653396,0.7162162162162162,0.7162162162162162,0.02702702702702703,0.02702702702702703,0.0,0.0,13.567223396024346,18.59281872144924,38.99291154042897,61.423023668550975,0.7493243243243244,0.6351351351351351,0.02972972972972973,0.05405405405405406,0.15625,0.3125,16.769048483137578,16.769048483137578,52.29362517213884,52.29362517213884,0.6216216216216216,0.6216216216216216,0.10810810810810811,0.10810810810810811,0.0,0.0,11.46780928579439,12.947902257018626,29.079540018949082,38.98737634380707,0.8257142857142856,0.7571428571428571,0.011428571428571429,0.02857142857142857,0.018750000000000003,0.1875,12.271911932506702,12.271911932506702,34.479652389531466,34.479652389531466,0.7571428571428571,0.7571428571428571,0.08571428571428572,0.08571428571428572,0.0,0.0,11.201155563370229,13.89650074608942,29.77499668262858,43.707638832412464,0.8227272727272728,0.696969696969697,0.02727272727272727,0.09090909090909091,0.0625,0.25,16.391968497872575,16.391968497872575,56.81474220791162,56.81474220791162,0.696969696969697,0.696969696969697,0.09090909090909091,0.09090909090909091,0.0,0.0,10.948049267314492,13.656265655060691,34.10406542985398,54.374478785773135,0.79,0.6583333333333333,0.06333333333333332,0.13333333333333333,0.056249999999999994,0.25,11.47187310076953,11.47187310076953,45.29962951102027,45.29962951102027,0.6749999999999999,0.6749999999999999,0.16666666666666666,0.16666666666666666,0.1875,0.1875
Geant2012,kmeans,9.853141565407093,11.341093560310048,25.736483006108166,27.712799769904862,0.9427364864864866,0.9186936936936937,0.0,0.0,0.37361111111111106,0.5,11.80525966379394,14.674474907593208,27.39309605836211,30.528688915792447,0.9084084084084084,0.8536036036036037,0.0,0.0,0.579861111111111,0.8708333333333333,9.321493131577663,10.864366594060703,27.263680994565387,37.14151754061418,0.9205180180180181,0.8527027027027027,0.009009009009009009,0.03333333333333333,0.0006250000000000001,0.00625,10.990781665391616,10.990781665391616,40.348661270550785,40.348661270550785,0.827027027027027,0.827027027027027,0.0,0.0,0.0,0.0,10.116423342307389,12.85699399548152,30.47454016862412,42.09396962539085,0.8793918918918919,0.7596846846846846,0.01954954954954955,0.05315315315315316,0.005,0.04375,10.920608595362854,10.920608595362854,40.62329595247512,40.62329595247512,0.8018018018018017,0.8018018018018017,0.02702702702702703,0.02702702702702703,0.0,0.0,11.74034047856163,16.114910849293768,36.16974616797832,53.505467724208415,0.7852927927927928,0.6418918918918919,0.05594594594594595,0.13873873873873874,0.019375,0.13541666666666666,20.02746194639133,20.02746194639133,46.89381969760565,46.89381969760565,0.44752252252252256,0.44752252252252256,0.08558558558558559,0.08558558558558559,0.15625,0.15625,9.060701475074184,11.348013168199962,27.12256035126116,38.78403769119391,0.9188095238095237,0.825952380952381,0.012857142857142857,0.05904761904761904,0.0006250000000000001,0.00625,13.098702764681835,13.098702764681835,43.34131316593129,43.34131316593129,0.7866666666666667,0.7866666666666667,0.0038095238095238095,0.0038095238095238095,0.0,0.0,9.70662080183601,14.211827907772316,30.84488750221428,52.714919997888416,0.8809343434343435,0.7441919191919192,0.028181818181818183,0.1,0.004791666666666667,0.04375,21.66876776217761,21.66876776217761,77.8710350097337,77.8710350097337,0.6196969696969696,0.6196969696969696,0.12121212121212123,0.12121212121212123,0.0,0.0,10.035743818311367,16.366108760772867,33.45250933706096,60.082403329499435,0.8332222222222222,0.6763888888888889,0.06122222222222222,0.1711111111111111,0.014375,0.10416666666666667,12.38185302481593,12.38185302481593,38.86153373302162,38.86153373302162,0.6330555555555556,0.6330555555555556,0.20666666666666667,0.20666666666666667,0.05416666666666667,0.05416666666666667
Geant2012,kmedian,9.186731029171874,11.572924985678437,24.7905951387538,29.68408468594898,0.9442567567567568,0.8716216216216216,0.0,0.0,0.29166666666666663,0.41666666666666663,10.98016252893717,13.14269995525903,26.82098414465744,30.186426753842994,0.9166666666666666,0.8445945945945946,0.0,0.0,0.5625,0.875,8.227953504440642,9.517970988569653,25.802399450863206,39.93204418282618,0.95,0.8851351351351351,0.002702702702702703,0.02702702702702703,0.0,0.0,10.14941996473314,10.14941996473314,37.772104839806055,37.772104839806055,0.8918918918918919,0.8918918918918919,0.0,0.0,0.0,0.0,9.33402313943514,11.115072237788038,30.000523784074804,39.2714442558837,0.9027027027027028,0.7972972972972973,0.013513513513513514,0.05405405405405406,0.0,0.0,10.678331535369239,10.678331535369239,37.88470873264252,37.88470873264252,0.8310810810810811,0.8310810810810811,0.02702702702702703,0.02702702702702703,0.0,0.0,10.910660559836092,15.792700979465241,36.32528303419052,50.5380841635572,0.8081081081081082,0.722972972972973,0.05405405405405406,0.08108108108108109,0.0,0.0,15.851674065606392,15.851674065606392,40.305895909112,40.305895909112,0.6148648648648649,0.6148648648648649,0.05405405405405406,0.05405405405405406,0.125,0.125,8.300998151959426,9.75003587901149,25.299125266554398,30.861025303193387,0.937857142857143,0.8571428571428571,0.005714285714285714,0.02857142857142857,0.0,0.0,8.62018158841516,8.62018158841516,27.689492138001377,27.689492138001377,0.8214285714285714,0.8214285714285714,0.08571428571428572,0.08571428571428572,0.0,0.0,7.931032008077036,10.107738988566226,25.054260284619037,30.861026467467298,0.9106060606060606,0.7196969696969697,0.03939393939393939,0.24242424242424243,0.0,0.0,12.249918965623149,12.249918965623149,51.000503442287894,51.000503442287894,0.7651515151515151,0.7651515151515151,0.09090909090909091,0.09090909090909091,0.0,0.0,8.801861224385675,12.3586487975454,28.17733069632092,43.913439069022076,0.8400000000000001,0.6416666666666666,0.06666666666666667,0.26666666666666666,0.0125,0.125,16.188872922037838,16.188872922037838,67.52325953698204,67.52325953698204,0.6166666666666667,0.6166666666666667,0.16666666666666666,0.16666666666666666,0.0,0.0
Geant2012,pagerank,8.346489076003433,9.656211277449355,20.382345502361208,26.08980279204954,0.9864864864864865,0.9459459459459459,0.0,0.0,0.3125,0.5,9.544875273472243,10.602058989569173,23.28370750477853,27.874478582586033,0.963963963963964,0.9459459459459459,0.0,0.0,0.5208333333333333,0.625,7.963494009164474,9.228530867826427,21.8569053672094,28.55685855120916,0.9743243243243245,0.9054054054054054,0.002702702702702703,0.02702702702702703,0.0625,0.0625,9.558574531688729,9.558574531688729,29.046794706411077,29.046794706411077,0.9324324324324325,0.9324324324324325,0.0,0.0,0.0625,0.0625,8.836666787499393,9.99441214141227,25.687053354211095,33.173543854946246,0.9331081081081083,0.8175675675675675,0.013513513513513514,0.05405405405405406,0.0625,0.0625,10.028154893195188,10.028154893195188,29.159367434474458,29.159367434474458,0.8783783783783784,0.8783783783783784,0.02702702702702703,0.02702702702702703,0.0625,0.0625,9.676791489241822,11.326297442403948,32.46198036104818,47.57874141407074,0.8560810810810812,0.7567567567567568,0.05405405405405406,0.08108108108108109,0.05625,0.0625,15.807248140592105,15.807248140592105,46.21523782389045,46.21523782389045,0.6486486486486487,0.6486486486486487,0.05405405405405406,0.05405405405405406,0.1875,0.1875,7.756133274587631,9.881884370392594,22.368421504682093,32.400086460021264,0.9721428571428572,0.8999999999999999,0.008571428571428572,0.02857142857142857,0.05,0.0625,9.831506482708663,9.831506482708663,32.400086460021264,32.400086460021264,0.7857142857142858,0.7857142857142858,0.08571428571428572,0.08571428571428572,0.0625,0.0625,7.79503496145708,10.075740321913937,24.011977059506904,29.04676084671953,0.9075757575757577,0.7272727272727273,0.06666666666666667,0.24242424242424243,0.01875,0.0625,10.512053020533127,10.512053020533127,43.976742141602514,43.976742141602514,0.803030303030303,0.803030303030303,0.09090909090909091,0.09090909090909091,0.0625,0.0625,7.850663644758715,9.983569499728283,24.250030469373268,33.536499821730146,0.8666666666666668,0.7333333333333333,0.08333333333333334,0.2,0.05,0.125,7.425988682750809,7.425988682750809,24.98527632968566,24.98527632968566,0.8,0.8,0.16666666666666666,0.16666666666666666,0.0625,0.0625
Geant2012,pso,8.662004389333676,9.730250643874221,22.928310728768732,26.611218088606073,0.9667792792792793,0.9434684684684685,0.0,0.0,0.2909722222222222,0.38055555555555554,10.423363394607268,12.319461159721122,25.64982293949862,30.071344445761877,0.9259009009009009,0.8599099099099099,0.0,0.0,0.5791666666666667,0.6291666666666667,8.165885967648832,9.697522217418719,23.72112668582691,31.504228923962202,0.9526576576576578,0.8871621621621623,0.009076576576576576,0.03333333333333333,0.0014583333333333332,0.010416666666666666,10.284673736794794,10.284673736794794,31.933956319972527,31.933956319972527,0.8774774774774774,0.8774774774774774,0.0,0.0,0.0,0.0,8.891346063865864,11.135181953682558,26.547428767653642,36.15021065544406,0.9173873873873875,0.8240990990990991,0.019572072072072073,0.054954954954954956,0.005625000000000001,0.041666666666666664,10.772535209536072,10.772535209536072,33.85132900754688,33.85132900754688,0.8387387387387388,0.8387387387387388,0.023423423423423424,0.023423423423423424,0.0125,0.0125,10.346848906547569,13.677819788632442,31.9654994555636,46.59358963058534,0.8268918918918919,0.7155405405405406,0.05533783783783784,0.13085585585585585,0.01625,0.0875,14.071415412393346,14.071415412393346,40.5249268978714,40.5249268978714,0.670045045045045,0.670045045045045,0.10067567567567569,0.10067567567567569,0.035416666666666666,0.035416666666666666,7.80276025731723,9.428321229467826,23.211436833544273,34.56301695674771,0.9595,0.8892857142857142,0.010857142857142859,0.050238095238095234,0.0022916666666666667,0.014583333333333334,10.080974207612654,10.080974207612654,32.25682943462813,32.25682943462813,0.8216666666666667,0.8216666666666667,0.052142857142857144,0.052142857142857144,0.027083333333333334,0.027083333333333334,8.295653174073855,11.050152451225923,26.44369530595476,44.23984186967877,0.9244696969696969,0.820959595959596,0.02492424242424242,0.08863636363636364,0.010416666666666666,0.052083333333333336,12.87439512343419,12.87439512343419,39.98951863777623,39.98951863777623,0.7424242424242424,0.7424242424242424,0.07525252525252527,0.07525252525252527,0.052083333333333336,0.052083333333333336,8.476578448711855,12.353661475287241,28.453188333904354,51.00884622631665,0.8779444444444445,0.7372222222222222,0.057499999999999996,0.16166666666666665,0.0125,0.07708333333333334,14.860516196735585,14.860516196735585,52.699796854282525,52.699796854282525,0.6113888888888889,0.6113888888888889,0.19,0.19,0.05625,0.05625
Geant2012,random,8.7473293370015,9.67471122228771,23.493298298077825,26.674401914560566,0.9688626126126126,0.946846846846847,0.0,0.0,0.31111111111111106,0.4166666666666667,10.589347522167133,12.662483135267932,26.096627372542347,30.89113627220193,0.9233483483483483,0.847072072072072,0.0,0.0,0.59375,0.6708333333333333,8.223588466017231,9.74622851409042,24.264139747505677,32.382416447151286,0.9527702702702704,0.8887387387387388,0.008941441441441442,0.03310810810810811,0.004166666666666667,0.035416666666666666,10.34685633158911,10.34685633158911,32.2158398598332,32.2158398598332,0.8756756756756757,0.8756756756756757,0.0,0.0,0.0,0.0,8.986177132016017,11.133332970826508,27.25332751493725,36.90153158045505,0.9150675675675676,0.822072072072072,0.019707207207207207,0.05450450450450451,0.006875,0.04375,11.4551501823279,11.4551501823279,36.47598186095156,36.47598186095156,0.8186936936936937,0.8186936936936937,0.019594594594594596,0.019594594594594596,0.0375,0.0375,10.595150494961436,14.250347272294903,33.01472823659074,48.91421747285728,0.8214864864864865,0.7056306306306307,0.05378378378378379,0.1256756756756757,0.023333333333333334,0.125,15.2372679731174,15.2372679731174,43.452789971000094,43.452789971000094,0.6545045045045046,0.6545045045045046,0.09391891891891892,0.09391891891891892,0.07083333333333333,0.07083333333333333,7.9192525944054095,9.666438366550581,23.841113187827034,34.56516388822433,0.9554285714285714,0.879047619047619,0.011976190476190475,0.054047619047619046,0.006458333333333333,0.04583333333333333,10.553561488366626,10.553561488366626,32.47900722713311,32.47900722713311,0.8278571428571428,0.8278571428571428,0.03523809523809524,0.03523809523809524,0.0,0.0,8.375196013453694,11.171773887750327,27.003011676282412,45.150899723433845,0.9208838383838384,0.8118686868686869,0.02606060606060606,0.09393939393939395,0.012708333333333332,0.05416666666666667,13.207786642038919,13.207786642038919,44.21281683602959,44.21281683602959,0.7303030303030303,0.7303030303030303,0.07828282828282829,0.07828282828282829,0.058333333333333334,0.058333333333333334,8.542766239385013,12.196349390733442,29.327320536969488,53.62909299789869,0.8730555555555556,0.7366666666666667,0.059666666666666666,0.17416666666666666,0.01625,0.075,15.18525561706536,15.18525561706536,51.36010904140544,51.36010904140544,0.5902777777777778,0.5902777777777778,0.19916666666666666,0.19916666666666666,0.027083333333333334,0.027083333333333334
Geant2012,sa,8.590313034342097,9.604655916137636,23.496764559741774,26.713641676521092,0.9729166666666668,0.9547297297297297,0.0,0.0,0.3055555555555555,0.41388888888888886,10.361850464527764,12.35371148872223,26.002008115807538,30.828750072426413,0.928978978978979,0.857882882882883,0.0,0.0,0.5819444444444444,0.625,8.083714786383167,9.537958176682519,24.205273511988707,32.090303321963546,0.9594594594594595,0.8970720720720721,0.009054054054054054,0.03288288288288289,0.0022916666666666667,0.01875,10.385987036703604,10.385987036703604,32.04854462032467,32.04854462032467,0.8707207207207207,0.8707207207207207,0.0,0.0,0.0,0.0,8.84519783057473,11.147773523018708,26.89704977944507,36.605000860787435,0.9214189189189189,0.825900900900901,0.01990990990990991,0.05563063063063064,0.003958333333333333,0.03125,10.772885583967497,10.772885583967497,33.71775236560763,33.71775236560763,0.8367117117117118,0.8367117117117118,0.02477477477477478,0.02477477477477478,0.020833333333333332,0.020833333333333332,10.384468881505795,13.892216151539204,32.338273962700114,48.12795871256459,0.8287162162162163,0.7153153153153153,0.055067567567567574,0.13018018018018018,0.018125000000000002,0.09791666666666667,13.937664857101204,13.937664857101204,39.19881481133542,39.19881481133542,0.6711711711711712,0.6711711711711712,0.10495495495495495,0.10495495495495495,0.03125,0.03125,7.797304963751453,9.505108609480196,23.913403373412063,35.57473520758759,0.9636904761904762,0.8902380952380952,0.010714285714285714,0.04833333333333333,0.0022916666666666667,0.014583333333333334,10.161712569839407,10.161712569839407,32.02373752225154,32.02373752225154,0.8169047619047619,0.8169047619047619,0.05523809523809523,0.05523809523809523,0.0,0.0,8.286117059955567,10.874917845627728,27.125602120029093,44.59672201205794,0.9251515151515152,0.8239898989898989,0.025782828282828282,0.09242424242424244,0.003958333333333334,0.027083333333333334,13.838834824672071,13.838834824672071,42.118500347829276,42.118500347829276,0.7257575757575758,0.7257575757575758,0.07222222222222222,0.07222222222222222,0.03958333333333333,0.03958333333333333,8.37110356550082,11.979371889611706,28.162691742738225,50.551880861649565,0.8813888888888889,0.7466666666666666,0.059388888888888894,0.17666666666666667,0.010208333333333335,0.04375,15.413188879091122,15.413188879091122,58.11995020410744,58.11995020410744,0.6033333333333333,0.6033333333333333,0.1825,0.1825,0.020833333333333332,0.020833333333333332
Kdl,aco,31.243773042303545,33.89636943187198,82.19469263301274,91.89135021178436,0.313501998119417,0.2894922425952045,0.0,0.0,0.34375,0.4111111111111111,39.116363964213434,41.532357632211074,96.80952543774536,105.00298439083068,0.2116635323616988,0.18199341795956744,0.0,0.0,0.6006944444444444,0.625,33.401384405392974,42.98044778603934,151.45418252882843,225.88549024244867,0.3354102021626704,0.27430653502585806,0.05314174894217207,0.13587212035731078,0.005208333333333333,0.03958333333333333,39.11600348480625,39.11600348480625,95.9638356286566,95.9638356286566,0.21023742360131642,0.21023742360131642,0.026057827926657263,0.026057827926657263,0.14375,0.14375,38.54140943711864,54.19041708799588,159.47973592942472,252.57868477671406,0.2679078514339445,0.1983192289609779,0.17796426892336623,0.30045839210155145,0.024583333333333336,0.11666666666666667,85.39451239500627,85.39451239500627,316.95540142532417,316.95540142532417,0.13287494123178187,0.13287494123178187,0.09880112834978844,0.09880112834978844,0.16041666666666668,0.16041666666666668,32.83822374866268,48.32112351616592,106.22106460049112,165.3885123112112,0.16767395392571696,0.10984955336154208,0.5550094029149036,0.7099200752233192,0.010208333333333335,0.0625,58.468213493604814,58.468213493604814,150.69283905285315,150.69283905285315,0.07174424071462153,0.07174424071462153,0.4655618241654913,0.4655618241654913,0.05416666666666667,0.05416666666666667,33.714141421281944,44.321133939011865,150.0329470650293,238.5144301436985,0.34128214638971316,0.2786473788328388,0.053487883283877345,0.13194856577645894,0.005416666666666667,0.041666666666666664,74.6177858542091,74.6177858542091,309.61627905653864,309.61627905653864,0.18553412462908012,0.18553412462908012,0.04247032640949555,0.04247032640949555,0.058333333333333334,0.058333333333333334,36.13289491715609,52.22452617331576,143.79992319006064,229.80838007332704,0.28228840125391846,0.20975705329153607,0.20486154649947752,0.3616248693834901,0.015625,0.07083333333333333,68.40946739831504,68.40946739831504,248.54963264807157,248.54963264807157,0.14278996865203764,0.14278996865203764,0.1250783699059561,0.1250783699059561,0.14791666666666667,0.14791666666666667,27.340183881396758,42.49151115323223,88.18609535224515,142.29609214880577,0.1881114050558495,0.11962081128747795,0.588559670781893,0.7622574955908289,0.002916666666666667,0.025,34.217547493184234,34.217547493184234,87.5508310472871,87.5508310472871,0.06413874191651969,0.06413874191651969,0.7835243974132863,0.7835243974132863,0.0020833333333333333,0.0020833333333333333
Kdl,eho,31.625451272934797,34.75053472531844,83.4110827778064,92.55208320236056,0.30905030559473434,0.2821814762576399,0.0,0.0,0.3458333333333333,0.40555555555555556,39.448834129942206,42.272510321777524,97.23014181114974,106.2212858016016,0.20987697853001094,0.17656323460272685,0.0,0.0,0.5888888888888889,0.6333333333333333,34.18848590553795,43.55631257489655,152.5676486331334,225.40299451347082,0.3255218617771509,0.2626704278326281,0.05291960507757405,0.13535496003761166,0.008333333333333333,0.06458333333333334,39.67933581682689,39.67933581682689,97.1452414027232,97.1452414027232,0.21100141043723555,0.21100141043723555,0.02597555242125059,0.02597555242125059,0.10208333333333333,0.10208333333333333,39.720164024228886,56.14501360621005,161.18910426162608,251.50873818588028,0.2575434884814293,0.18544898918664784,0.17847907851433945,0.3053126469205454,0.03229166666666667,0.15833333333333333,81.00860025939821,81.00860025939821,315.6830497270661,315.6830497270661,0.13522566995768687,0.13522566995768687,0.09603902209685003,0.09603902209685003,0.17708333333333334,0.17708333333333334,33.69446452765475,51.53063082744828,106.10798273325352,166.78512818541498,0.15917959567465917,0.10016455101081335,0.5642007522331923,0.7287846732487071,0.012083333333333333,0.07083333333333333,58.002287016279716,58.002287016279716,147.0840247189213,147.0840247189213,0.07570521861777152,0.07570521861777152,0.47103902209685,0.47103902209685,0.05625,0.05625,34.81963302279053,48.659043113413624,149.31290700683329,235.85143453525782,0.3305489614243324,0.25969337289812067,0.05684718100890208,0.14368199802176065,0.0125,0.09583333333333334,74.00042338299791,74.00042338299791,320.456441284625,320.456441284625,0.17915430267062316,0.17915430267062316,0.04103610286844708,0.04103610286844708,0.08541666666666667,0.08541666666666667,37.620741712216166,54.54511917073558,147.18314084027165,238.8397972690517,0.26758881922675026,0.190033960292581,0.21139759665621732,0.373628526645768,0.020208333333333335,0.09791666666666667,76.37040787701986,76.37040787701986,216.96865236441752,216.96865236441752,0.11127220480668756,0.11127220480668756,0.17874869383490072,0.17874869383490072,0.13125,0.13125,27.656638653966844,42.29834602262101,87.20920645661955,139.27220669865073,0.17738389182833628,0.106466784244562,0.6039800117577895,0.787580834803057,0.0018750000000000001,0.0125,35.849546112693496,35.849546112693496,87.22645045996076,87.22645045996076,0.05238095238095238,0.05238095238095238,0.7988683127572016,0.7988683127572016,0.0020833333333333333,0.0020833333333333333
Kdl,ga,31.264015875127832,34.65742112757916,83.11588822296078,93.42349415577273,0.31353432063939823,0.28557827926657264,0.0,0.0,0.34236111111111106,0.4111111111111111,39.49819452816781,42.71420321859137,98.32255322042599,106.9067545016621,0.2124431907224573,0.17806770098730607,0.0,0.0,0.5902777777777778,0.6291666666666667,33.60297178730389,42.69902585179322,152.8957972510035,227.8245457938662,0.33355077574047953,0.2706393982134462,0.051258815232722146,0.12746826516220028,0.011458333333333333,0.07291666666666667,38.67074511419451,38.67074511419451,98.16726335012126,98.16726335012126,0.22357780912082745,0.22357780912082745,0.02609308885754584,0.02609308885754584,0.13541666666666666,0.13541666666666666,39.0473694160936,54.730295189092764,160.70438312136028,253.98055089086608,0.26716502115655855,0.2005171603196991,0.17396920545369063,0.29572167371885283,0.028125,0.14166666666666666,77.8616194261841,77.8616194261841,325.1441608669695,325.1441608669695,0.13996238834038552,0.13996238834038552,0.09972966619652092,0.09972966619652092,0.125,0.125,33.35563174270315,50.75697936656213,106.02693430829763,167.48342459619957,0.16543723554301834,0.10765162200282088,0.557301363422661,0.7198871650211565,0.013958333333333333,0.075,59.129283677579004,59.129283677579004,148.93698085083912,148.93698085083912,0.07803244005641749,0.07803244005641749,0.4314527503526093,0.4314527503526093,0.058333333333333334,0.058333333333333334,33.89610709127564,45.80771105871016,149.35405462381556,235.65365111203852,0.340175568743818,0.2727373887240356,0.05279920870425322,0.12903066271018793,0.007083333333333333,0.05625,68.9707054809161,68.9707054809161,305.7441143517063,305.7441143517063,0.20140949554896143,0.20140949554896143,0.04066518298714144,0.04066518298714144,0.04583333333333333,0.04583333333333333,36.94910761080104,53.283236111513446,145.26345762608065,233.34550208505465,0.27939524555903866,0.20215517241379308,0.2048262800417973,0.3625130616509927,0.023125,0.10833333333333334,66.13819008282098,66.13819008282098,265.3698621114067,265.3698621114067,0.14634273772204806,0.14634273772204806,0.13547544409613374,0.13547544409613374,0.12708333333333333,0.12708333333333333,27.58632501222082,43.80467950948958,87.4516767684692,144.3917435329656,0.18842445620223397,0.11738683127572017,0.5867151675485008,0.7646384479717814,0.003125,0.027083333333333334,39.40754764031981,39.40754764031981,102.21840178770071,102.21840178770071,0.07062022339800117,0.07062022339800117,0.7272927689594356,0.7272927689594356,0.0,0.0
Kdl,hybrid_eho_aco,31.122775241322568,33.91534491097257,82.3728175300692,91.76323814440677,0.315235660554772,0.291560883874001,0.0,0.0,0.3409722222222222,0.40555555555555556,39.020881655934964,41.47077452663819,96.86308577098653,104.95790978414882,0.21333254975709134,0.18349788434414668,0.0,0.0,0.5979166666666667,0.6291666666666667,33.4620073078948,43.19063311589698,151.14328098922996,227.42155133544458,0.3376351669017395,0.2740949694405266,0.052067465914433474,0.13066525622943112,0.005,0.03333333333333333,38.81067611330001,38.81067611330001,95.94623030331577,95.94623030331577,0.21496238834038553,0.21496238834038553,0.02621062529384109,0.02621062529384109,0.16041666666666668,0.16041666666666668,38.52511993758374,53.31151355466791,159.84303813795853,252.775195921353,0.27003055947343674,0.20003526093088858,0.17550658204043254,0.2964386459802539,0.024583333333333336,0.12291666666666666,81.52732665582313,81.52732665582313,323.3630320871511,323.3630320871511,0.1322402444757875,0.1322402444757875,0.09796661965209214,0.09796661965209214,0.16666666666666666,0.16666666666666666,32.78993005418637,49.85350721330361,105.30700324940311,164.5845099692791,0.1694922425952045,0.11110719322990127,0.5566690173953925,0.7183474377056888,0.010833333333333334,0.06666666666666667,58.84107241790459,58.84107241790459,149.95910634407863,149.95910634407863,0.07503526093088858,0.07503526093088858,0.44311236483309824,0.44311236483309824,0.05625,0.05625,33.779219285305565,45.57467251084702,150.3946196451937,238.3031128571671,0.3444114737883284,0.2800074183976261,0.05359421364985163,0.1350024727992087,0.006458333333333333,0.052083333333333336,71.47314148858759,71.47314148858759,309.2376628253914,309.2376628253914,0.19112265084075172,0.19112265084075172,0.041617210682492585,0.041617210682492585,0.027083333333333334,0.027083333333333334,36.4933111014818,52.92080923456002,146.6164515637818,240.36104523581997,0.2821682340647858,0.2026253918495298,0.20516065830721003,0.367358934169279,0.018541666666666668,0.08125,67.02611217827031,67.02611217827031,260.2824315168935,260.2824315168935,0.1408176593521421,0.1408176593521421,0.13167450365726227,0.13167450365726227,0.15625,0.15625,27.112064419346606,42.492769831874696,86.74477515901489,138.27493180826266,0.18930041152263372,0.11988536155202821,0.5924970605526162,0.7711346266901823,0.0025000000000000005,0.022916666666666665,38.09631445283837,38.09631445283837,97.89540807645992,97.89540807645992,0.06740152851263963,0.06740152851263963,0.7564961787184009,0.7564961787184009,0.0020833333333333333,0.0020833333333333333
Kdl,kcenter,48.2749261542976,67.48612422401644,111.55392976710247,148.12499777894504,0.12076868829337094,0.056417489421720736,0.0,0.0,0.35416666666666663,0.5833333333333333,59.08615831289141,76.38980316502048,124.28696288490372,157.1699148805347,0.08362717442407147,0.02679830747531735,0.0,0.0,0.5833333333333334,0.75,53.50663495993585,69.97083413837264,188.58179801806003,309.0083832653513,0.1311706629055007,0.10260930888575459,0.04033850493653032,0.07898448519040903,0.0,0.0,47.007550745600035,47.007550745600035,108.0753104586728,108.0753104586728,0.11107193229901269,0.11107193229901269,0.02679830747531735,0.02679830747531735,0.0,0.0,56.096940286476105,66.44510153456393,208.948939618039,287.50124132341125,0.11889985895627644,0.0930888575458392,0.1613540197461213,0.41889985895627646,0.0875,0.1875,60.08252288964218,60.08252288964218,290.48697814022137,290.48697814022137,0.09308885754583922,0.09308885754583922,0.10155148095909731,0.10155148095909731,0.0,0.0,41.598757588423,56.299188633653216,112.71872056691693,194.9497116299341,0.08251057827926657,0.05500705218617771,0.6239774330042313,0.8081805359661495,0.04375,0.125,49.75539450370039,49.75539450370039,112.09232452466185,112.09232452466185,0.06346967559943582,0.06346967559943582,0.5077574047954866,0.5077574047954866,0.0,0.0,51.590845503533174,60.26875160377852,183.58987253628223,243.23771574544048,0.1326038575667656,0.1005192878338279,0.02863501483679525,0.04896142433234421,0.0,0.0,61.690598267249214,61.690598267249214,288.05770253393314,288.05770253393314,0.12203264094955489,0.12203264094955489,0.03560830860534125,0.03560830860534125,0.0,0.0,54.851807231832886,73.17394094120735,164.42344992161304,294.8530927114898,0.11739811912225706,0.07288401253918496,0.18996865203761754,0.32601880877742945,0.09375,0.25,53.99916187119889,53.99916187119889,185.505456351941,185.505456351941,0.09678683385579936,0.09678683385579936,0.07836990595611286,0.07836990595611286,0.0,0.0,31.220401391738015,37.30547219344969,73.46308023168835,93.19425615398006,0.09506172839506173,0.06525573192239859,0.6839506172839507,0.8783068783068783,0.0125,0.125,42.88048909130221,42.88048909130221,109.36606562522476,109.36606562522476,0.10934744268077601,0.10934744268077601,0.42504409171075835,0.42504409171075835,0.0,0.0
Kdl,kmeans,32.20838811181362,36.57716087683009,86.97500790971937,95.8312088489122,0.2894922425952045,0.24400564174894218,0.0,0.0,0.31249999999999994,0.5,39.71787932985753,48.43111185996918,98.54250197747332,104.49805565412275,0.2058062999529854,0.153737658674189,0.0,0.0,0.5833333333333334,0.625,36.045868320831985,44.80194340347951,159.32979128146155,229.64397687919592,0.2855923836389281,0.22617536436295252,0.05409026798307475,0.14071462153267514,0.00875,0.07291666666666667,38.847727665663385,38.847727665663385,98.35643321053031,98.35643321053031,0.16995768688293372,0.16995768688293372,0.02679830747531735,0.02679830747531735,0.0,0.0,42.33384392811215,60.57769475181113,167.12373817223528,255.06272594424055,0.22330865068171135,0.15548895157498824,0.1855571227080395,0.33323930418429715,0.040625,0.17916666666666667,67.55555663068165,67.55555663068165,311.7695351366798,311.7695351366798,0.12059238363892806,0.12059238363892806,0.1001410437235543,0.1001410437235543,0.125,0.125,34.48221138336474,56.55778265353596,106.91125672531442,182.04513993841726,0.14196403385049366,0.08620122237893747,0.586111894687353,0.7533615420780443,0.009166666666666667,0.058333333333333334,54.37561602440517,54.37561602440517,142.1469717759209,142.1469717759209,0.057122708039492244,0.057122708039492244,0.3638928067700987,0.3638928067700987,0.0625,0.0625,36.62989845758815,49.61149116151032,164.34015782717304,243.8709864857923,0.29706478733926805,0.23694362017804155,0.05826409495548961,0.15489614243323443,0.011666666666666667,0.08333333333333333,66.4203130918592,66.4203130918592,316.33615859499355,316.33615859499355,0.1580118694362018,0.1580118694362018,0.04747774480712166,0.04747774480712166,0.0,0.0,38.54254907501807,54.30824746086669,150.77835833025335,225.1260697554671,0.24336598746081506,0.17961076280041796,0.2218495297805643,0.4098223615464995,0.0175,0.09791666666666667,42.93377215219898,42.93377215219898,159.1490902654979,159.1490902654979,0.16692789968652036,0.16692789968652036,0.3103448275862069,0.3103448275862069,0.0,0.0,28.235746284321188,44.592951126648224,86.53674142356837,143.98813010579855,0.15873015873015872,0.09487066431510875,0.6240035273368606,0.8052322163433274,0.0016666666666666668,0.0125,32.61084896070609,32.61084896070609,75.30926691721743,75.30926691721743,0.059964726631393295,0.059964726631393295,0.7954144620811288,0.7954144620811288,0.0,0.0
Kdl,kmedian,29.1852655604132,34.73826215538507,80.76359322277789,96.5358768192755,0.359132581100141,0.3145275035260931,0.0,0.0,0.2708333333333333,0.5,37.64361305011611,39.928822483827645,98.35954001147519,108.59590749443363,0.2452397743300423,0.21015514809590974,0.0,0.0,0.5416666666666667,0.75,32.01827958812055,42.11458288158043,159.9898373127046,262.57872691441173,0.405148095909732,0.3427362482369535,0.04033850493653032,0.07898448519040903,0.0,0.0,34.466775666801226,34.466775666801226,100.80735255622446,100.80735255622446,0.27609308885754585,0.27609308885754585,0.02679830747531735,0.02679830747531735,0.0,0.0,37.00919645342182,46.53318005767546,183.50783304627456,295.3457071588266,0.3146685472496474,0.2351904090267983,0.13653032440056417,0.19464033850493653,0.025,0.0625,55.420357732980506,55.420357732980506,305.72654434690236,305.72654434690236,0.20557122708039494,0.20557122708039494,0.10155148095909731,0.10155148095909731,0.0,0.0,31.333552507161357,42.935146489060735,114.09572809338053,187.02257348373044,0.1912200282087447,0.12976022566995768,0.5445698166431593,0.6544428772919605,0.0,0.0,63.12299091727305,63.12299091727305,152.02489292080844,152.02489292080844,0.1071932299012694,0.1071932299012694,0.2073342736248237,0.2073342736248237,0.125,0.125,30.94745374384419,40.377977965821714,135.20465730371396,196.11951239508062,0.39536350148367955,0.353486646884273,0.03531157270029674,0.06528189910979229,0.0,0.0,53.74171350896451,53.74171350896451,296.30448091533634,296.30448091533634,0.3097181008902077,0.3097181008902077,0.025222551928783383,0.025222551928783383,0.0,0.0,32.21537897413752,37.93679837076008,133.86909737216843,186.16020866167585,0.32276645768025086,0.2836990595611285,0.16677115987460817,0.38087774294670845,0.0375,0.125,53.56059575395538,53.56059575395538,286.04771610024875,286.04771610024875,0.20963949843260188,0.20963949843260188,0.10344827586206896,0.10344827586206896,0.0,0.0,23.126472371656476,32.747844816584504,87.39626464848598,161.75716624748455,0.22892416225749562,0.1675485008818342,0.5701940035273368,0.7671957671957672,0.0,0.0,48.80283965237814,48.80283965237814,137.72586196075162,137.72586196075162,0.13580246913580246,0.13580246913580246,0.4426807760141093,0.4426807760141093,0.0625,0.0625
Kdl,pagerank,33.891628802307864,40.39221258263518,93.6123632147063,107.15529659241068,0.27609308885754585,0.23025387870239775,0.0,0.0,0.3333333333333333,0.5,42.793043287745185,47.48737466665858,105.2714704142155,116.85971790598691,0.1910554771979313,0.15056417489421722,0.0,0.0,0.5416666666666666,0.75,40.250686611017954,53.93319533446285,174.8602721919442,272.2937307437669,0.28794076163610716,0.23519040902679833,0.04033850493653032,0.07898448519040903,0.0,0.0,33.472102051070294,33.472102051070294,100.58605347032284,100.58605347032284,0.28843441466854725,0.28843441466854725,0.02679830747531735,0.02679830747531735,0.0,0.0,43.054210704115626,64.40707497257279,190.37757393543995,316.8700275017018,0.23959802538787023,0.2189703808180536,0.12750352609308885,0.19464033850493653,0.05,0.125,55.453113763485824,55.453113763485824,317.24170540526393,317.24170540526393,0.23730606488011283,0.23730606488011283,0.10155148095909731,0.10155148095909731,0.0,0.0,37.44119023245447,61.400799953457984,116.71381650841761,189.0020020307437,0.16572637517630465,0.1227080394922426,0.5287729196050777,0.6488011283497884,0.025,0.125,49.04070667596939,49.04070667596939,132.44598909902228,132.44598909902228,0.14950634696755993,0.14950634696755993,0.2143864598025388,0.2143864598025388,0.0625,0.0625,37.06581345079268,54.82104917781425,141.29623550824354,252.13174900825268,0.2846810089020772,0.2503709198813056,0.04688427299703264,0.17210682492581603,0.018750000000000003,0.125,56.21098254764456,56.21098254764456,308.88724990300443,308.88724990300443,0.267433234421365,0.267433234421365,0.040059347181008904,0.040059347181008904,0.0,0.0,43.34990105064153,54.683759849549794,184.4668888608885,306.39187242308947,0.2317398119122257,0.1865203761755486,0.1793103448275862,0.3338557993730408,0.025,0.125,42.68434062153821,42.68434062153821,191.30066281341468,191.30066281341468,0.22452978056426331,0.22452978056426331,0.3103448275862069,0.3103448275862069,0.0,0.0,23.145598447970073,37.31317224308506,79.93694441000176,138.25177671967867,0.18395061728395065,0.08818342151675485,0.6495590828924163,0.855379188712522,0.0,0.0,48.45048543984474,48.45048543984474,139.63562823382279,139.63562823382279,0.15343915343915343,0.15343915343915343,0.48677248677248675,0.48677248677248675,0.0,0.0
Kdl,pso,32.48093863510403,36.49886060834456,85.06807342048046,96.35295345867617,0.29689409967089797,0.26591443347437704,0.0,0.0,0.34791666666666665,0.4111111111111111,40.95425304622219,44.51910970043593,100.38578656203103,109.75215385856453,0.20071893120200596,0.16133051245886226,0.0,0.0,0.5916666666666667,0.6375,35.533210674962895,46.15943530668677,154.93369756278108,228.07286398986497,0.3141666666666667,0.2544781382228491,0.05057475317348378,0.1247179125528914,0.016041666666666666,0.1,38.217661772434546,38.217661772434546,96.51122129493551,96.51122129493551,0.2252350728725905,0.2252350728725905,0.026151857075693462,0.026151857075693462,0.06458333333333334,0.06458333333333334,41.25233878356478,57.72853287208204,164.87782340718184,255.8017288076632,0.2508086506817113,0.18267512929007992,0.1740220968500235,0.3028561354019746,0.048125,0.17708333333333334,82.07158129320922,82.07158129320922,316.29731842817733,316.29731842817733,0.13664786083685942,0.13664786083685942,0.11257639868359191,0.11257639868359191,0.1125,0.1125,34.86267567442569,54.30755086504705,108.04319569310847,170.37530363696823,0.15624588622472968,0.10008227550540667,0.567326046074283,0.7304654442877292,0.018333333333333333,0.08541666666666667,57.877853301129896,57.877853301129896,145.1090612589875,145.1090612589875,0.07447108603667137,0.07447108603667137,0.47333098260460743,0.47333098260460743,0.06458333333333334,0.06458333333333334,35.82532510745175,48.7426386542046,152.50459590711503,234.75651782248266,0.3201520771513353,0.25128585558852623,0.053259149357072204,0.13717853610286845,0.01375,0.1,68.64556183678052,68.64556183678052,316.43162562755805,316.43162562755805,0.19256923837784373,0.19256923837784373,0.041295746785361034,0.041295746785361034,0.05,0.05,39.351612399967294,58.716464592331455,150.28535700130087,241.55582282720619,0.2620924764890282,0.18573667711598746,0.20253918495297807,0.36345350052246606,0.029791666666666668,0.1125,74.71660526830156,74.71660526830156,245.41170611065743,245.41170611065743,0.1308385579937304,0.1308385579937304,0.14096133751306167,0.14096133751306167,0.11041666666666666,0.11041666666666666,28.14465814914635,44.895895395462496,86.50810222861783,141.6342466615907,0.17377278071722516,0.106114050558495,0.6078600823045267,0.7937977660199882,0.004166666666666667,0.035416666666666666,36.47528519262226,36.47528519262226,91.20111417912584,91.20111417912584,0.06238977072310405,0.06238977072310405,0.7511316872427983,0.7511316872427983,0.0,0.0
Kdl,random,32.28573634507914,35.610481179743125,84.34720158034612,93.59694826190228,0.2968588387400094,0.2686530324400564,0.0,0.0,0.34375,0.4083333333333333,39.855350647958375,42.98039708898491,97.40379898157488,106.92317456517848,0.20221947970537532,0.16871180065820407,0.0,0.0,0.59375,0.6666666666666666,35.4092283592835,45.69507105070664,153.3854071170078,225.60740131243654,0.31144452280206864,0.24380582980724025,0.05217442407146215,0.13343911612599907,0.011041666666666667,0.075,39.685226105798925,39.685226105798925,97.02667533224671,97.02667533224671,0.20789844851904088,0.20789844851904088,0.026151857075693462,0.026151857075693462,0.075,0.075,40.413744537735674,55.29512595361875,161.65500746975675,251.59745508952398,0.24578044193700047,0.17716267042783265,0.17854137282557592,0.3114950634696756,0.029791666666666668,0.14166666666666666,81.01864244144645,81.01864244144645,324.3081216411923,324.3081216411923,0.13174659144334744,0.13174659144334744,0.09201927597555243,0.09201927597555243,0.175,0.175,34.91761508093074,53.70712185755247,107.63487549580769,169.80405012117913,0.1516807710390221,0.09169017395392572,0.5702527033380348,0.7471086036671368,0.013333333333333334,0.075,60.85838152288784,60.85838152288784,153.1450514216199,153.1450514216199,0.07907851433944522,0.07907851433944522,0.4273742360131641,0.4273742360131641,0.06666666666666667,0.06666666666666667,35.86503748176844,48.677845082471364,152.77746734857791,237.4122901136166,0.3153041543026706,0.24729228486646884,0.055195351137487636,0.1447082096933729,0.011041666666666667,0.075,75.33365575237538,75.33365575237538,326.04206646419476,326.04206646419476,0.17571711177052424,0.17571711177052424,0.04012116716122651,0.04012116716122651,0.075,0.075,38.674872068093876,56.042045359282085,149.0948161191576,239.1762513261692,0.25588166144200625,0.1808516196447231,0.21726880877742946,0.3832419017763845,0.021249999999999998,0.09791666666666667,73.12034388931089,73.12034388931089,212.5535849931961,212.5535849931961,0.11391065830721003,0.11391065830721003,0.20278213166144202,0.20278213166144202,0.11458333333333333,0.11458333333333333,28.44261449900389,44.13628600175829,87.18272261447494,137.04743811531029,0.168940329218107,0.10023515579071134,0.6114711934156378,0.8018518518518518,0.0016666666666666668,0.014583333333333334,38.42991405532322,38.42991405532322,94.7639627005097,94.7639627005097,0.05348324514991181,0.05348324514991181,0.7984567901234567,0.7984567901234567,0.004166666666666667,0.004166666666666667
Kdl,sa,31.192981281986366,33.54046718899695,82.1504995399782,90.75354329405596,0.3107105077574048,0.29176069581570285,0.0,0.0,0.33611111111111114,0.41388888888888886,39.074175039653106,41.25762889131915,96.62406102160989,104.09653139989715,0.2092971321109544,0.1829807240244476,0.0,0.0,0.6,0.625,33.332995752088955,42.5848445930948,152.59547707087984,228.2502883453214,0.33467442407146214,0.26988716502115656,0.053836389280677015,0.1371885284438176,0.004166666666666667,0.029166666666666667,39.19140255813532,39.19140255813532,93.11397822818638,93.11397822818638,0.20681711330512456,0.20681711330512456,0.026198871650211564,0.026198871650211564,0.23958333333333334,0.23958333333333334,38.35830371855963,52.83413822887778,160.30035304827825,255.1763336893442,0.26791842971321106,0.19909496944052657,0.1794652092148566,0.29896567936060175,0.022708333333333334,0.11458333333333333,82.83796554541502,82.83796554541502,318.5099916447312,318.5099916447312,0.1306064880112835,0.1306064880112835,0.10041137752703339,0.10041137752703339,0.18958333333333333,0.18958333333333333,32.83650783435323,49.394187491110635,105.53442958961939,164.94028780655154,0.1661542078044194,0.10776915843911612,0.5588328631875882,0.7122943112364833,0.007916666666666667,0.05,56.72848588243267,56.72848588243267,150.03188716159198,150.03188716159198,0.07612834978843441,0.07612834978843441,0.43370944992947813,0.43370944992947813,0.0625,0.0625,33.54510857203082,44.61596879354737,150.25620643796069,238.14705543962725,0.3410101384767557,0.27832591493570724,0.05403684470820969,0.1365603363006924,0.005625000000000001,0.05,75.18379983595749,75.18379983595749,320.9088261980154,320.9088261980154,0.18176310583580613,0.18176310583580613,0.044448565776458955,0.044448565776458955,0.0020833333333333333,0.0020833333333333333,36.41072730097608,52.71830515617139,144.4551055878934,233.8498331166622,0.2789015151515152,0.1984717868338558,0.20758620689655174,0.3660005224660397,0.016041666666666666,0.07083333333333333,67.22899115122398,67.22899115122398,269.1374021184589,269.1374021184589,0.1407262277951933,0.1407262277951933,0.12396812957157784,0.12396812957157784,0.17708333333333334,0.17708333333333334,27.368882737972854,42.729316251320604,87.40064978290691,140.39893460202802,0.18698412698412697,0.11769547325102879,0.5910023515579071,0.7701793062904174,0.002916666666666667,0.027083333333333334,36.14549115082351,36.14549115082351,94.0557468485039,94.0557468485039,0.06618165784832451,0.06618165784832451,0.7824661963550852,0.7824661963550852,0.0020833333333333333,0.0020833333333333333
syn100,aco,22.430609299390902,26.798124977733963,59.25516024349961,74.87541955753623,0.5459791666666667,0.50575,0.0,0.0,0.26736111111111105,0.38611111111111107,34.98126173641184,53.146605408783564,83.77140327506172,130.802757372008,0.37486111111111114,0.3078333333333333,0.0,0.0,0.5631944444444446,0.75,16.37405812417927,17.502708402462794,41.72785807885975,50.51619355110228,0.6836,0.6416666666666667,0.009475,0.04416666666666667,0.012291666666666668,0.08333333333333333,16.433820047872693,16.433820047872693,40.9741193979868,40.9741193979868,0.6337499999999999,0.6337499999999999,0.08,0.08,0.10208333333333333,0.10208333333333333,16.86618511554029,18.598092239965517,44.23617725306856,57.26861757375887,0.656925,0.5999166666666667,0.023600000000000003,0.0755,0.029375,0.13541666666666666,18.19259819417583,18.19259819417583,44.19461626157236,44.19461626157236,0.55275,0.55275,0.08,0.08,0.10208333333333333,0.10208333333333333,17.733501609738887,20.356660815290358,48.04593999154466,62.900674352211986,0.6066416666666666,0.5350833333333332,0.055308333333333334,0.14208333333333334,0.05083333333333333,0.15625,17.797379326998435,17.797379326998435,47.8859648733461,47.8859648733461,0.4058333333333334,0.4058333333333334,0.37733333333333335,0.37733333333333335,0.052083333333333336,0.052083333333333336,16.1586860303323,17.64381382301477,41.75305592369302,53.4144295763222,0.6887192982456141,0.6421052631578947,0.01933333333333333,0.07271929824561403,0.025625000000000002,0.1125,16.21196611900062,16.21196611900062,41.33974412871962,41.33974412871962,0.6915789473684211,0.6915789473684211,0.031578947368421054,0.031578947368421054,0.15,0.15,16.175735871337125,18.28112082752881,42.70739325580944,57.38245570462214,0.6698333333333333,0.6133333333333333,0.04359259259259259,0.1189814814814815,0.025,0.11041666666666666,15.129918440368876,15.129918440368876,37.39866513964223,37.39866513964223,0.6696296296296296,0.6696296296296296,0.09703703703703703,0.09703703703703703,0.09583333333333334,0.09583333333333334,15.803017790989736,18.895147249893615,42.9192634592188,59.58778838209339,0.6331249999999999,0.5357291666666666,0.11011458333333332,0.25552083333333336,0.018958333333333334,0.08541666666666667,15.379831168930043,15.379831168930043,41.48106444306848,41.48106444306848,0.5661458333333333,0.5661458333333333,0.21166666666666664,0.21166666666666664,0.00625,0.00625
syn100,eho,22.672792215534482,26.779933383933642,59.10080413085604,74.09735791042088,0.5318125,0.49,0.0,0.0,0.2701388888888889,0.39444444444444443,35.4005258786627,54.14690001875325,83.94758842509273,132.32904435819862,0.36475,0.30091666666666667,0.0,0.0,0.5631944444444446,0.75,16.676964628654886,17.79425135573355,41.90774417041034,50.033147768046476,0.66635,0.6244999999999999,0.009383333333333334,0.043666666666666666,0.011666666666666667,0.08125,17.085676363359372,17.085676363359372,43.086372420016616,43.086372420016616,0.616,0.616,0.06375,0.06375,0.10833333333333334,0.10833333333333334,17.14036661508695,19.032326510025936,44.22941138170623,56.712920705491214,0.6397666666666667,0.5813333333333334,0.02406666666666667,0.07708333333333334,0.030833333333333334,0.12291666666666666,18.797149919936608,18.797149919936608,46.680069439060986,46.680069439060986,0.54225,0.54225,0.06375,0.06375,0.10833333333333334,0.10833333333333334,18.050945795167355,21.042778391389113,48.12026701017082,62.55672199567684,0.591025,0.5223333333333333,0.056100000000000004,0.14391666666666666,0.055625,0.16041666666666668,17.130536292130486,17.130536292130486,46.77217776037697,46.77217776037697,0.4076666666666667,0.4076666666666667,0.3794166666666667,0.3794166666666667,0.06041666666666667,0.06041666666666667,16.46176695956867,18.027762990228474,42.0762923790609,53.48196302913683,0.670859649122807,0.6236842105263157,0.01929824561403509,0.07175438596491228,0.024791666666666667,0.10208333333333333,16.33588489880875,16.33588489880875,40.91177336745083,40.91177336745083,0.6767543859649123,0.6767543859649123,0.031578947368421054,0.031578947368421054,0.14791666666666667,0.14791666666666667,16.489103389263015,18.61188020973963,42.9721899124768,55.35231088554028,0.6535648148148148,0.5889814814814814,0.04289814814814815,0.1287962962962963,0.03270833333333333,0.12708333333333333,15.538784852838775,15.538784852838775,38.80985678261128,38.80985678261128,0.644537037037037,0.644537037037037,0.10083333333333333,0.10083333333333333,0.10208333333333333,0.10208333333333333,16.20591208631179,19.315205503452194,43.98036051711169,59.004985471623755,0.6156979166666666,0.5222916666666666,0.11089583333333335,0.24697916666666667,0.019791666666666666,0.09583333333333334,15.639199801056273,15.639199801056273,42.741901612057404,42.741901612057404,0.5358333333333333,0.5358333333333333,0.23854166666666668,0.23854166666666668,0.004166666666666667,0.004166666666666667
syn100,ga,22.686120006429537,26.998853239222303,59.382526631422024,74.8171075786332,0.5395625000000001,0.49583333333333335,0.0,0.0,0.2659722222222222,0.3888888888888889,35.28546542525583,53.587063858892634,84.01012889795739,131.04014101659345,0.37045833333333333,0.297,0.0,0.0,0.5638888888888889,0.75,16.69949506416633,18.054944390097184,42.36456674162744,51.71056662945836,0.6749583333333333,0.6338333333333334,0.009649999999999999,0.04625,0.012916666666666667,0.0875,16.184228967645428,16.184228967645428,40.048246744544024,40.048246744544024,0.6335833333333334,0.6335833333333334,0.09250000000000001,0.09250000000000001,0.09791666666666667,0.09791666666666667,17.14407286075753,19.005386128760165,44.96398429742669,58.22694111096265,0.650475,0.5938333333333333,0.024658333333333334,0.08275,0.028541666666666667,0.12916666666666668,17.961782696895124,17.961782696895124,44.17203250199343,44.17203250199343,0.5555833333333333,0.5555833333333333,0.09250000000000001,0.09250000000000001,0.09791666666666667,0.09791666666666667,18.034040917657812,21.08788807226089,49.080811827114424,65.06098799730003,0.6016416666666667,0.5285833333333333,0.05724166666666666,0.15141666666666667,0.05291666666666666,0.15833333333333333,17.80520796756817,17.80520796756817,48.309316038846,48.309316038846,0.40858333333333335,0.40858333333333335,0.3733333333333333,0.3733333333333333,0.052083333333333336,0.052083333333333336,16.452390153585,18.00886713991911,42.58553361338408,54.68563342266701,0.6810175438596492,0.6379824561403509,0.019885964912280705,0.07324561403508771,0.024166666666666666,0.10625,16.37430529308944,16.37430529308944,42.714521795567926,42.714521795567926,0.6885964912280702,0.6885964912280702,0.030526315789473686,0.030526315789473686,0.13333333333333333,0.13333333333333333,16.49304120091738,18.64982379549901,43.68534581876894,57.111386453937506,0.6654814814814816,0.6060185185185186,0.04028703703703704,0.11407407407407406,0.033749999999999995,0.12916666666666668,15.273712801767358,15.273712801767358,38.175348484674615,38.175348484674615,0.6628703703703703,0.6628703703703703,0.09925925925925926,0.09925925925925926,0.09166666666666666,0.09166666666666666,16.157399106611756,19.587497465734327,44.16271611042113,60.94505149002733,0.6278333333333334,0.5335416666666667,0.10840625000000001,0.25,0.020625,0.1,15.242938352304344,15.242938352304344,40.60660927656953,40.60660927656953,0.5711458333333332,0.5711458333333332,0.2096875,0.2096875,0.00625,0.00625
syn100,hybrid_eho_aco,22.494767827921766,26.71879946883926,59.02918341564014,74.37629492220314,0.5417708333333333,0.4995833333333334,0.0,0.0,0.26458333333333334,0.3777777777777777,35.09864121404243,53.49023875183374,83.67565520115498,130.82292027824192,0.37227777777777776,0.30383333333333334,0.0,0.0,0.5645833333333333,0.75,16.526692129690097,17.653509707871056,41.46813039075036,49.845748609758154,0.67745,0.6355833333333333,0.009450000000000002,0.04566666666666667,0.011250000000000001,0.07708333333333334,16.457232579969634,16.457232579969634,41.15893326180594,41.15893326180594,0.6335833333333334,0.6335833333333334,0.08,0.08,0.09583333333333334,0.09583333333333334,17.011389597308717,18.978860452780744,43.976855887659624,57.71601670598753,0.65035,0.5905833333333333,0.024008333333333336,0.08,0.030000000000000002,0.12083333333333333,18.413973352584755,18.413973352584755,45.27636013329871,45.27636013329871,0.5485833333333333,0.5485833333333333,0.08,0.08,0.09583333333333334,0.09583333333333334,17.881887962062695,20.709415561535767,48.17160233657857,63.44114362407077,0.6018833333333333,0.5251666666666667,0.056600000000000004,0.14550000000000002,0.048749999999999995,0.14166666666666666,17.82203591465132,17.82203591465132,48.453568330908425,48.453568330908425,0.40541666666666665,0.40541666666666665,0.38,0.38,0.05625,0.05625,16.315388653408757,17.79760301751352,41.74118167804225,53.05552814968403,0.6818245614035088,0.6353508771929824,0.01957894736842105,0.07271929824561403,0.021041666666666667,0.1,16.24567233303063,16.24567233303063,41.24906418562923,41.24906418562923,0.6884210526315789,0.6884210526315789,0.031578947368421054,0.031578947368421054,0.14375,0.14375,16.323962046476385,18.458101464429117,42.869655435264754,56.76413341966077,0.6662222222222223,0.6051851851851852,0.0422962962962963,0.1262962962962963,0.026458333333333337,0.11458333333333333,15.203030944738332,15.203030944738332,37.603783398082776,37.603783398082776,0.6661111111111111,0.6661111111111111,0.09861111111111111,0.09861111111111111,0.0875,0.0875,16.032496241713908,19.089532628222642,43.747028497331925,58.898078633390696,0.6259374999999999,0.5283333333333333,0.1100625,0.25854166666666667,0.020833333333333332,0.09583333333333334,15.471202478690147,15.471202478690147,42.003878345070476,42.003878345070476,0.5627083333333334,0.5627083333333334,0.21656250000000002,0.21656250000000002,0.004166666666666667,0.004166666666666667
syn100,ilp_ckm,20.755221413833453,23.09782077104928,58.855920503880476,69.62042626092729,0.586875,0.5675,0.0,0.0,0.24999999999999997,0.5,33.75162299637764,49.010693262313815,82.1652257779556,126.22534970998362,0.39875,0.3675,0.0,0.0,0.5625,0.625,14.701309828705707,15.183721019288809,47.33992399071782,54.076647560947414,0.74675,0.715,0.007000000000000001,0.04,0.0125,0.125,14.663002350498273,14.663002350498273,37.7559963110845,37.7559963110845,0.6975,0.6975,0.05,0.05,0.0625,0.0625,15.128904830453932,16.82685201859417,48.84607492919902,62.93007971786579,0.73325,0.7,0.024,0.04,0.04375,0.1875,15.486076954521792,15.486076954521792,37.80709467393541,37.80709467393541,0.655,0.655,0.05,0.05,0.0625,0.0625,15.231660076878157,17.530251214852214,47.79918808428313,61.696667250488936,0.68925,0.6475,0.054000000000000006,0.11,0.025,0.125,14.725001296795579,14.725001296795579,40.35070112185707,40.35070112185707,0.5175000000000001,0.5175000000000001,0.27,0.27,0.0,0.0,14.27276154381158,14.949599497139255,48.0042087315254,51.419251156993866,0.753421052631579,0.7263157894736842,0.02473684210526316,0.10263157894736842,0.0,0.0,13.429494571665735,13.429494571665735,37.75604244424901,37.75604244424901,0.7921052631578948,0.7921052631578948,0.031578947368421054,0.031578947368421054,0.0625,0.0625,14.75405320772553,16.708524160034354,49.35287461072715,64.41542516140322,0.7216666666666667,0.6611111111111111,0.03305555555555555,0.10833333333333334,0.0125,0.125,13.644600318423006,13.644600318423006,37.7559963110845,37.7559963110845,0.7138888888888889,0.7138888888888889,0.07777777777777778,0.07777777777777778,0.0625,0.0625,14.086453429231302,15.869417931275446,41.50024130500999,58.146152921925975,0.70875,0.609375,0.0834375,0.190625,0.0125,0.0625,13.52529797889332,13.52529797889332,37.755972781935164,37.755972781935164,0.6062500000000001,0.6062500000000001,0.2125,0.2125,0.0,0.0
syn100,kcenter,34.369310889772294,44.1065652962666,90.14072199316087,104.48004985240016,0.29,0.21,0.0,0.0,0.3125,0.41666666666666663,49.68098388360752,91.3091409360179,110.05583249162244,166.5678649823761,0.19416666666666665,0.09,0.0,0.0,0.5625,0.75,28.44261623696793,31.1300842624073,82.6642284868439,108.33678148300697,0.38025,0.3475,0.006,0.04,0.05625,0.25,19.955008114553316,19.955008114553316,50.308073065902704,50.308073065902704,0.375,0.375,0.25,0.25,0.0625,0.0625,30.883347747201935,40.69241915419377,90.54027936818589,121.79746121856235,0.36824999999999997,0.335,0.009,0.03,0.22499999999999998,0.3125,21.716553087561685,21.716553087561685,56.5318017762269,56.5318017762269,0.3475,0.3475,0.25,0.25,0.0625,0.0625,28.59867764393188,42.4960043620382,77.25556099783161,121.34069841512219,0.35175,0.295,0.11300000000000002,0.5,0.13125,0.25,21.823908680273863,21.823908680273863,57.95294607617709,57.95294607617709,0.34,0.34,0.37,0.37,0.0625,0.0625,27.34356497113081,29.280223942310567,79.1648308954835,89.9128703052075,0.38473684210526315,0.3526315789473684,0.023157894736842106,0.09473684210526316,0.06875,0.3125,28.866720943524545,28.866720943524545,83.30278833000703,83.30278833000703,0.3736842105263158,0.3736842105263158,0.031578947368421054,0.031578947368421054,0.0625,0.0625,29.50473444423784,42.332279708193745,80.94769525471415,115.79715762594215,0.36749999999999994,0.29444444444444445,0.039999999999999994,0.17777777777777778,0.1,0.3125,20.27159509138811,20.27159509138811,50.30807076545955,50.30807076545955,0.3944444444444445,0.3944444444444445,0.18888888888888888,0.18888888888888888,0.0625,0.0625,27.067932819926845,36.55539734595491,70.74279309476054,117.18509690486317,0.3675,0.325,0.11750000000000001,0.375,0.09375,0.25,18.322591154035308,18.322591154035308,45.66838095743329,45.66838095743329,0.3875,0.3875,0.3125,0.3125,0.0,0.0
syn100,kmeans,21.879964332653724,25.765681679743178,60.89492624446585,69.09691350815316,0.5320833333333334,0.47200000000000003,0.0,0.0,0.2520833333333333,0.425,34.850785086742384,49.060241202211564,81.23734288106158,118.54738760418564,0.3601944444444445,0.302,0.0,0.0,0.5631944444444446,0.7416666666666667,15.893629470550113,16.50702257695839,51.95973666382494,58.076916192990694,0.6885166666666667,0.6691666666666668,0.010066666666666666,0.047,0.007500000000000001,0.0625,15.114170447691903,15.114170447691903,36.92050326384386,36.92050326384386,0.6925,0.6925,0.05,0.05,0.0625,0.0625,16.01172879249668,16.929762444612773,51.20539606197289,60.75069175189396,0.6789416666666667,0.6531666666666668,0.023233333333333335,0.07066666666666667,0.02,0.09583333333333334,16.491077841930398,16.491077841930398,43.50777420126907,43.50777420126907,0.62875,0.62875,0.05,0.05,0.0625,0.0625,16.352316776508673,17.68277964477694,51.89230309278146,66.12773120915018,0.6540250000000001,0.6166666666666667,0.0521,0.12166666666666666,0.038125,0.125,14.739948960208599,14.739948960208599,49.703468423849735,49.703468423849735,0.58,0.58,0.23999999999999996,0.23999999999999996,0.0625,0.0625,15.541111325307499,16.461705562837196,49.31311866868921,57.4863313723947,0.6908684210526316,0.6623684210526316,0.022912280701754387,0.08035087719298245,0.0175,0.09583333333333334,14.609811099043503,14.609811099043503,36.56103610700054,36.56103610700054,0.7152631578947369,0.7152631578947369,0.031578947368421054,0.031578947368421054,0.00625,0.00625,15.508492753600088,16.841993863205772,48.23153242004165,59.397054283152656,0.6813703703703704,0.6438888888888888,0.03874074074074074,0.11074074074074074,0.021666666666666667,0.10625,14.616270266823129,14.616270266823129,36.561029066387846,36.561029066387846,0.6772222222222222,0.6772222222222222,0.08666666666666667,0.08666666666666667,0.00625,0.00625,14.79705769016496,16.948228312826775,44.13587540502864,59.61284842405868,0.6593854166666666,0.5927083333333333,0.103,0.20791666666666667,0.013125000000000001,0.06458333333333334,14.50753670564561,14.50753670564561,37.71191443007942,37.71191443007942,0.58875,0.58875,0.20125,0.20125,0.0,0.0
syn100,kmedian,21.5868301460635,22.904923504150684,59.126162794968266,67.56211726541099,0.538125,0.485,0.0,0.0,0.25,0.41666666666666663,33.509657015134316,49.87281794754405,80.36575447464858,111.47220854129942,0.37166666666666665,0.31,0.0,0.0,0.5625,0.625,16.56480849448938,16.805318109598325,52.16205957117118,56.85204587874249,0.6807499999999999,0.6325000000000001,0.007000000000000001,0.04,0.00625,0.0625,15.628430649689605,15.628430649689605,38.73949788071434,38.73949788071434,0.69,0.69,0.05,0.05,0.0625,0.0625,16.548612618041822,17.6301751519565,50.37080105138058,65.62083748958186,0.6725,0.6475,0.024,0.04,0.03125,0.125,17.490370171610394,17.490370171610394,45.72849094683852,45.72849094683852,0.61,0.61,0.05,0.05,0.0625,0.0625,16.83611148096769,18.753262531266156,51.964113111750976,63.58852924872828,0.631,0.57,0.054000000000000006,0.11,0.025,0.125,11.725599863533088,11.725599863533088,34.43661610620955,34.43661610620955,0.38,0.38,0.56,0.56,0.0,0.0,15.602918673519902,17.13989735981377,47.02638578152744,58.92046789996267,0.6989473684210527,0.6736842105263158,0.026315789473684216,0.08421052631578947,0.025,0.0625,15.40551650927208,15.40551650927208,38.739465852209385,38.739465852209385,0.7052631578947368,0.7052631578947368,0.031578947368421054,0.031578947368421054,0.0625,0.0625,16.21269706658075,17.209183900119587,48.20955176481787,58.53235322785021,0.6808333333333334,0.65,0.023333333333333334,0.1,0.01875,0.125,15.531332618808646,15.531332618808646,38.739465852209385,38.739465852209385,0.6666666666666666,0.6666666666666666,0.08888888888888889,0.08888888888888889,0.0625,0.0625,15.461767697957189,16.76593643318966,46.3067300650935,60.2156255513199,0.6653125,0.6062500000000001,0.0775,0.125,0.00625,0.0625,15.042010130511429,15.042010130511429,36.039737045612206,36.039737045612206,0.5625,0.5625,0.2,0.2,0.0625,0.0625
syn100,pagerank,31.033611980522146,47.25254550396957,80.63048764614582,105.52102915305112,0.434375,0.35000000000000003,0.0,0.0,0.3333333333333333,0.5,41.301750274038085,68.89179018533966,92.96885991886148,139.77462833151472,0.33458333333333334,0.2275,0.0,0.0,0.5625,0.75,25.654410459737196,26.855811638608287,75.84237499536431,83.24100146647123,0.49224999999999997,0.46499999999999997,0.007000000000000001,0.04,0.04375,0.3125,19.16371682988566,19.16371682988566,52.833882536775405,52.833882536775405,0.57,0.57,0.05,0.05,0.1875,0.1875,24.946749237677118,29.534957315913594,74.44044433114932,97.51803331647838,0.49475,0.45,0.024,0.04,0.1,0.3125,21.76227348146184,21.76227348146184,65.95908055507186,65.95908055507186,0.54,0.54,0.05,0.05,0.1875,0.1875,24.731343518442735,28.833709970561724,74.62353504989642,86.67717671633008,0.478,0.3775,0.06500000000000002,0.15,0.1125,0.3125,14.797122952217604,14.797122952217604,53.0205503531022,53.0205503531022,0.46,0.46,0.36,0.36,0.0625,0.0625,25.89548747290369,27.412433730348177,76.58292730879344,82.53571549497184,0.4878947368421052,0.41842105263157897,0.024210526315789474,0.12631578947368421,0.0125,0.125,20.250675696804713,20.250675696804713,53.75280773361717,53.75280773361717,0.55,0.55,0.031578947368421054,0.031578947368421054,0.1875,0.1875,23.76379791670101,26.5473616320373,69.34896472194073,80.22294017469278,0.48333333333333334,0.41944444444444445,0.052222222222222225,0.14444444444444443,0.06875,0.1875,19.56385306364166,19.56385306364166,52.83388119590126,52.83388119590126,0.5222222222222223,0.5222222222222223,0.08888888888888889,0.08888888888888889,0.1875,0.1875,20.796704005813428,28.644383679859146,62.99265253493974,87.52437556137687,0.46749999999999997,0.38125,0.20125,0.4125,0.05,0.125,13.406466596859937,13.406466596859937,40.735929773797025,40.735929773797025,0.4875,0.4875,0.35,0.35,0.0,0.0
syn100,pso,22.78363363529459,27.198798405895143,59.94025987982918,75.87799434045336,0.5350416666666666,0.49008333333333337,0.0,0.0,0.2659722222222222,0.39444444444444443,35.362937023306436,53.296968053968364,84.32385895094386,130.72807018801188,0.3670277777777778,0.29725,0.0,0.0,0.5618055555555556,0.75,16.722255751910588,17.965719131009465,43.15195807992542,52.59409219012256,0.6717333333333334,0.63125,0.009808333333333334,0.04741666666666667,0.010208333333333335,0.075,16.256932849538707,16.256932849538707,40.35242669601825,40.35242669601825,0.6294166666666666,0.6294166666666666,0.09250000000000001,0.09250000000000001,0.1,0.1,17.154624972868156,19.014675696838825,45.381819445780685,58.92188229043049,0.6470583333333334,0.5920833333333333,0.02504166666666667,0.08691666666666667,0.030000000000000002,0.13125,18.007064013673705,18.007064013673705,44.54498997468722,44.54498997468722,0.5558333333333334,0.5558333333333334,0.09250000000000001,0.09250000000000001,0.1,0.1,18.091347259571027,21.11292260830468,49.6678425446992,65.49985914093934,0.5995333333333334,0.5265,0.05715833333333333,0.154,0.05395833333333333,0.15416666666666667,17.338130733034472,17.338130733034472,47.30101831772152,47.30101831772152,0.41633333333333333,0.41633333333333333,0.3744166666666667,0.3744166666666667,0.058333333333333334,0.058333333333333334,16.485033529987938,17.971606068729596,42.94270644113574,54.50001563727067,0.676280701754386,0.6342105263157894,0.019175438596491227,0.06824561403508772,0.026041666666666668,0.1125,16.481410226869738,16.481410226869738,42.955885259728205,42.955885259728205,0.6818421052631579,0.6818421052631579,0.030000000000000002,0.030000000000000002,0.13958333333333334,0.13958333333333334,16.531084759177304,18.82584606632998,44.29925016272775,58.02888054260382,0.6589444444444444,0.597962962962963,0.04336111111111111,0.12546296296296297,0.029166666666666667,0.1125,15.28485085087736,15.28485085087736,38.31791240590802,38.31791240590802,0.6594444444444444,0.6594444444444444,0.10157407407407407,0.10157407407407407,0.09166666666666666,0.09166666666666666,16.140470986231293,19.543377149847675,44.260105263264194,60.758830475754024,0.62490625,0.5316666666666666,0.10977083333333333,0.25833333333333336,0.023958333333333335,0.1125,15.222994432734145,15.222994432734145,40.76969028516355,40.76969028516355,0.5722916666666666,0.5722916666666666,0.20979166666666668,0.20979166666666668,0.008333333333333333,0.008333333333333333
syn100,random,22.801995105643925,26.64997542218629,58.99172071264346,73.11314707852982,0.5233333333333333,0.47850000000000004,0.0,0.0,0.2708333333333333,0.4083333333333333,35.57999570544612,54.20011402555107,84.09140350176334,132.10269377481004,0.3589861111111111,0.29483333333333334,0.0,0.0,0.5604166666666667,0.75,16.789331454529737,17.894928207548812,41.94970600311863,50.111729143481554,0.6574083333333333,0.6185833333333334,0.009733333333333335,0.04591666666666667,0.0125,0.08125,17.1274069058609,17.1274069058609,42.16290458827894,42.16290458827894,0.6099166666666667,0.6099166666666667,0.0625,0.0625,0.11666666666666667,0.11666666666666667,17.288600439301113,19.174364464002124,44.53551602219322,56.309963899101305,0.63185,0.5783333333333334,0.02344166666666667,0.07483333333333334,0.0325,0.13541666666666666,18.628375152007983,18.628375152007983,45.06329458029324,45.06329458029324,0.5509166666666666,0.5509166666666666,0.0625,0.0625,0.11666666666666667,0.11666666666666667,18.03462076355107,20.87859686982238,48.12801005008904,62.0438425234235,0.5891000000000001,0.5228333333333334,0.05640833333333333,0.14308333333333334,0.05229166666666667,0.14166666666666666,15.768683918420178,15.768683918420178,43.74178167477611,43.74178167477611,0.4233333333333334,0.4233333333333334,0.388,0.388,0.06041666666666667,0.06041666666666667,16.555170549334612,18.166342908949897,42.40489309436735,54.17204498261102,0.6603947368421053,0.6121052631578947,0.022912280701754387,0.07929824561403508,0.025208333333333333,0.11875,16.46616165382406,16.46616165382406,41.1366077686428,41.1366077686428,0.6679824561403509,0.6679824561403509,0.031315789473684214,0.031315789473684214,0.14375,0.14375,16.552590140322966,18.83626428778043,43.471161389631995,56.92804432475319,0.6465833333333334,0.5832407407407408,0.044453703703703704,0.12861111111111112,0.027708333333333335,0.11458333333333333,15.74979622819135,15.74979622819135,39.184042351492614,39.184042351492614,0.6362962962962962,0.6362962962962962,0.09574074074074074,0.09574074074074074,0.11458333333333333,0.11458333333333333,16.285026579189747,19.747298644921095,44.14671927956178,60.184293033136456,0.6118541666666667,0.5213541666666667,0.10983333333333332,0.24760416666666665,0.02041666666666667,0.09583333333333334,15.075379116886827,15.075379116886827,41.07336216935319,41.07336216935319,0.5405208333333333,0.5405208333333333,0.24760416666666665,0.24760416666666665,0.0,0.0
syn100,sa,22.45211361172009,25.912205805048863,58.066716227344514,70.44888874351741,0.5299583333333333,0.48633333333333334,0.0,0.0,0.27291666666666664,0.4166666666666667,35.32910697818773,54.90831106638408,83.21439654919229,132.02935367034982,0.3640277777777778,0.2965,0.0,0.0,0.5569444444444446,0.75,16.655116749337896,17.79249159420391,41.34780833628817,50.13832782589612,0.6640833333333334,0.6225833333333333,0.009691666666666666,0.046000000000000006,0.012083333333333333,0.08333333333333333,16.90427613564419,16.90427613564419,41.74799473172785,41.74799473172785,0.6207499999999999,0.6207499999999999,0.058750000000000004,0.058750000000000004,0.125,0.125,17.079612103927268,18.782146585997403,43.872704297205516,56.577303277886934,0.6407083333333333,0.5893333333333334,0.023991666666666668,0.07833333333333334,0.03270833333333333,0.13958333333333334,18.71474271357414,18.71474271357414,45.64956461224146,45.64956461224146,0.5406666666666666,0.5406666666666666,0.058750000000000004,0.058750000000000004,0.125,0.125,17.92607889763345,20.840415133338226,48.140034227333295,63.089167386133646,0.5959583333333334,0.5259166666666667,0.05488333333333333,0.13316666666666668,0.05583333333333333,0.15416666666666667,16.466551846795223,16.466551846795223,44.78691174125369,44.78691174125369,0.4334166666666667,0.4334166666666667,0.35841666666666666,0.35841666666666666,0.0625,0.0625,16.416363703127153,17.87168107279115,41.775196249128236,53.7056818382043,0.6686052631578947,0.6235087719298246,0.020719298245614033,0.07885964912280702,0.027291666666666665,0.12291666666666666,16.114814651703217,16.114814651703217,39.923078819845635,39.923078819845635,0.6804385964912281,0.6804385964912281,0.031578947368421054,0.031578947368421054,0.16458333333333333,0.16458333333333333,16.340065328242204,18.476317970757407,42.78672302058076,56.517329706709106,0.6545925925925926,0.5928703703703704,0.04602777777777778,0.13620370370370372,0.028333333333333332,0.11666666666666667,15.569328642326017,15.569328642326017,38.08668849694508,38.08668849694508,0.6511111111111112,0.6511111111111112,0.08314814814814815,0.08314814814814815,0.125,0.125,16.05200897692097,19.290030773100543,44.07827754555494,60.21199774809829,0.6181666666666668,0.5270833333333333,0.11232291666666666,0.25104166666666666,0.017708333333333333,0.09375,14.933543618065679,14.933543618065679,41.75763058309412,41.75763058309412,0.5521875,0.5521875,0.23406249999999998,0.23406249999999998,0.0,0.0
syn200,aco,40.536258177528204,46.67696078485941,101.39576748101642,111.5071408403767,0.22926041666666666,0.19741666666666668,0.0,0.0,0.25416666666666665,0.38055555555555554,49.54802821237898,55.45195745680348,112.67239635276584,126.25334982006706,0.16013194444444442,0.122375,0.0,0.0,0.5236111111111111,0.75,34.873900208439004,39.89708867595359,91.64174533016553,122.63913827378045,0.2793,0.2557083333333333,0.037283333333333335,0.14383333333333334,0.003125,0.025,31.965120627463126,31.965120627463126,78.81269155842006,78.81269155842006,0.21479166666666666,0.21479166666666666,0.31979166666666664,0.31979166666666664,0.0375,0.0375,35.68170191118797,42.32330612147834,96.40725580003148,131.87901945484444,0.26761250000000003,0.23545833333333333,0.07671666666666667,0.194125,0.0125,0.08958333333333333,34.975666789373356,34.975666789373356,81.86827132542565,81.86827132542565,0.17820833333333336,0.17820833333333336,0.43104166666666666,0.43104166666666666,0.041666666666666664,0.041666666666666664,36.90872735826503,46.95297226767049,100.88995467700548,145.2168562054022,0.238625,0.19716666666666666,0.1875,0.35558333333333336,0.029375,0.13125,28.105915373014238,28.105915373014238,71.44985945110184,71.44985945110184,0.14337499999999997,0.14337499999999997,0.68275,0.68275,0.0,0.0,34.443163851105425,40.033968366899984,92.46393802273649,127.98005746252333,0.2827763157894737,0.2548684210526316,0.06192543859649123,0.18017543859649124,0.012291666666666668,0.08541666666666667,30.839072330341985,30.839072330341985,70.1853279538202,70.1853279538202,0.24570175438596492,0.24570175438596492,0.22171052631578947,0.22171052631578947,0.04375,0.04375,34.113129948368844,41.63751938884978,91.8477927681647,129.17672600840484,0.27478703703703705,0.2348611111111111,0.1355,0.28935185185185186,0.014583333333333334,0.08541666666666667,35.83124850181646,35.83124850181646,91.83632948621828,91.83632948621828,0.19425925925925924,0.19425925925925924,0.3962962962962963,0.3962962962962963,0.041666666666666664,0.041666666666666664,31.70488548710605,41.47585264429475,85.34010829934215,122.13636068855014,0.2586822916666667,0.2075,0.29471875000000003,0.47458333333333336,0.007291666666666667,0.05,28.37269271991339,28.37269271991339,71.37546515403932,71.37546515403932,0.16140625,0.16140625,0.6328125,0.6328125,0.0,0.0
syn200,eho,41.716292423224935,47.177048578963564,105.28372280052727,118.30811185127543,0.2225416666666667,0.19183333333333333,0.0,0.0,0.24513888888888888,0.35833333333333334,51.65776506474086,58.65781056373857,118.07724976009568,132.52006829218837,0.15497222222222223,0.119875,0.0,0.0,0.548611111111111,0.7875,35.71303227750708,40.54210725764173,94.16421874777365,120.3137983116504,0.27297916666666666,0.2510833333333333,0.03495416666666667,0.13495833333333335,0.006666666666666667,0.052083333333333336,32.89472669384674,32.89472669384674,85.01436363252904,85.01436363252904,0.23008333333333333,0.23008333333333333,0.28191666666666665,0.28191666666666665,0.022916666666666665,0.022916666666666665,36.4748006884781,43.1884935865762,98.66931779278401,132.65329978503982,0.2632291666666667,0.233875,0.07260833333333334,0.18808333333333332,0.016874999999999998,0.10208333333333333,33.54968659852707,33.54968659852707,78.2511690517692,78.2511690517692,0.19974999999999998,0.19974999999999998,0.41079166666666667,0.41079166666666667,0.035416666666666666,0.035416666666666666,37.80826106474081,48.34273266630397,102.95871494633674,143.09849649094423,0.23731249999999998,0.1985,0.178225,0.34774999999999995,0.034375,0.14583333333333334,27.394231961754997,27.394231961754997,70.92569109031693,70.92569109031693,0.16233333333333333,0.16233333333333333,0.6605000000000001,0.6605000000000001,0.0,0.0,35.12939518370978,41.32731907350258,93.89765758012456,123.80740911741087,0.2766228070175439,0.25048245614035086,0.06242982456140351,0.18021929824561403,0.012708333333333334,0.07083333333333333,29.655728500038133,29.655728500038133,68.06786391508616,68.06786391508616,0.25149122807017543,0.25149122807017543,0.24833333333333335,0.24833333333333335,0.04375,0.04375,35.00535453602707,43.25154408052541,94.71914803898703,129.24297565774654,0.2684351851851852,0.23041666666666666,0.13274074074074074,0.28824074074074074,0.017916666666666668,0.09166666666666666,35.225289637800415,35.225289637800415,97.18981920359101,97.18981920359101,0.21606481481481482,0.21606481481481482,0.3686111111111111,0.3686111111111111,0.035416666666666666,0.035416666666666666,32.74079921990514,44.55706603848186,88.36742606580499,126.4211810786916,0.25240625,0.20223958333333333,0.29270833333333335,0.48953125,0.009375,0.06041666666666667,25.50246039357877,25.50246039357877,68.07141131858702,68.07141131858702,0.17218750000000002,0.17218750000000002,0.6364062500000001,0.6364062500000001,0.0,0.0
syn200,ga,41.847210215649746,47.94432192087846,108.90419499810339,122.03888808358623,0.228625,0.201375,0.0,0.0,0.2618055555555555,0.38611111111111107,52.57041609919926,59.72941040174849,120.95062037382887,135.10021091273347,0.15712500000000001,0.12558333333333332,0.0,0.0,0.538888888888889,0.8166666666666667,34.80183421109976,40.42330178524257,94.946701914405,126.03155751745916,0.2847958333333333,0.26158333333333333,0.031775000000000005,0.12583333333333332,0.009583333333333333,0.075,32.823481478816845,32.823481478816845,86.38280008847096,86.38280008847096,0.2365,0.2365,0.25125000000000003,0.25125000000000003,0.035416666666666666,0.035416666666666666,35.68402408171651,42.712855671500826,100.4826752476853,136.43559626512658,0.27390416666666667,0.24516666666666667,0.06794166666666666,0.17750000000000002,0.021458333333333336,0.11041666666666666,32.98833420492998,32.98833420492998,76.66256593549745,76.66256593549745,0.20400000000000001,0.20400000000000001,0.38991666666666663,0.38991666666666663,0.03333333333333333,0.03333333333333333,36.95247765545437,47.226593660636205,103.36099553401677,146.68153918766927,0.24563333333333331,0.20670833333333333,0.17215,0.34299999999999997,0.036458333333333336,0.14166666666666666,29.288922845544153,29.288922845544153,74.05791982175465,74.05791982175465,0.16058333333333333,0.16058333333333333,0.632375,0.632375,0.0,0.0,34.22793511995995,40.21153919289388,95.08795154703719,127.81196190638788,0.2883201754385965,0.2607894736842105,0.056807017543859646,0.1726315789473684,0.01625,0.0875,28.68788783701565,28.68788783701565,66.66794357884703,66.66794357884703,0.27214912280701753,0.27214912280701753,0.20912280701754385,0.20912280701754385,0.041666666666666664,0.041666666666666664,34.27466688684293,42.80719425583218,95.33695584451426,133.05323085150718,0.2796712962962963,0.24203703703703702,0.12292592592592592,0.26999999999999996,0.02333333333333333,0.10416666666666667,32.20081491644433,32.20081491644433,89.95748367473657,89.95748367473657,0.2323148148148148,0.2323148148148148,0.32416666666666666,0.32416666666666666,0.03333333333333333,0.03333333333333333,31.97851683868671,43.6462830482756,88.41737862425603,127.72888210490278,0.2631927083333333,0.21229166666666668,0.276203125,0.4640625,0.012708333333333334,0.075,26.230131912284968,26.230131912284968,70.24168088895986,70.24168088895986,0.19057291666666665,0.19057291666666665,0.5826041666666666,0.5826041666666666,0.0,0.0
syn200,hybrid_eho_aco,40.80114916861604,46.56375624907851,103.58264427415072,115.57226254925534,0.22564583333333335,0.19408333333333333,0.0,0.0,0.24652777777777776,0.3472222222222222,50.21425547549796,56.453318772266044,115.33766131964113,128.8379461166327,0.15743055555555555,0.1215,0.0,0.0,0.5263888888888889,0.7666666666666667,34.81044301965607,39.38684436952931,91.72021825394796,117.21977775443965,0.2753291666666666,0.251375,0.0357125,0.1408333333333333,0.004791666666666666,0.035416666666666666,32.84833217408923,32.84833217408923,81.68401899060088,81.68401899060088,0.212375,0.212375,0.29758333333333337,0.29758333333333337,0.03125,0.03125,35.52390654204151,41.5749634558872,96.2119235332243,127.60863149563153,0.2644083333333333,0.234375,0.07475416666666666,0.19170833333333331,0.013750000000000002,0.08958333333333333,35.1073410460212,35.1073410460212,79.24145076613442,79.24145076613442,0.18004166666666668,0.18004166666666668,0.4334166666666667,0.4334166666666667,0.041666666666666664,0.041666666666666664,36.80370793950462,46.99799814744667,99.72021624722323,142.47933016425299,0.23579583333333334,0.194,0.18457916666666666,0.3567916666666667,0.03520833333333333,0.1375,29.35443816575203,29.35443816575203,72.8209216731776,72.8209216731776,0.14441666666666667,0.14441666666666667,0.6762083333333333,0.6762083333333333,0.0,0.0,34.408571736465554,39.738501478055795,91.79389683183878,121.32983388548,0.27944298245614035,0.2513157894736842,0.059271929824561406,0.1755263157894737,0.013125,0.07083333333333333,30.452046847258234,30.452046847258234,70.17418230767403,70.17418230767403,0.24802631578947368,0.24802631578947368,0.2155701754385965,0.2155701754385965,0.05416666666666667,0.05416666666666667,34.101096661715104,41.772430130082306,92.30259516556309,126.4274720906681,0.27153240740740736,0.23282407407407407,0.13034722222222223,0.2796296296296296,0.02041666666666667,0.09583333333333334,34.81821464941787,34.81821464941787,89.23033812057821,89.23033812057821,0.19712962962962963,0.19712962962962963,0.37305555555555553,0.37305555555555553,0.041666666666666664,0.041666666666666664,31.81176529022728,42.68369221009989,85.0616749024899,120.96944406577771,0.25684375,0.20604166666666668,0.2897135416666667,0.47,0.006458333333333333,0.05,28.695607507155696,28.695607507155696,71.12618549739335,71.12618549739335,0.16208333333333333,0.16208333333333333,0.6194270833333333,0.6194270833333333,0.0,0.0
syn200,ilp_ckm,38.01874343130367,42.854446997900936,105.44062511959379,114.02624621242155,0.28531249999999997,0.26625,0.0,0.0,0.2708333333333333,0.3333333333333333,53.13964098297334,61.676318975976216,124.47801323046856,146.962641194868,0.19041666666666668,0.16625,0.0,0.0,0.5,0.75,28.458037222875845,32.72921264747252,68.47260574107663,101.76560760113101,0.36824999999999997,0.35,0.016500000000000004,0.065,0.018750000000000003,0.1875,29.59174533451015,29.59174533451015,83.11234382588667,83.11234382588667,0.32625000000000004,0.32625000000000004,0.14,0.14,0.125,0.125,29.30916907800257,33.07338989300665,81.79931808227052,109.77992004813416,0.346875,0.32125000000000004,0.066,0.17,0.0625,0.1875,28.62317636506318,28.62317636506318,93.09552753478008,93.09552753478008,0.2825,0.2825,0.29,0.29,0.0625,0.0625,34.30529133731493,48.87221711269542,96.87378699345467,154.58745470978633,0.313625,0.255,0.14100000000000001,0.22,0.07500000000000001,0.25,25.632699474654796,25.632699474654796,70.0828437160362,70.0828437160362,0.20625,0.20625,0.58,0.58,0.0,0.0,28.259726839339695,32.62902317034379,75.20815633604117,108.88405899420366,0.3743421052631579,0.35,0.024736842105263158,0.05921052631578947,0.0125,0.125,28.44270182402119,28.44270182402119,67.70648134203361,67.70648134203361,0.36447368421052634,0.36447368421052634,0.005263157894736842,0.005263157894736842,0.125,0.125,30.09143772435339,36.37690781806308,95.0008434123778,171.19520812428348,0.36583333333333334,0.3236111111111111,0.06694444444444445,0.1486111111111111,0.04375,0.125,28.055582758242803,28.055582758242803,77.71059389974019,77.71059389974019,0.34444444444444444,0.34444444444444444,0.17222222222222222,0.17222222222222222,0.0625,0.0625,30.28396626815372,39.382288051660076,85.87173854701793,120.98480351205919,0.3303125,0.2546875,0.20812500000000003,0.3609375,0.00625,0.0625,28.73848593494663,28.73848593494663,87.50475214959886,87.50475214959886,0.284375,0.284375,0.328125,0.328125,0.0,0.0
syn200,kcenter,51.511598456185894,69.75960447059211,117.46985741135953,155.20197105698122,0.130625,0.075,0.0,0.0,0.2916666666666667,0.41666666666666663,70.15635940368192,101.03439698098472,141.84198381090349,190.48930509428064,0.08729166666666667,0.04,0.0,0.0,0.5208333333333334,0.625,43.47777883062527,48.702602224810164,104.87482812723303,115.36243698787847,0.16562499999999997,0.14875,0.014500000000000002,0.065,0.0625,0.25,45.438951074171115,45.438951074171115,105.11325152274807,105.11325152274807,0.135,0.135,0.14,0.14,0.0625,0.0625,45.347388059272134,50.556412515241746,107.47392079960119,141.09035741959175,0.1575,0.14375,0.07,0.26,0.16249999999999998,0.25,45.95849435560279,45.95849435560279,114.06626620729172,114.06626620729172,0.125,0.125,0.29,0.29,0.0625,0.0625,47.46480993683804,53.27169159657555,108.5522203271775,141.82838318315117,0.13675,0.095,0.203,0.48,0.1625,0.25,36.10477007697992,36.10477007697992,73.72401952904104,73.72401952904104,0.1,0.1,0.575,0.575,0.0,0.0,46.2641192087011,56.59832931602709,115.95840258723044,168.0727262932288,0.16789473684210526,0.14078947368421052,0.011052631578947366,0.02631578947368421,0.08125,0.25,44.78963197311809,44.78963197311809,92.18371148892588,92.18371148892588,0.10921052631578947,0.10921052631578947,0.2736842105263158,0.2736842105263158,0.0625,0.0625,42.635944483221124,46.080500275639324,102.73053174859879,135.32226170132677,0.16930555555555557,0.1486111111111111,0.09722222222222221,0.29444444444444445,0.15625,0.25,45.02901801690644,45.02901801690644,101.90581376109714,101.90581376109714,0.1111111111111111,0.1111111111111111,0.3,0.3,0.0625,0.0625,36.900142667191744,46.691609092856055,89.0408852064399,124.331842585774,0.15328125,0.10625,0.38875000000000004,0.7125,0.04375,0.125,27.621361225024092,27.621361225024092,69.3534842543852,69.3534842543852,0.1,0.1,0.66875,0.66875,0.0,0.0
syn200,kmeans,42.610425801000595,49.48469181500196,118.28572289349417,126.52599457145772,0.21000000000000002,0.18,0.0,0.0,0.2708333333333333,0.3333333333333333,59.092231176978004,69.54670773156894,134.58232432216812,156.0944244668889,0.13999999999999999,0.105,0.0,0.0,0.5208333333333334,0.875,30.83173946856074,35.28796117775401,83.97306882257497,117.22809896336429,0.27355,0.25883333333333336,0.02375,0.09916666666666667,0.019375,0.12083333333333333,30.298219816375937,30.298219816375937,72.98691081230079,72.98691081230079,0.28,0.28,0.14,0.14,0.0625,0.0625,32.054443060636984,39.63666730805288,91.31794049482073,137.19553946843632,0.26693333333333336,0.2495,0.051100000000000007,0.15166666666666667,0.03666666666666667,0.16041666666666668,29.66916691071918,29.66916691071918,86.82157049550929,86.82157049550929,0.265,0.265,0.23999999999999996,0.23999999999999996,0.0625,0.0625,34.77681522574686,45.87215268518013,99.77614235283754,151.976800744769,0.2498,0.226,0.12485,0.24033333333333334,0.06854166666666667,0.19166666666666668,21.519493977271583,21.519493977271583,63.80888667676539,63.80888667676539,0.22,0.22,0.57,0.57,0.0,0.0,31.294719082930282,37.80983614894998,86.1802439045431,124.62122400595266,0.2749824561403509,0.25280701754385965,0.04007017543859649,0.13087719298245612,0.043333333333333335,0.17083333333333334,27.201952945162184,27.201952945162184,61.03888604805459,61.03888604805459,0.2842105263157895,0.2842105263157895,0.15263157894736842,0.15263157894736842,0.0625,0.0625,32.193148851550106,39.702600870598985,90.81615077260882,129.71416911286866,0.270037037037037,0.23925925925925925,0.09740740740740741,0.21814814814814815,0.04708333333333334,0.16458333333333333,28.48669308588082,28.48669308588082,83.98455651864414,83.98455651864414,0.3,0.3,0.19444444444444445,0.19444444444444445,0.0625,0.0625,32.60581325754463,45.086539879760316,92.5531484862246,136.3481886697171,0.25935416666666666,0.215,0.22791666666666668,0.42770833333333336,0.022708333333333334,0.09375,31.72344577207049,31.72344577207049,93.77870918886964,93.77870918886964,0.23125,0.23125,0.33125,0.33125,0.0,0.0
syn200,kmedian,38.4647703339902,43.312676374523086,99.79985334873399,114.88666021540149,0.263125,0.24875,0.0,0.0,0.2708333333333333,0.3333333333333333,53.72114925255717,67.7941007244888,121.83547969397593,150.1739444487577,0.17645833333333333,0.155,0.0,0.0,0.47916666666666663,0.625,30.105169427847773,33.042887308462575,81.36788290284188,98.15342074098226,0.342625,0.32875,0.016500000000000004,0.065,0.018750000000000003,0.1875,32.07164875204653,32.07164875204653,105.11311290687046,105.11311290687046,0.315,0.315,0.14,0.14,0.0625,0.0625,30.954328984944077,33.477605619534884,90.91978693144185,119.91306583624433,0.335375,0.31875,0.066,0.17,0.06875,0.1875,28.092312773554433,28.092312773554433,93.09552753478008,93.09552753478008,0.3,0.3,0.29,0.29,0.0625,0.0625,32.7600074442879,44.50138336894443,94.80680521227002,131.93255149332464,0.30212500000000003,0.27375000000000005,0.17250000000000001,0.305,0.056249999999999994,0.1875,24.745236549629585,24.745236549629585,70.0828437160362,70.0828437160362,0.22,0.22,0.575,0.575,0.0,0.0,29.4208695860269,31.712284730156806,85.28628433135408,109.57036426714828,0.34789473684210526,0.33289473684210524,0.041052631578947375,0.1368421052631579,0.03125,0.1875,25.850638627627028,25.850638627627028,61.63397617966975,61.63397617966975,0.2934210526315789,0.2934210526315789,0.2736842105263158,0.2736842105263158,0.0625,0.0625,30.316739268954773,35.30691492817847,93.3887360015105,141.23524766021276,0.34027777777777773,0.3111111111111111,0.10277777777777779,0.32222222222222224,0.0625,0.1875,25.89817700870632,25.89817700870632,77.71059389974019,77.71059389974019,0.3055555555555556,0.3055555555555556,0.3,0.3,0.0625,0.0625,27.119468447341717,34.89562540683935,82.3960805413506,125.39979224391534,0.31078125,0.26875,0.32875,0.44375,0.0,0.0,27.847058828682023,27.847058828682023,87.50475214959886,87.50475214959886,0.2625,0.2625,0.43125,0.43125,0.0,0.0
syn200,pagerank,70.69753277829098,88.71614161688069,157.30486709622085,157.54411536195596,0.1275,0.075,0.0,0.0,0.29166666666666663,0.41666666666666663,76.77660749948195,88.965877904489,157.42504545051088,157.78595002574454,0.10916666666666668,0.075,0.0,0.0,0.5208333333333334,0.75,67.77937049694307,81.40641507711366,161.8506527648815,187.126600732336,0.14250000000000002,0.13,0.016500000000000004,0.065,0.025,0.25,73.27006670653307,73.27006670653307,214.6043187380991,214.6043187380991,0.145,0.145,0.27,0.27,0.1875,0.1875,64.41758826309574,91.48137487556305,155.51072362055191,214.89559795415113,0.138,0.125,0.1675,0.495,0.05,0.25,37.937339456635456,37.937339456635456,97.92884061981168,97.92884061981168,0.145,0.145,0.485,0.485,0.0625,0.0625,52.72253762665946,100.97577513520048,122.39177629067981,234.6953850418243,0.128,0.11,0.409,0.85,0.05,0.25,22.359233324706207,22.359233324706207,53.94541812855614,53.94541812855614,0.14,0.14,0.74,0.74,0.0,0.0,71.84228398227508,98.02877648394471,163.77062749719823,204.23059272299605,0.14052631578947367,0.12631578947368421,0.045789473684210526,0.1368421052631579,0.0625,0.25,35.090890970937934,35.090890970937934,76.91291707200538,76.91291707200538,0.15263157894736842,0.15263157894736842,0.4368421052631579,0.4368421052631579,0.0625,0.0625,69.43205871049756,102.4830946463218,154.053952706386,222.4503372649801,0.14055555555555554,0.13333333333333333,0.15333333333333332,0.49444444444444446,0.08125,0.1875,35.90977103261198,35.90977103261198,92.98954037170897,92.98954037170897,0.16111111111111112,0.16111111111111112,0.46111111111111114,0.46111111111111114,0.0625,0.0625,44.02518816795962,73.91545106028113,111.78840212878659,178.92845787211115,0.13874999999999998,0.10625,0.5112499999999999,0.875,0.03125,0.125,34.51279980590237,34.51279980590237,102.78369304193447,102.78369304193447,0.16875,0.16875,0.51875,0.51875,0.0,0.0
syn200,pso,42.57825965667526,48.67941599978266,111.91747062546996,125.42923528830168,0.22995833333333332,0.20508333333333334,0.0,0.0,0.24791666666666665,0.35,54.0890827574264,62.19518767382976,124.58588837550786,139.51770609187756,0.15685416666666668,0.127375,0.0,0.0,0.5395833333333333,0.8166666666666667,35.081280947353235,39.53552006961713,97.70631447255211,122.6430061696954,0.2886416666666667,0.2665416666666667,0.02855416666666667,0.11804166666666667,0.013541666666666667,0.07916666666666666,33.5461195535316,33.5461195535316,92.27687286973041,92.27687286973041,0.24991666666666665,0.24991666666666665,0.2265416666666667,0.2265416666666667,0.03333333333333333,0.03333333333333333,35.97989931509107,43.25363532893322,102.79696780199083,138.42722699237189,0.2775208333333333,0.2485,0.065525,0.17195833333333332,0.022500000000000003,0.11666666666666667,31.846494087743533,31.846494087743533,76.0554346759632,76.0554346759632,0.22191666666666665,0.22191666666666665,0.372625,0.372625,0.027083333333333334,0.027083333333333334,37.26703405160484,47.533303640608175,106.08246009304634,149.9100328441029,0.25092916666666665,0.21295833333333333,0.16474166666666665,0.33229166666666665,0.040625,0.15416666666666667,28.13541246207134,28.13541246207134,71.95414481961619,71.95414481961619,0.17870833333333333,0.17870833333333333,0.60625,0.60625,0.0,0.0,34.73479636246168,40.33389646532808,97.79067880594563,126.11371920293541,0.2915131578947368,0.2635087719298246,0.0521140350877193,0.16271929824561404,0.02041666666666667,0.1125,28.109101965237514,28.109101965237514,66.16574361667354,66.16574361667354,0.28157894736842104,0.28157894736842104,0.2125438596491228,0.2125438596491228,0.03125,0.03125,34.6882934401842,42.85579498287316,98.52529208307938,134.58794192304262,0.2842407407407407,0.2451388888888889,0.11680555555555557,0.25351851851851853,0.02666666666666667,0.10625,31.48173034568087,31.48173034568087,89.44818940769616,89.44818940769616,0.2464351851851852,0.2464351851851852,0.3115277777777778,0.3115277777777778,0.027083333333333334,0.027083333333333334,32.31951420275426,44.527429661962465,90.18437462543575,132.9662327639575,0.2664739583333333,0.21578125,0.27248958333333334,0.46234375,0.012708333333333332,0.06875,24.996354363936764,24.996354363936764,67.94674327641775,67.94674327641775,0.19932291666666666,0.19932291666666666,0.58796875,0.58796875,0.0,0.0
syn200,random,41.21951906480376,46.39945041728287,98.85792189143653,108.3469375748735,0.21321874999999998,0.17620833333333333,0.0,0.0,0.2472222222222222,0.3611111111111111,49.33644703766936,55.68480982464761,109.86391397509321,124.54742315376417,0.15209722222222224,0.10958333333333334,0.0,0.0,0.5416666666666666,0.7708333333333334,36.73783854913193,42.245273773078154,92.15473034403706,121.08179660316551,0.25566666666666665,0.23279166666666665,0.0379125,0.146125,0.0033333333333333335,0.029166666666666667,34.29649850520296,34.29649850520296,86.56400868956197,86.56400868956197,0.20920833333333333,0.20920833333333333,0.329125,0.329125,0.027083333333333334,0.027083333333333334,37.43499550345605,44.537499733820255,96.13995305363001,131.28316526071046,0.24512083333333334,0.21766666666666667,0.08010833333333332,0.2055,0.010624999999999999,0.07083333333333333,35.94583174580393,35.94583174580393,82.98865616541903,82.98865616541903,0.18054166666666666,0.18054166666666666,0.44116666666666665,0.44116666666666665,0.04791666666666667,0.04791666666666667,38.517340636487624,49.88806202393433,100.58472200793345,146.66015005541266,0.21981250000000002,0.183,0.19946250000000001,0.38849999999999996,0.025208333333333333,0.1125,26.2811578318054,26.2811578318054,68.5943939228015,68.5943939228015,0.14391666666666666,0.14391666666666666,0.7076666666666667,0.7076666666666667,0.0,0.0,36.113614709724,42.05075208696947,91.27830955170609,119.92077037277652,0.2595657894736842,0.23271929824561402,0.06582894736842106,0.1919298245614035,0.012291666666666668,0.07291666666666667,32.44493438449913,32.44493438449913,71.88127212310643,71.88127212310643,0.21043859649122806,0.21043859649122806,0.30837719298245614,0.30837719298245614,0.05625,0.05625,36.12030767264002,44.50183611142486,92.64109945365345,128.17728751386284,0.2502361111111111,0.21689814814814815,0.1491574074074074,0.3225462962962963,0.013750000000000002,0.08333333333333333,39.931257342364134,39.931257342364134,102.85861626664158,102.85861626664158,0.17912037037037037,0.17912037037037037,0.42726851851851855,0.42726851851851855,0.04583333333333333,0.04583333333333333,33.48904985009681,44.72004946345276,88.74759821278822,125.58668974188785,0.23866145833333335,0.19484375,0.31061979166666664,0.49015625,0.004166666666666667,0.03125,26.198454425805718,26.198454425805718,65.66158198331449,65.66158198331449,0.14505208333333333,0.14505208333333333,0.6872916666666666,0.6872916666666666,0.0,0.0
syn200,sa,40.584308620696255,45.843728563020434,101.00423618624365,113.07656301021356,0.22571875,0.19170833333333331,0.0,0.0,0.24583333333333332,0.35277777777777775,49.453118481295945,55.56634101083826,112.83946046941806,126.86192196184953,0.15934722222222222,0.120375,0.0,0.0,0.5319444444444444,0.7666666666666667,35.04354080273602,39.66467737162441,89.69115671516495,116.3020469162028,0.2732208333333333,0.25033333333333335,0.03704166666666667,0.14291666666666666,0.0020833333333333333,0.020833333333333332,32.66535729293077,32.66535729293077,81.03945554323988,81.03945554323988,0.21441666666666667,0.21441666666666667,0.30975,0.30975,0.025,0.025,35.764538956854445,42.30120102838739,94.76477795544045,129.37028045440763,0.2623125,0.23237500000000003,0.0772625,0.19870833333333332,0.011875,0.07291666666666667,35.269235208132855,35.269235208132855,79.87639092521012,79.87639092521012,0.18187499999999998,0.18187499999999998,0.43162500000000004,0.43162500000000004,0.04583333333333333,0.04583333333333333,36.92360946720243,46.52383286187855,98.81531412009403,138.94302491800966,0.23475833333333332,0.19633333333333333,0.18818333333333334,0.369625,0.030000000000000002,0.11875,28.414636506365337,28.414636506365337,72.28618477827068,72.28618477827068,0.14758333333333334,0.14758333333333334,0.6728333333333333,0.6728333333333333,0.0,0.0,34.59779963665,39.93886116336667,90.14281370601597,118.53547826048825,0.27678070175438596,0.2485526315789474,0.061372807017543864,0.1832017543859649,0.00875,0.0625,31.270325188156402,31.270325188156402,71.61254069192144,71.61254069192144,0.2400438596491228,0.2400438596491228,0.22978070175438597,0.22978070175438597,0.058333333333333334,0.058333333333333334,34.22266991016364,41.71882327585546,90.24010622730727,123.84826338109286,0.2694398148148148,0.23092592592592592,0.1372638888888889,0.2912037037037037,0.0125,0.07083333333333333,36.018104194891116,36.018104194891116,92.09274839762011,92.09274839762011,0.19393518518518518,0.19393518518518518,0.38425925925925924,0.38425925925925924,0.04583333333333333,0.04583333333333333,31.874984611331165,42.329031874175335,85.20283332033253,122.02313812910293,0.2539166666666667,0.20583333333333334,0.30041666666666667,0.4822916666666667,0.006875000000000001,0.04583333333333333,27.256419873573375,27.256419873573375,68.37150674800246,68.37150674800246,0.15812500000000002,0.15812500000000002,0.6451041666666666,0.6451041666666666,0.0,0.0
syn50,aco,13.785049050094877,15.149606786633809,36.34774887108553,46.94565423191661,0.8055,0.7358333333333333,0.0,0.0,0.29236111111111107,0.3777777777777777,18.34733590158836,20.753153615683864,46.84130714625299,58.69917539410739,0.6286388888888889,0.4998333333333333,0.0,0.0,0.5868055555555556,0.75,11.143823374989033,12.965035758638951,28.4052624052925,42.63872736253345,0.9002,0.836,0.010116666666666666,0.059500000000000004,0.008958333333333334,0.0625,12.324873176989136,12.324873176989136,45.61356613706131,45.61356613706131,0.8038333333333333,0.8038333333333333,0.08333333333333333,0.08333333333333333,0.12083333333333333,0.12083333333333333,11.635295162101666,14.121505934956051,32.0959076570616,50.07408422102901,0.8706,0.7868333333333334,0.024766666666666666,0.09416666666666668,0.02,0.11875,10.674885837900593,10.674885837900593,26.41049460474921,26.41049460474921,0.7083333333333334,0.7083333333333334,0.20666666666666667,0.20666666666666667,0.03333333333333333,0.03333333333333333,12.542208669856219,16.270053389364193,37.879303035279484,59.35742013662807,0.8094166666666667,0.6986666666666667,0.06031666666666667,0.16366666666666668,0.036875,0.12708333333333333,10.638711881666909,10.638711881666909,27.802891449181402,27.802891449181402,0.6208333333333333,0.6208333333333333,0.30216666666666664,0.30216666666666664,0.03333333333333333,0.03333333333333333,10.985725013117758,12.909162865763319,29.127791344586274,44.70865649679011,0.9058333333333334,0.8416666666666667,0.00998263888888889,0.06111111111111111,0.009375,0.06458333333333334,11.774680608127207,11.774680608127207,38.41359797209925,38.41359797209925,0.8871527777777778,0.8871527777777778,0.0027777777777777775,0.0027777777777777775,0.11458333333333333,0.11458333333333333,11.176568845648319,13.821827789221901,32.28848290658926,52.23805543742536,0.8802777777777778,0.7938888888888889,0.027703703703703706,0.09685185185185184,0.0175,0.09583333333333334,10.664033623422759,10.664033623422759,28.013525667747523,28.013525667747523,0.852037037037037,0.852037037037037,0.057222222222222216,0.057222222222222216,0.075,0.075,11.057830819637136,14.29789546552566,33.30281694796601,53.740118659385764,0.8405208333333333,0.7316666666666667,0.0651875,0.17395833333333333,0.016041666666666666,0.09375,10.611089133282603,10.611089133282603,27.20687319521551,27.20687319521551,0.73875,0.73875,0.16749999999999998,0.16749999999999998,0.03958333333333333,0.03958333333333333
syn50,eho,13.844612304906466,15.246959571315065,36.54659090224161,47.25371293559478,0.7952083333333333,0.7243333333333334,0.0,0.0,0.2847222222222222,0.3722222222222222,18.602015534112184,21.165428730928625,47.40573195384643,59.45670049783464,0.6117222222222222,0.47383333333333333,0.0,0.0,0.5881944444444444,0.75,11.09532108251186,12.77093012795405,28.386738749708805,41.18826143313713,0.8996666666666667,0.8358333333333333,0.00915,0.057,0.010625,0.06875,11.92681103819694,11.92681103819694,43.34922968212246,43.34922968212246,0.8141666666666667,0.8141666666666667,0.079,0.079,0.11666666666666667,0.11666666666666667,11.511038958114513,13.741125365385983,31.611797059379384,48.276190277575544,0.8742166666666668,0.7943333333333332,0.022433333333333336,0.09000000000000001,0.020833333333333332,0.11458333333333333,10.424061970582345,10.424061970582345,25.22271859391335,25.22271859391335,0.7226666666666667,0.7226666666666667,0.20750000000000002,0.20750000000000002,0.029166666666666667,0.029166666666666667,12.503101740020035,16.089810416970174,37.75582443523945,59.227648274295994,0.8089,0.6963333333333334,0.058016666666666675,0.16366666666666668,0.04125,0.13541666666666666,10.142863412217967,10.142863412217967,26.788507514424474,26.788507514424474,0.629,0.629,0.3126666666666667,0.3126666666666667,0.029166666666666667,0.029166666666666667,10.909949171597425,12.718815977591735,28.991091771240253,44.19070932543568,0.9058159722222221,0.8427083333333333,0.009357638888888888,0.057986111111111106,0.007291666666666667,0.0625,11.500591262171708,11.500591262171708,37.2385445518195,37.2385445518195,0.8953125,0.8953125,0.0,0.0,0.10833333333333334,0.10833333333333334,11.127544564266437,13.740989588652091,31.654936107488513,50.83394367157234,0.8810925925925926,0.8037037037037037,0.025074074074074075,0.09222222222222222,0.020625,0.1125,10.609397390654397,10.609397390654397,26.84937139550395,26.84937139550395,0.87,0.87,0.04555555555555556,0.04555555555555556,0.07291666666666667,0.07291666666666667,11.01723983966955,14.238573681826884,33.03112094936882,54.82309325698097,0.8415,0.7333333333333333,0.06254166666666666,0.17979166666666666,0.015208333333333332,0.08333333333333333,11.018984067540627,11.018984067540627,27.53233330894703,27.53233330894703,0.7635416666666667,0.7635416666666667,0.13041666666666668,0.13041666666666668,0.06458333333333334,0.06458333333333334
syn50,ga,13.905913702425266,15.464924017806291,37.03238397596859,48.28734972472569,0.7951666666666667,0.7178333333333333,0.0,0.0,0.2909722222222222,0.38055555555555554,18.52673926802215,21.044296662935196,47.55477616308409,58.891354832572496,0.61875,0.491,0.0,0.0,0.5930555555555556,0.75,11.225872948430327,13.09415650074571,29.06946889504761,42.87108962193154,0.8908166666666666,0.8271666666666667,0.010083333333333333,0.061000000000000006,0.008541666666666668,0.06041666666666667,12.533465872351492,12.533465872351492,44.31152189473279,44.31152189473279,0.7916666666666666,0.7916666666666666,0.08366666666666668,0.08366666666666668,0.11458333333333333,0.11458333333333333,11.761376575848717,14.391244987043848,33.037635725776845,50.39690627274527,0.8613666666666667,0.7766666666666667,0.024366666666666665,0.09916666666666667,0.017083333333333332,0.10416666666666667,10.936574019002807,10.936574019002807,27.728470669072642,27.728470669072642,0.6995,0.6995,0.20483333333333334,0.20483333333333334,0.041666666666666664,0.041666666666666664,12.73844634774245,16.735155875661512,38.85828987986797,60.85178985093996,0.7977000000000001,0.6886666666666666,0.05948333333333333,0.15866666666666665,0.037083333333333336,0.13125,10.72561640454996,10.72561640454996,28.95965946301342,28.95965946301342,0.6096666666666667,0.6096666666666667,0.3035,0.3035,0.041666666666666664,0.041666666666666664,11.112769812679113,13.072334981608016,29.96196023949358,44.80123069464002,0.8956423611111111,0.8296875,0.009513888888888888,0.05677083333333333,0.009166666666666667,0.07291666666666667,12.016496269384099,12.016496269384099,39.6794312800978,39.6794312800978,0.8711805555555556,0.8711805555555556,0.004166666666666667,0.004166666666666667,0.10416666666666667,0.10416666666666667,11.319265623846722,14.283494899450563,32.946594805863974,52.9055259725691,0.8690740740740741,0.7864814814814814,0.028074074074074074,0.09944444444444445,0.018125000000000002,0.10208333333333333,10.601368459984402,10.601368459984402,28.177276330658177,28.177276330658177,0.8305555555555556,0.8305555555555556,0.0787037037037037,0.0787037037037037,0.06666666666666667,0.06666666666666667,11.218355614605208,14.609561872871806,34.14885520927078,54.30876531086768,0.8297291666666666,0.71625,0.06558333333333334,0.18187499999999998,0.017708333333333333,0.0875,10.616059915176033,10.616059915176033,27.831787375035155,27.831787375035155,0.7106250000000001,0.7106250000000001,0.18916666666666665,0.18916666666666665,0.035416666666666666,0.035416666666666666
syn50,hybrid_eho_aco,13.801753785448062,15.300601041577263,36.57994526054976,47.442269394231985,0.8044583333333333,0.7311666666666666,0.0,0.0,0.2909722222222222,0.39166666666666666,18.396960048991218,20.826011362584023,47.07088644834027,58.70631241677474,0.6275,0.49883333333333335,0.0,0.0,0.5986111111111111,0.75,11.147509932560721,13.146892101976038,28.672815564041464,43.416659132709235,0.8998,0.8316666666666667,0.010216666666666667,0.060500000000000005,0.008125,0.058333333333333334,12.510750120911364,12.510750120911364,45.94963839026977,45.94963839026977,0.7988333333333333,0.7988333333333333,0.08283333333333333,0.08283333333333333,0.11875,0.11875,11.641567536264404,14.269713942512427,32.51599705546795,50.917728663194644,0.8714333333333334,0.7836666666666667,0.024200000000000003,0.09466666666666666,0.01625,0.09375,10.864357823598247,10.864357823598247,27.681486835257406,27.681486835257406,0.7056666666666666,0.7056666666666666,0.2056666666666667,0.2056666666666667,0.035416666666666666,0.035416666666666666,12.590682322993132,16.394540223611006,38.59823166206766,60.47014472493844,0.8090833333333334,0.699,0.05985,0.168,0.03729166666666666,0.12083333333333333,10.83063457539924,10.83063457539924,28.650182215499356,28.650182215499356,0.6128333333333332,0.6128333333333332,0.30400000000000005,0.30400000000000005,0.03333333333333333,0.03333333333333333,10.961466912983719,12.841676829597112,29.18391918290136,44.798695161742344,0.9055902777777778,0.843576388888889,0.00998263888888889,0.05642361111111111,0.007291666666666667,0.05625,11.946848641394729,11.946848641394729,39.092362934298826,39.092362934298826,0.8807291666666667,0.8807291666666667,0.003993055555555555,0.003993055555555555,0.10625,0.10625,11.185403785518135,13.67919862949051,32.6004015586473,51.575941117492626,0.8806296296296297,0.7994444444444445,0.026462962962962962,0.09870370370370371,0.014166666666666666,0.07916666666666666,10.594501246163528,10.594501246163528,28.19111072893637,28.19111072893637,0.8448148148148148,0.8448148148148148,0.06703703703703703,0.06703703703703703,0.075,0.075,11.039153234702797,14.229546200576658,33.428445240822946,53.45340308460971,0.8392499999999999,0.7289583333333333,0.06627083333333333,0.176875,0.018333333333333333,0.0875,10.4855929912741,10.4855929912741,27.14783814021586,27.14783814021586,0.7341666666666666,0.7341666666666666,0.17291666666666666,0.17291666666666666,0.0375,0.0375
syn50,ilp_ckm,13.34995145375591,16.472137341382698,40.06240433490675,51.863073182715475,0.78,0.66,0.0,0.0,0.33333333333333326,0.5,18.835095100653096,21.665583571887503,48.8839585890987,57.438073846110456,0.5691666666666667,0.44,0.0,0.0,0.5416666666666666,0.75,9.266220534523843,10.423638371214821,34.45755939566608,48.4436274013534,0.9354999999999999,0.9099999999999999,0.015999999999999997,0.06,0.0,0.0,9.934567215122641,9.934567215122641,40.87100918372517,40.87100918372517,0.865,0.865,0.06,0.06,0.0625,0.0625,9.67212205924099,10.803644349159649,34.845593067581845,52.56446315284862,0.9285,0.88,0.006,0.02,0.03125,0.125,9.5206277642197,9.5206277642197,30.397271636876045,30.397271636876045,0.8200000000000001,0.8200000000000001,0.11000000000000001,0.11000000000000001,0.125,0.125,10.084819581876934,11.827160652588724,34.5006348584028,44.34119204409406,0.8785000000000001,0.8049999999999999,0.052000000000000005,0.14,0.07500000000000001,0.1875,8.355521758159078,8.355521758159078,21.03528375572244,21.03528375572244,0.675,0.675,0.3,0.3,0.125,0.125,9.14298872635126,10.195328577207043,32.89815018892644,48.44349964161634,0.9317708333333333,0.890625,0.014583333333333332,0.0625,0.0,0.0,9.78461637474294,9.78461637474294,48.443427836880694,48.443427836880694,0.9270833333333333,0.9270833333333333,0.0,0.0,0.0,0.0,9.303451459819122,11.087887411118778,34.048713473611144,56.281079665159375,0.92,0.8555555555555556,0.014444444444444444,0.06666666666666667,0.01875,0.0625,8.840109705287617,8.840109705287617,28.263917325392804,28.263917325392804,0.9388888888888889,0.9388888888888889,0.005555555555555556,0.005555555555555556,0.125,0.125,8.971797900278304,11.161451231690712,30.934588423553404,54.515562179405215,0.91125,0.85625,0.036875,0.13125,0.04375,0.125,9.48336721338086,9.48336721338086,31.7890339527606,31.7890339527606,0.85625,0.85625,0.05,0.05,0.125,0.125
syn50,kcenter,18.28970186554226,23.118211124571687,44.96539435669969,48.34742500123104,0.6112500000000001,0.385,0.0,0.0,0.3125,0.41666666666666663,24.669378133376348,33.30138694470733,54.39144475632449,69.74269314022183,0.42833333333333334,0.22,0.0,0.0,0.5416666666666667,0.75,15.713997484170278,19.95668293430571,43.16905792689322,63.349706443427806,0.737,0.635,0.002,0.02,0.075,0.25,18.517349495468558,18.517349495468558,53.00932973553863,53.00932973553863,0.65,0.65,0.06,0.06,0.125,0.125,15.708046361139926,20.499599552580797,42.70244253774753,66.5038285623684,0.7165,0.64,0.028000000000000004,0.24,0.05,0.25,11.625644026230477,11.625644026230477,30.275786387990152,30.275786387990152,0.61,0.61,0.32,0.32,0.0,0.0,16.94939297775221,23.182546365308397,52.26567603614052,73.57660606549294,0.704,0.63,0.012,0.06,0.16249999999999998,0.25,13.248334297583542,13.248334297583542,29.090138200437213,29.090138200437213,0.54,0.54,0.32,0.32,0.125,0.125,14.838859723216043,17.656207246233745,41.60736534164706,68.76953457332709,0.76875,0.7447916666666666,0.0,0.0,0.075,0.25,17.433916749964347,17.433916749964347,53.00902311199922,53.00902311199922,0.6979166666666666,0.6979166666666666,0.0,0.0,0.125,0.125,15.654283488450641,21.264115082858595,46.34126076960669,75.21502820282703,0.7433333333333333,0.6388888888888888,0.0022222222222222222,0.022222222222222223,0.06875,0.25,11.257469015690438,11.257469015690438,25.068193361469866,25.068193361469866,0.6833333333333333,0.6833333333333333,0.2222222222222222,0.2222222222222222,0.0,0.0,15.459090623136333,20.591664816824405,45.986018495057316,68.55214122299736,0.755,0.575,0.02,0.125,0.05,0.125,9.97225417996341,9.97225417996341,25.72106243579237,25.72106243579237,0.6875,0.6875,0.275,0.275,0.0,0.0
syn50,kmeans,15.840264481802514,17.72624162209655,48.521427251783194,56.3441752639814,0.7262500000000001,0.655,0.0,0.0,0.2916666666666667,0.4166666666666667,20.305186610768754,23.181109279766932,52.952221784952435,60.269462012865795,0.5616666666666668,0.45,0.0,0.0,0.625,0.625,12.896374357643698,14.666697799579463,46.51037450309324,58.9704594385242,0.8015166666666667,0.7611666666666667,0.0208,0.11800000000000001,0.0008333333333333334,0.008333333333333333,9.89830879361955,9.89830879361955,51.86636544003018,51.86636544003018,0.785,0.785,0.16,0.16,0.0,0.0,12.869853046439124,15.75285152858285,46.87680912229364,67.31765042686555,0.78395,0.7276666666666666,0.047266666666666665,0.16133333333333333,0.0020833333333333333,0.020833333333333332,8.896832907318357,8.896832907318357,25.644832421115908,25.644832421115908,0.815,0.815,0.16,0.16,0.0,0.0,12.867318268939528,17.110112432248933,47.82312378523771,73.14672857767842,0.7553333333333333,0.6848333333333334,0.09313333333333333,0.20266666666666666,0.011875,0.08333333333333333,8.484774155509166,8.484774155509166,21.026248054322433,21.026248054322433,0.73,0.73,0.26,0.26,0.0,0.0,12.524121385509154,14.833173154810952,44.70603023961202,61.416629038058005,0.8049999999999999,0.7630208333333334,0.03111111111111111,0.12777777777777777,0.0010416666666666667,0.010416666666666666,9.765501400332246,9.765501400332246,51.866361993794946,51.866361993794946,0.7760416666666666,0.7760416666666666,0.16666666666666666,0.16666666666666666,0.0,0.0,11.996933183543844,15.24345200445011,43.64109961951672,66.59585080879522,0.7950555555555555,0.7398148148148148,0.06266666666666666,0.17555555555555555,0.011458333333333333,0.08333333333333333,8.502459063636538,8.502459063636538,25.335666845921928,25.335666845921928,0.8166666666666667,0.8166666666666667,0.15555555555555556,0.15555555555555556,0.0,0.0,10.708800632216898,14.960449216082168,37.54802517523729,64.56751282071046,0.783125,0.7041666666666667,0.11341666666666668,0.22583333333333336,0.015625,0.09375,7.625739258800091,7.625739258800091,23.775092089705698,23.775092089705698,0.8,0.8,0.175,0.175,0.0,0.0
syn50,kmedian,14.342565508671587,14.858565287324742,37.57118152937433,43.4974660062427,0.73,0.715,0.0,0.0,0.29166666666666663,0.41666666666666663,19.18076931395797,22.606788780689232,45.74727435932154,58.18403058503195,0.5616666666666668,0.40499999999999997,0.0,0.0,0.5416666666666666,0.75,12.05409085027501,14.080955190479653,34.8309086917778,55.66390589058868,0.8010000000000002,0.695,0.015999999999999997,0.06,0.0,0.0,12.845357167344646,12.845357167344646,51.479645717737384,51.479645717737384,0.76,0.76,0.06,0.06,0.125,0.125,12.472535272955142,14.56373856094418,37.32157280098312,61.38926675981343,0.7905,0.74,0.006,0.02,0.049999999999999996,0.1875,12.865247076738452,12.865247076738452,40.99218589826249,40.99218589826249,0.76,0.76,0.08,0.08,0.125,0.125,14.638083465509638,18.039708687267538,46.33792865326255,69.56786368137574,0.743,0.67,0.034,0.08,0.1,0.1875,16.555047040580003,16.555047040580003,51.62999655299299,51.62999655299299,0.595,0.595,0.18,0.18,0.125,0.125,11.760705675582534,14.238550134482061,32.45529579808674,57.12508576006202,0.8156249999999999,0.78125,0.004166666666666667,0.041666666666666664,0.0625,0.1875,11.773904525583978,11.773904525583978,39.37968178950836,39.37968178950836,0.8125,0.8125,0.0,0.0,0.0625,0.0625,12.59850024658251,15.493162455669976,40.85276400429626,64.81931633485353,0.7933333333333332,0.711111111111111,0.008888888888888889,0.08888888888888889,0.03125,0.125,8.312886154152,8.312886154152,20.985724808703225,20.985724808703225,0.8,0.8,0.17777777777777778,0.17777777777777778,0.0,0.0,12.231720939782162,20.132754137721538,39.20465370317383,72.93724027108584,0.746875,0.5812499999999999,0.1,0.2,0.025,0.1875,8.10546201928837,8.10546201928837,18.79133042383615,18.79133042383615,0.7937500000000001,0.7937500000000001,0.2,0.2,0.0,0.0
syn50,pagerank,17.898854801944896,20.516161530174877,53.71748497393427,53.84814448478755,0.58,0.46,0.0,0.0,0.25,0.41666666666666663,19.3344610770367,21.45512991258928,53.99961938903994,55.33046645128767,0.54,0.46,0.0,0.0,0.4791666666666667,0.625,17.898377209383952,22.212252153830132,58.36867738272804,76.1474964509533,0.616,0.6,0.015999999999999997,0.06,0.0,0.0,14.054651683554876,14.054651683554876,46.23075746075685,46.23075746075685,0.6,0.6,0.16,0.16,0.0,0.0,15.437421004647952,22.626867043853416,49.776836360413384,77.68563399122667,0.608,0.54,0.094,0.4,0.0,0.0,7.988292293311137,7.988292293311137,29.5425152024532,29.5425152024532,0.54,0.54,0.4,0.4,0.0,0.0,17.795513314422376,22.434048132401674,53.78597682702295,63.3113709967678,0.59,0.56,0.084,0.16,0.0,0.0,6.410096370746901,6.410096370746901,18.187684902689778,18.187684902689778,0.54,0.54,0.46,0.46,0.0,0.0,17.182610359532532,21.680524907315615,56.00473814247678,76.14747656623796,0.6187499999999999,0.5833333333333334,0.0125,0.0625,0.0,0.0,13.421081288854399,13.421081288854399,46.23075188762351,46.23075188762351,0.6041666666666666,0.6041666666666666,0.16666666666666666,0.16666666666666666,0.0,0.0,14.90664107187785,18.252306370853116,48.25893691723737,63.15405005335482,0.6066666666666667,0.5777777777777777,0.08888888888888888,0.35555555555555557,0.025,0.125,8.012613228258807,8.012613228258807,29.5425152024532,29.5425152024532,0.5555555555555556,0.5555555555555556,0.37777777777777777,0.37777777777777777,0.0,0.0,11.257351660817037,16.150074020628843,36.27868026645473,57.799237996511906,0.6125,0.525,0.2125,0.475,0.0,0.0,8.72908533981132,8.72908533981132,33.001610385717534,33.001610385717534,0.5,0.5,0.425,0.425,0.0,0.0
syn50,pso,14.009964684946292,15.675845379364938,37.33876628940056,47.959843107089185,0.791625,0.7101666666666666,0.0,0.0,0.2909722222222222,0.3888888888888889,18.499610403896718,21.184407541530717,47.278693772824795,58.28834731021995,0.6198888888888889,0.4825,0.0,0.0,0.5965277777777778,0.75,11.438998245435432,13.460495544643583,30.006232775657228,43.93947903906182,0.8820333333333334,0.8176666666666667,0.010316666666666667,0.06083333333333333,0.008125,0.058333333333333334,12.590178723482733,12.590178723482733,45.87046180521647,45.87046180521647,0.7845,0.7845,0.08766666666666666,0.08766666666666666,0.1,0.1,11.913372216310005,14.538260674556119,33.536907775891066,50.62964047815219,0.8518333333333333,0.769,0.026583333333333334,0.10333333333333333,0.014583333333333334,0.08958333333333333,11.243858459932783,11.243858459932783,29.105842247060924,29.105842247060924,0.6956666666666667,0.6956666666666667,0.19383333333333336,0.19383333333333336,0.058333333333333334,0.058333333333333334,12.92612680916817,16.821109737300407,39.460472015405976,60.96242860010148,0.79005,0.6853333333333332,0.06003333333333334,0.156,0.03666666666666667,0.12708333333333333,11.190404890294342,11.190404890294342,30.445769048435427,30.445769048435427,0.6011666666666666,0.6011666666666666,0.29616666666666663,0.29616666666666663,0.05416666666666667,0.05416666666666667,11.331233398207193,13.564477916427267,30.90616359703042,47.180133894348124,0.8873784722222222,0.8222222222222223,0.00967013888888889,0.058333333333333334,0.007916666666666667,0.0625,12.136133192665147,12.136133192665147,40.98081212539289,40.98081212539289,0.8616319444444444,0.8616319444444444,0.009027777777777777,0.009027777777777777,0.09166666666666666,0.09166666666666666,11.47368381573551,14.485917482399493,33.96050010698798,54.25220143539527,0.8627222222222223,0.7761111111111112,0.029518518518518517,0.10740740740740741,0.013750000000000002,0.07083333333333333,10.711835782008295,10.711835782008295,28.104967643798393,28.104967643798393,0.8212962962962963,0.8212962962962963,0.08148148148148147,0.08148148148148147,0.06666666666666667,0.06666666666666667,11.321163583975611,14.84812027499334,34.70308662723587,56.560361652230156,0.8231458333333334,0.7091666666666666,0.06889583333333334,0.18541666666666667,0.022291666666666664,0.09166666666666666,10.560747081377153,10.560747081377153,27.886179197459693,27.886179197459693,0.7120833333333334,0.7120833333333334,0.18875,0.18875,0.04791666666666667,0.04791666666666667
syn50,random,13.961116520848769,15.331035798686402,37.07408019779083,47.227207157179954,0.7882083333333333,0.7136666666666667,0.0,0.0,0.2875,0.38333333333333336,18.727111460641318,21.444548221692774,47.4572385531917,59.328212995098006,0.6053055555555555,0.46349999999999997,0.0,0.0,0.5958333333333333,0.75,11.159298404227531,12.709190212228256,28.954853446057662,41.320210757467905,0.8950666666666667,0.8350000000000001,0.009166666666666667,0.05516666666666667,0.009375,0.06458333333333334,12.055251968059654,12.055251968059654,45.621900480793975,45.621900480793975,0.8068333333333334,0.8068333333333334,0.081,0.081,0.1125,0.1125,11.614297664107593,13.858387985417334,32.32531118646595,49.878184404556556,0.8688166666666667,0.7888333333333333,0.021816666666666668,0.08833333333333333,0.021875,0.10416666666666667,10.586780571217808,10.586780571217808,25.95313820302395,25.95313820302395,0.73,0.73,0.1905,0.1905,0.020833333333333332,0.020833333333333332,12.710887790620992,16.693214795464705,38.41866805356522,61.51006875152166,0.8062,0.6945,0.05488333333333333,0.1515,0.041875,0.13958333333333334,10.22789798306133,10.22789798306133,27.062920402966526,27.062920402966526,0.639,0.639,0.3,0.3,0.020833333333333332,0.020833333333333332,11.03332299815985,12.870286657862605,29.751275138728605,45.12052654131339,0.8993402777777778,0.8366319444444444,0.008055555555555555,0.053125,0.008958333333333334,0.0625,11.641009006527229,11.641009006527229,38.61102283654896,38.61102283654896,0.8897569444444444,0.8897569444444444,0.0013888888888888887,0.0013888888888888887,0.10833333333333334,0.10833333333333334,11.315693981306222,14.165669677381349,33.39387216134299,54.053638015796984,0.8745185185185186,0.7877777777777778,0.024074074074074074,0.08777777777777777,0.021666666666666667,0.10625,10.658745928964615,10.658745928964615,26.313479047118726,26.313479047118726,0.8644444444444445,0.8644444444444445,0.046296296296296294,0.046296296296296294,0.06666666666666667,0.06666666666666667,11.165447169721752,14.449914199155154,33.830748509498896,55.63183676494075,0.8352916666666667,0.7216666666666666,0.061375,0.17520833333333333,0.016666666666666666,0.0875,11.097832791799943,11.097832791799943,28.185500513011096,28.185500513011096,0.7579166666666667,0.7579166666666667,0.128125,0.128125,0.06458333333333334,0.06458333333333334
syn50,sa,13.735490194052021,15.045827247764874,36.55849655509851,47.41892860427496,0.8048333333333333,0.7271666666666667,0.0,0.0,0.28888888888888886,0.4,18.573990771857815,20.915934699293828,47.76890374077258,59.69215002817445,0.618,0.4706666666666667,0.0,0.0,0.5909722222222222,0.75,10.876413785508822,12.376503633876506,27.38429046020863,38.9632536876149,0.9136333333333333,0.8516666666666667,0.009716666666666667,0.058833333333333335,0.00875,0.06458333333333334,11.630160966399835,11.630160966399835,43.384564015721786,43.384564015721786,0.8364999999999999,0.8364999999999999,0.07616666666666667,0.07616666666666667,0.11875,0.11875,11.300936046822976,13.542661869245235,30.465113958819664,47.41549882981262,0.8869833333333333,0.8049999999999999,0.0224,0.0905,0.019583333333333335,0.10625,10.413658395415919,10.413658395415919,24.342282307455278,24.342282307455278,0.7326666666666667,0.7326666666666667,0.20733333333333334,0.20733333333333334,0.0125,0.0125,12.28577020967798,15.93294652285474,36.613720408267206,58.6055413328521,0.8226,0.7128333333333334,0.05861666666666667,0.15350000000000003,0.036458333333333336,0.12083333333333333,10.067760960159678,10.067760960159678,27.576867284584992,27.576867284584992,0.6515,0.6515,0.3026666666666667,0.3026666666666667,0.0125,0.0125,10.740865673958892,12.613141209920343,28.263684501353342,43.12883436219886,0.9176215277777777,0.8538194444444444,0.009427083333333334,0.05486111111111111,0.009791666666666667,0.07916666666666666,11.245424174038618,11.245424174038618,34.827032018399,34.827032018399,0.9109375,0.9109375,0.0013888888888888887,0.0013888888888888887,0.11041666666666666,0.11041666666666666,10.848705116389688,13.254023268456468,30.753759564653404,49.37691733213005,0.8939074074074075,0.8153703703703704,0.026425925925925926,0.09296296296296296,0.016041666666666666,0.09791666666666667,10.691219668601057,10.691219668601057,26.226647467538296,26.226647467538296,0.8885185185185185,0.8885185185185185,0.02611111111111111,0.02611111111111111,0.08958333333333333,0.08958333333333333,10.78031263440553,13.68289059734892,31.628624042525555,52.39965956525217,0.8549583333333334,0.7424999999999999,0.06016666666666667,0.16520833333333332,0.016041666666666666,0.09375,11.068450474648905,11.068450474648905,26.95036755030293,26.95036755030293,0.7970833333333334,0.7970833333333334,0.101875,0.101875,0.075,0.075
syn500,aco,54.67817088170679,60.23264520506607,150.53461732164286,185.7018076269514,0.15285416666666668,0.14061666666666667,0.0,0.0,0.29027777777777775,0.3361111111111111,69.70662365220802,77.28369899263353,181.73561388307854,213.9926383659795,0.10278888888888887,0.08738333333333334,0.0,0.0,0.5659722222222222,0.6416666666666667,44.9627812433147,52.76258205360934,133.2071148741762,191.98019547589527,0.19615333333333332,0.18601666666666666,0.045495,0.13123333333333334,0.005833333333333334,0.04791666666666667,38.07569187457037,38.07569187457037,114.78994169051307,114.78994169051307,0.17336666666666664,0.17336666666666664,0.35123333333333334,0.35123333333333334,0.020833333333333332,0.020833333333333332,44.461661865660396,52.81007924643821,138.39631112018404,200.40887325247948,0.19006166666666666,0.17783333333333334,0.093095,0.1884,0.011041666666666668,0.075,27.019353082589443,27.019353082589443,69.43628902902863,69.43628902902863,0.14418333333333333,0.14418333333333333,0.6374833333333334,0.6374833333333334,0.0,0.0,43.60917983021905,52.63906220461975,141.2670899789079,202.8668429775183,0.174345,0.15575,0.19944166666666666,0.31855,0.023333333333333334,0.11041666666666666,25.43617642056201,25.43617642056201,69.89951317638861,69.89951317638861,0.12613333333333332,0.12613333333333332,0.7258166666666667,0.7258166666666667,0.0,0.0,44.22342513457072,52.966170479739226,136.98590637519925,198.23669657007989,0.1965719298245614,0.1819298245614035,0.08349473684210526,0.19057894736842104,0.009166666666666667,0.06458333333333334,45.78855935733319,45.78855935733319,117.09596513325369,117.09596513325369,0.17336842105263156,0.17336842105263156,0.1744561403508772,0.1744561403508772,0.10625,0.10625,42.84395376398037,52.349678014613815,136.7963387975572,197.76988366614893,0.1917462962962963,0.17272222222222222,0.16467222222222222,0.2907962962962963,0.013541666666666667,0.07916666666666666,40.34299840557277,40.34299840557277,105.89001912445048,105.89001912445048,0.14472222222222222,0.14472222222222222,0.423962962962963,0.423962962962963,0.008333333333333333,0.008333333333333333,38.46576630814912,48.472741116775424,118.13957531921001,180.63419933683417,0.18018125,0.15308333333333335,0.33811458333333333,0.4995833333333334,0.0037500000000000003,0.03125,19.610634314617418,19.610634314617418,47.71835143930865,47.71835143930865,0.09545833333333334,0.09545833333333334,0.82825,0.82825,0.0,0.0
syn500,eho,56.59292793365411,62.97756773688491,154.8250960901125,190.54039259064348,0.1404625,0.12751666666666667,0.0,0.0,0.28958333333333336,0.3361111111111111,72.13551279773587,80.852624734316,185.77852235550156,218.10724574631018,0.09456388888888889,0.07925,0.0,0.0,0.5694444444444444,0.6958333333333333,46.49099342644236,55.04013858017131,134.6437812893594,192.9571904467079,0.1798733333333333,0.16999999999999998,0.04474166666666667,0.12656666666666666,0.00875,0.04791666666666667,39.65260956841227,39.65260956841227,114.26557172906116,114.26557172906116,0.16116666666666665,0.16116666666666665,0.35710000000000003,0.35710000000000003,0.03125,0.03125,46.18071648244961,55.75593648586247,140.61151961253296,203.16019124729476,0.17425999999999997,0.16163333333333335,0.09274833333333334,0.18823333333333334,0.015208333333333332,0.08958333333333333,28.77961933581755,28.77961933581755,75.70264069873818,75.70264069873818,0.13344999999999999,0.13344999999999999,0.64675,0.64675,0.0,0.0,45.83681657858189,56.030325668034905,144.13566487341083,205.3730015640667,0.16123666666666664,0.14451666666666665,0.19882833333333333,0.3209,0.027291666666666665,0.11875,27.017089984245114,27.017089984245114,74.60011169842524,74.60011169842524,0.11991666666666667,0.11991666666666667,0.7182333333333334,0.7182333333333334,0.0,0.0,45.83959999648141,54.33748576515116,138.960122091627,196.48630223636053,0.18082456140350878,0.16614035087719298,0.08029649122807017,0.1792456140350877,0.012916666666666667,0.08958333333333333,46.7914679863693,46.7914679863693,120.17852314625976,120.17852314625976,0.16028070175438597,0.16028070175438597,0.19031578947368422,0.19031578947368422,0.10208333333333333,0.10208333333333333,44.71110947348145,55.43823941873705,140.50291300597866,200.64621502130268,0.17655925925925925,0.15818518518518518,0.16887962962962963,0.29894444444444446,0.014583333333333334,0.08125,40.45824773189,40.45824773189,103.23784058898285,103.23784058898285,0.13911111111111113,0.13911111111111113,0.452,0.452,0.004166666666666667,0.004166666666666667,40.760619346405086,51.80194854843958,121.12388957913271,179.56339159886744,0.16603541666666669,0.13920833333333335,0.3387604166666666,0.5033541666666667,0.008333333333333333,0.04583333333333333,21.68399965933995,21.68399965933995,56.78337609479594,56.78337609479594,0.09856250000000001,0.09856250000000001,0.8014583333333333,0.8014583333333333,0.0,0.0
syn500,ga,54.43504147257179,60.14572270615478,149.49688734168956,184.3727576922411,0.15114583333333334,0.13876666666666668,0.0,0.0,0.2930555555555555,0.3333333333333333,69.707732816175,77.3105340129919,181.8532875668,213.70173827264836,0.10175,0.08668333333333332,0.0,0.0,0.5465277777777777,0.6583333333333333,44.90964803422487,53.21823719975202,131.40927327537773,193.72055191577368,0.19364166666666666,0.18395,0.04353,0.12014999999999999,0.011458333333333333,0.06875,38.374315886141964,38.374315886141964,112.6416457567604,112.6416457567604,0.17063333333333333,0.17063333333333333,0.34328333333333333,0.34328333333333333,0.0375,0.0375,44.48758975234821,53.10842251610559,137.24090311165622,201.99808924155394,0.18715166666666666,0.17291666666666666,0.09153166666666666,0.18336666666666668,0.016041666666666666,0.10625,27.624512884419662,27.624512884419662,70.80531478101722,70.80531478101722,0.1398,0.1398,0.6467166666666667,0.6467166666666667,0.0,0.0,43.83422467393799,52.97615966754737,141.08471393674654,202.44340272372636,0.17240333333333333,0.15491666666666667,0.1958383333333333,0.3161833333333333,0.029583333333333333,0.11666666666666667,25.9163975338497,25.9163975338497,71.52092323716921,71.52092323716921,0.12175,0.12175,0.7333166666666667,0.7333166666666667,0.0,0.0,44.41526199236511,53.79591073501868,136.78342996496258,201.66330193159675,0.19383859649122806,0.17873684210526317,0.07867368421052631,0.1793684210526316,0.012916666666666667,0.07708333333333334,45.075825519933076,45.075825519933076,113.89377132416703,113.89377132416703,0.1702280701754386,0.1702280701754386,0.17989473684210525,0.17989473684210525,0.08958333333333333,0.08958333333333333,43.186528684981496,53.595675091798284,137.70621518957262,198.56420823656336,0.18957777777777776,0.16927777777777778,0.15909814814814816,0.2862037037037037,0.01875,0.0875,40.506668142129406,40.506668142129406,104.57139512083036,104.57139512083036,0.14055555555555557,0.14055555555555557,0.4291111111111111,0.4291111111111111,0.0020833333333333333,0.0020833333333333333,38.57192017491568,49.10559128267982,116.96403003898399,181.01108730390055,0.17846666666666666,0.14916666666666664,0.3330791666666667,0.49429166666666663,0.009166666666666667,0.06041666666666667,20.685691008982385,20.685691008982385,50.94524855899806,50.94524855899806,0.09133333333333334,0.09133333333333334,0.824875,0.824875,0.0,0.0
syn500,hybrid_eho_aco,54.41624535230529,59.76843295753077,148.47195448929216,183.19696110535241,0.15362499999999998,0.1399,0.0,0.0,0.28958333333333336,0.3333333333333333,69.21727418392642,75.96772752566237,180.20681251889084,212.78313549219178,0.10339166666666665,0.08683333333333333,0.0,0.0,0.5618055555555556,0.6583333333333333,45.139916612707516,53.064132129660756,132.5290951209256,192.57526710863468,0.19693166666666664,0.18663333333333335,0.04499666666666667,0.1272,0.0077083333333333335,0.04791666666666667,38.530182236856554,38.530182236856554,114.49185372917033,114.49185372917033,0.1728,0.1728,0.3466000000000001,0.3466000000000001,0.041666666666666664,0.041666666666666664,44.64812265263272,52.81156974258598,137.63777651496895,199.85610439925722,0.19071166666666667,0.17695,0.09329666666666667,0.19055,0.012916666666666667,0.09166666666666666,27.326607915564807,27.326607915564807,69.12839510985842,69.12839510985842,0.1421,0.1421,0.6420666666666667,0.6420666666666667,0.0,0.0,43.82937229645561,52.73864082002271,140.59377944694475,200.1066489114873,0.1751333333333333,0.1568,0.19812333333333332,0.31933333333333336,0.023958333333333335,0.10833333333333334,25.29488303820194,25.29488303820194,68.86290713139515,68.86290713139515,0.12371666666666667,0.12371666666666667,0.7332833333333333,0.7332833333333333,0.0,0.0,44.505782082389935,53.02856739352525,136.92436441296508,197.95010721065034,0.19713859649122809,0.1820701754385965,0.08055263157894736,0.18317543859649124,0.011875,0.07083333333333333,45.9010637378378,45.9010637378378,116.07572686437577,116.07572686437577,0.1704561403508772,0.1704561403508772,0.1780877192982456,0.1780877192982456,0.11458333333333333,0.11458333333333333,43.20935286937287,52.61604762636819,137.59596053578505,198.48370924556318,0.19247407407407408,0.1717962962962963,0.16258333333333336,0.2919629629629629,0.012708333333333334,0.08125,40.990519023222724,40.990519023222724,105.97503533621024,105.97503533621024,0.1426111111111111,0.1426111111111111,0.41714814814814816,0.41714814814814816,0.008333333333333333,0.008333333333333333,38.60718966107408,48.641905892267474,118.06267341005884,180.05073197103013,0.18101458333333334,0.15225,0.33678541666666667,0.4922083333333333,0.006875,0.0375,19.925968675647276,19.925968675647276,48.16576068823118,48.16576068823118,0.09472916666666667,0.09472916666666667,0.8267916666666667,0.8267916666666667,0.0,0.0
syn500,kcenter,82.78196846290923,112.48429977267435,194.89594703571368,235.6645303417764,0.069,0.042,0.0,0.0,0.35416666666666663,0.41666666666666663,106.3008858887038,142.8771850561236,226.71276543105162,314.14174495392234,0.046000000000000006,0.026,0.0,0.0,0.5208333333333334,0.75,72.49543080258408,82.0196374375252,193.03425874740023,255.07283606510597,0.08819999999999999,0.078,0.028000000000000004,0.098,0.11875,0.25,52.446961698459745,52.446961698459745,124.1038302853949,124.1038302853949,0.076,0.076,0.418,0.418,0.125,0.125,68.06337281396976,74.11002153740836,174.68745658367655,233.0433233190606,0.08459999999999998,0.074,0.10379999999999998,0.266,0.18125,0.25,40.85684880999561,40.85684880999561,86.23097444598594,86.23097444598594,0.064,0.064,0.742,0.742,0.0,0.0,63.8523662891762,82.42365864487203,160.07988610385596,230.04492016060317,0.0784,0.068,0.2816,0.51,0.175,0.25,6.758512711395082,6.758512711395082,18.95493631502412,18.95493631502412,0.05,0.05,0.95,0.95,0.0,0.0,69.23172306605879,76.42277991228593,187.60722281731165,267.20055924636154,0.09031578947368421,0.08210526315789474,0.08989473684210526,0.2673684210526316,0.13125,0.25,66.03669109269467,66.03669109269467,150.11633883048407,150.11633883048407,0.07157894736842105,0.07157894736842105,0.1368421052631579,0.1368421052631579,0.125,0.125,71.66471772751227,91.03720994982532,183.35774007971006,252.834178339713,0.08755555555555557,0.07555555555555556,0.18711111111111112,0.4822222222222222,0.0875,0.1875,58.49049497604574,58.49049497604574,115.81829642541308,115.81829642541308,0.07333333333333333,0.07333333333333333,0.5177777777777778,0.5177777777777778,0.0,0.0,57.590398295620666,72.53015542166882,132.87767830211487,174.04042711303387,0.08375,0.0575,0.42124999999999996,0.6975,0.09375,0.1875,22.56113874811682,22.56113874811682,48.96368578447413,48.96368578447413,0.06,0.06,0.8725,0.8725,0.0,0.0
syn500,kmeans,64.17260379336503,67.51402695450565,178.5445001942503,218.84963929889423,0.1125,0.1,0.0,0.0,0.3541666666666667,0.5,82.60944138074404,89.01361309966697,209.19692956999697,240.3159866881507,0.075,0.052,0.0,0.0,0.5208333333333334,0.75,54.17130603269113,63.890067386759746,169.33956801398736,217.4403506099944,0.14462,0.13513333333333336,0.03644666666666666,0.10913333333333333,0.06520833333333334,0.275,42.11348485023673,42.11348485023673,136.52671864241478,136.52671864241478,0.142,0.142,0.394,0.394,0.0625,0.0625,54.716372808060235,65.11117506800639,173.0288866492837,223.7353557412981,0.13834,0.12633333333333333,0.08160666666666666,0.20426666666666668,0.093125,0.27708333333333335,33.12644831753108,33.12644831753108,87.54645079398625,87.54645079398625,0.136,0.136,0.526,0.526,0.0,0.0,52.047115803564914,63.41038174212259,165.18195669609702,221.83753324062639,0.12642666666666666,0.11013333333333333,0.20670000000000002,0.3685333333333333,0.06875,0.21458333333333332,31.0554830022003,31.0554830022003,86.5314680960848,86.5314680960848,0.112,0.112,0.618,0.618,0.0,0.0,53.4370698870518,66.0546493050549,169.3708423010976,223.43438285664095,0.14668070175438597,0.13508771929824562,0.07496842105263157,0.19410526315789473,0.04354166666666667,0.1875,51.609119651686214,51.609119651686214,134.56919298561093,134.56919298561093,0.15157894736842106,0.15157894736842106,0.09263157894736843,0.09263157894736843,0.1875,0.1875,51.92014092974186,67.38254754743988,164.94070887145563,228.45788989910332,0.14222962962962962,0.12481481481481481,0.16956296296296297,0.32155555555555554,0.036875,0.14375,36.167613002924476,36.167613002924476,92.63697666676512,92.63697666676512,0.14444444444444443,0.14444444444444443,0.43333333333333335,0.43333333333333335,0.0,0.0,45.405982354657176,61.11004247154241,135.58952205872174,196.54527991487353,0.13116666666666668,0.10416666666666667,0.360175,0.5166666666666667,0.013125000000000001,0.08125,27.642038122235437,27.642038122235437,77.16005128596491,77.16005128596491,0.1125,0.1125,0.69,0.69,0.0,0.0
syn500,kmedian,54.31366562502974,60.47916252482558,152.47376700888407,174.42757586629392,0.1605,0.146,0.0,0.0,0.3125,0.5,72.87019498910898,88.76741400803508,188.09102597532512,228.59713756349504,0.10699999999999998,0.094,0.0,0.0,0.5,0.75,45.77611000785001,56.08463200757724,150.04835640538528,215.90083012301434,0.20779999999999998,0.198,0.0402,0.114,0.0125,0.125,35.78246304837107,35.78246304837107,100.962745727519,100.962745727519,0.19,0.19,0.338,0.338,0.0,0.0,44.245771273155064,51.607965388715144,138.72649081042346,205.5105476992314,0.1926,0.152,0.1044,0.196,0.03125,0.1875,32.72133290279689,32.72133290279689,86.23097444598594,86.23097444598594,0.168,0.168,0.51,0.51,0.0,0.0,41.54384387119396,46.51305795764821,131.28668534182998,187.44179900255352,0.17839999999999998,0.152,0.20620000000000002,0.258,0.025,0.125,24.687528551962235,24.687528551962235,65.62391192879629,65.62391192879629,0.144,0.144,0.678,0.678,0.0,0.0,43.32067293032554,49.663563548044614,139.68614093628494,205.51032784119437,0.21242105263157898,0.2,0.06799999999999999,0.13894736842105262,0.025,0.125,43.18944486488862,43.18944486488862,110.56567093803638,110.56567093803638,0.1957894736842105,0.1957894736842105,0.1368421052631579,0.1368421052631579,0.0625,0.0625,43.621029852346574,56.11791539917877,138.84436987710822,209.94385579025266,0.19933333333333333,0.18222222222222223,0.15066666666666667,0.24666666666666667,0.037500000000000006,0.125,40.62393809385816,40.62393809385816,102.49911259317008,102.49911259317008,0.1711111111111111,0.1711111111111111,0.34,0.34,0.0,0.0,41.90345258673021,53.717320757765094,131.5102782681251,212.74609392353577,0.17125,0.1225,0.33049999999999996,0.415,0.0,0.0,22.34488575767389,22.34488575767389,61.938746895450016,61.938746895450016,0.1275,0.1275,0.725,0.725,0.0,0.0
syn500,pagerank,82.71379556149004,94.73993448688569,193.46919044980928,215.33945205682642,0.10975000000000001,0.0815,0.0,0.0,0.29166666666666663,0.41666666666666663,99.73752495389817,130.9979232259654,214.96031484955626,238.11646605768954,0.07958333333333333,0.0395,0.0,0.0,0.5416666666666667,0.75,79.42243718744999,99.79456825763776,210.379063796139,273.1519459674971,0.13069999999999998,0.1275,0.0402,0.114,0.025,0.25,55.06324963196877,55.06324963196877,160.80472911939677,160.80472911939677,0.1315,0.1315,0.43,0.43,0.125,0.125,73.14199290894899,98.67662093779057,195.18625219029337,267.8748600237575,0.1269,0.1195,0.1762,0.706,0.05,0.1875,23.235582315272044,23.235582315272044,64.08026703006601,64.08026703006601,0.122,0.122,0.748,0.748,0.0,0.0,76.10130075494652,101.46097688003017,191.52168879189105,248.77647139419855,0.1198,0.11649999999999999,0.24840000000000004,0.442,0.11875,0.3125,22.681246162410275,22.681246162410275,62.88800850401408,62.88800850401408,0.11,0.11,0.796,0.796,0.0,0.0,76.65563688139028,97.74749017370408,196.09191827973922,269.65424126538505,0.13,0.12210526315789473,0.1208421052631579,0.36,0.09375,0.3125,70.20871757688246,70.20871757688246,171.01220943952416,171.01220943952416,0.13842105263157894,0.13842105263157894,0.1368421052631579,0.1368421052631579,0.1875,0.1875,78.29716690203895,98.61585824455945,202.35852208168208,243.99112534948813,0.12811111111111112,0.11777777777777777,0.18288888888888888,0.44,0.09375,0.25,33.77650023944025,33.77650023944025,103.10059390857228,103.10059390857228,0.14444444444444443,0.14444444444444443,0.62,0.62,0.0,0.0,58.05846474990827,105.99447647349986,143.1743486017982,239.1226829422959,0.11981250000000002,0.1075,0.48175000000000007,0.7375,0.06249999999999999,0.1875,23.615021171067895,23.615021171067895,65.13088753009654,65.13088753009654,0.14,0.14,0.7175,0.7175,0.0,0.0
syn500,pso,55.85974983898898,61.9906655678877,153.68276322234777,188.83635091318993,0.14545416666666666,0.13235,0.0,0.0,0.2951388888888889,0.3361111111111111,71.42919441065253,79.57192066627421,184.90375092468827,216.0662885574169,0.09771666666666666,0.08138333333333334,0.0,0.0,0.55625,0.7,45.75722502898613,53.65242170903644,134.23875787858867,191.7934938719072,0.18646,0.17629999999999998,0.04425333333333334,0.127,0.011250000000000001,0.06666666666666667,39.34941613560013,39.34941613560013,114.40456774035732,114.40456774035732,0.16488333333333335,0.16488333333333335,0.3430666666666667,0.3430666666666667,0.04583333333333333,0.04583333333333333,45.51255285057574,54.49590850314952,140.3621597830622,202.77403287702774,0.18082999999999996,0.16803333333333334,0.09143166666666666,0.18431666666666666,0.01916666666666667,0.10208333333333333,28.384867827890712,28.384867827890712,72.90419236606606,72.90419236606606,0.13498333333333334,0.13498333333333334,0.6423500000000001,0.6423500000000001,0.0,0.0,44.86836467504334,54.062907946250895,143.38468562892118,202.87114413445127,0.16643666666666665,0.14886666666666667,0.19758333333333333,0.3183166666666667,0.037083333333333336,0.1375,26.31933663309997,26.31933663309997,72.35299069732704,72.35299069732704,0.11995,0.11995,0.7265166666666667,0.7265166666666667,0.0,0.0,45.04029123801307,54.55450465901698,137.68772333945844,198.8535232156979,0.1871684210526316,0.17250877192982456,0.0829719298245614,0.18301754385964913,0.019583333333333335,0.0875,45.739072227698855,45.739072227698855,117.08913447316799,117.08913447316799,0.16540350877192983,0.16540350877192983,0.18326315789473685,0.18326315789473685,0.10208333333333333,0.10208333333333333,43.890840462271704,53.69324629235073,138.96759597161883,200.0401909633427,0.18296296296296297,0.1652037037037037,0.16166296296296295,0.2897777777777778,0.021041666666666667,0.09791666666666667,40.45761327419963,40.45761327419963,103.22619340908082,103.22619340908082,0.13944444444444445,0.13944444444444445,0.43246296296296294,0.43246296296296294,0.0,0.0,39.730845245698646,50.774758256582274,119.20743898086104,180.08168790011166,0.17107291666666666,0.14308333333333334,0.3374479166666667,0.49214583333333334,0.011041666666666667,0.05625,21.726588573913393,21.726588573913393,55.67509714412092,55.67509714412092,0.0969375,0.0969375,0.8041041666666667,0.8041041666666667,0.0,0.0
syn500,random,57.23535738021778,63.606147831765284,154.22138641237652,189.79738072973865,0.13810833333333333,0.12561666666666665,0.0,0.0,0.28888888888888886,0.3333333333333333,72.3403176430971,80.54660739634633,184.85405703130948,216.0538279114075,0.09266944444444444,0.0768,0.0,0.0,0.5770833333333333,0.725,47.521698760208196,56.53934742878081,135.77945192001812,197.1455534561036,0.17771666666666663,0.16846666666666668,0.04559166666666667,0.12976666666666667,0.005625000000000001,0.0375,39.86836531145409,39.86836531145409,115.9082491438314,115.9082491438314,0.1583,0.1583,0.36833333333333335,0.36833333333333335,0.022916666666666665,0.022916666666666665,47.34962291425519,56.58710770322991,141.5578622675812,202.72549959972505,0.1719883333333333,0.15963333333333332,0.09340666666666667,0.19091666666666668,0.013958333333333333,0.09583333333333334,28.474781232748384,28.474781232748384,74.41645772803167,74.41645772803167,0.13416666666666668,0.13416666666666668,0.6443166666666666,0.6443166666666666,0.0,0.0,46.57453080614649,56.76503713428321,143.7688888338849,202.82221293301046,0.15952499999999997,0.1422,0.20180666666666666,0.3248166666666667,0.02625,0.12083333333333333,26.597891438702675,26.597891438702675,73.50051390453454,73.50051390453454,0.12050000000000001,0.12050000000000001,0.721,0.721,0.0,0.0,46.750179560322344,55.12544869286223,140.47879892589123,197.2168833486021,0.17882280701754386,0.16554385964912283,0.08362982456140351,0.19435087719298244,0.010208333333333335,0.07083333333333333,47.66665538390507,47.66665538390507,121.21011988462057,121.21011988462057,0.1567894736842105,0.1567894736842105,0.20157894736842105,0.20157894736842105,0.1,0.1,45.76594663019963,56.0252625394651,140.88983317970224,202.99968198444705,0.17421111111111112,0.15533333333333335,0.16846111111111112,0.2987592592592592,0.013125,0.07291666666666667,41.69064118422135,41.69064118422135,106.39010954116537,106.39010954116537,0.13629629629629628,0.13629629629629628,0.45422222222222225,0.45422222222222225,0.0,0.0,41.422417367974816,52.20287706804706,122.74101601066208,183.15940193189215,0.1641645833333333,0.13783333333333334,0.34683958333333337,0.5043333333333333,0.005625000000000001,0.035416666666666666,20.606142325798253,20.606142325798253,53.77457552634522,53.77457552634522,0.10162500000000001,0.10162500000000001,0.80425,0.80425,0.0,0.0
syn500,sa,54.60520766423892,60.07743609998602,151.2873414860333,187.57822939526824,0.1516875,0.13976666666666665,0.0,0.0,0.28680555555555554,0.3333333333333333,70.19509691010377,78.77345814511656,183.42707863020163,216.2038880142982,0.10175277777777776,0.08596666666666668,0.0,0.0,0.5604166666666667,0.6291666666666667,44.44445989586132,52.27610489039989,132.36898650617474,193.6143212206148,0.19503166666666666,0.1848,0.04559166666666667,0.13113333333333335,0.004375,0.03125,37.57976473971029,37.57976473971029,113.78991188000238,113.78991188000238,0.1724166666666667,0.1724166666666667,0.34945000000000004,0.34945000000000004,0.01875,0.01875,43.862026575384405,52.002626667849796,137.47981746981904,198.32460348119957,0.18889166666666665,0.17646666666666666,0.09339,0.19145,0.011666666666666667,0.08125,27.404832294535645,27.404832294535645,70.38581973781234,70.38581973781234,0.14168333333333333,0.14168333333333333,0.6352833333333333,0.6352833333333333,0.0,0.0,43.20373130461784,51.8586033704552,141.21002971926112,200.95242496859706,0.1740783333333333,0.1562,0.19857666666666668,0.31785,0.022916666666666665,0.10833333333333334,25.300528735027118,25.300528735027118,69.54656806977592,69.54656806977592,0.12563333333333335,0.12563333333333335,0.7256166666666667,0.7256166666666667,0.0,0.0,43.70394346646053,52.00320355547452,136.4719076664806,197.36866999969547,0.19519824561403507,0.17984210526315791,0.08252631578947368,0.17926315789473685,0.012083333333333333,0.06875,45.37486486254795,45.37486486254795,116.70110099002719,116.70110099002719,0.17164912280701752,0.17164912280701752,0.17689473684210527,0.17689473684210527,0.09166666666666666,0.09166666666666666,42.381242409402724,51.54378849371278,136.52009771321246,195.33109041073115,0.19078703703703706,0.17137037037037037,0.16247962962962964,0.2874074074074074,0.014166666666666668,0.07916666666666666,40.03336414636892,40.03336414636892,103.61819860539202,103.61819860539202,0.14344444444444443,0.14344444444444443,0.419,0.419,0.0,0.0,38.21113211677939,47.94024793578223,118.23475070490642,182.16831794374966,0.17995,0.15141666666666667,0.3306104166666667,0.48350000000000004,0.007083333333333333,0.04583333333333333,19.395075343571765,19.395075343571765,46.287197513978235,46.287197513978235,0.09479166666666666,0.09479166666666666,0.8312708333333333,0.8312708333333333,0.0,0.0
