topology,algorithm,res_controller_single_mean_avg_ms,res_controller_single_worst_avg_ms,res_controller_single_mean_max_ms,res_controller_single_worst_max_ms,res_controller_single_mean_pct_sla,res_controller_single_worst_pct_sla,res_controller_single_mean_pct_orphan,res_controller_single_worst_pct_orphan,res_controller_single_mean_overload_ratio,res_controller_single_worst_overload_ratio,res_controller_double_mean_avg_ms,res_controller_double_worst_avg_ms,res_controller_double_mean_max_ms,res_controller_double_worst_max_ms,res_controller_double_mean_pct_sla,res_controller_double_worst_pct_sla,res_controller_double_mean_pct_orphan,res_controller_double_worst_pct_orphan,res_controller_double_mean_overload_ratio,res_controller_double_worst_overload_ratio,res_link_random_5_mean_avg_ms,res_link_random_5_worst_avg_ms,res_link_random_5_mean_max_ms,res_link_random_5_worst_max_ms,res_link_random_5_mean_pct_sla,res_link_random_5_worst_pct_sla,res_link_random_5_mean_pct_orphan,res_link_random_5_worst_pct_orphan,res_link_random_5_mean_overload_ratio,res_link_random_5_worst_overload_ratio,res_link_targeted_5_mean_avg_ms,res_link_targeted_5_worst_avg_ms,res_link_targeted_5_mean_max_ms,res_link_targeted_5_worst_max_ms,res_link_targeted_5_mean_pct_sla,res_link_targeted_5_worst_pct_sla,res_link_targeted_5_mean_pct_orphan,res_link_targeted_5_worst_pct_orphan,res_link_targeted_5_mean_overload_ratio,res_link_targeted_5_worst_overload_ratio,res_link_random_10_mean_avg_ms,res_link_random_10_worst_avg_ms,res_link_random_10_mean_max_ms,res_link_random_10_worst_max_ms,res_link_random_10_mean_pct_sla,res_link_random_10_worst_pct_sla,res_link_random_10_mean_pct_orphan,res_link_random_10_worst_pct_orphan,res_link_random_10_mean_overload_ratio,res_link_random_10_worst_overload_ratio,res_link_targeted_10_mean_avg_ms,res_link_targeted_10_worst_avg_ms,res_link_targeted_10_mean_max_ms,res_link_targeted_10_worst_max_ms,res_link_targeted_10_mean_pct_sla,res_link_targeted_10_worst_pct_sla,res_link_targeted_10_mean_pct_orphan,res_link_targeted_10_worst_pct_orphan,res_link_targeted_10_mean_overload_ratio,res_link_targeted_10_worst_overload_ratio,res_link_random_20_mean_avg_ms,res_link_random_20_worst_avg_ms,res_link_random_20_mean_max_ms,res_link_random_20_worst_max_ms,res_link_random_20_mean_pct_sla,res_link_random_20_worst_pct_sla,res_link_random_20_mean_pct_orphan,res_link_random_20_worst_pct_orphan,res_link_random_20_mean_overload_ratio,res_link_random_20_worst_overload_ratio,res_link_targeted_20_mean_avg_ms,res_link_targeted_20_worst_avg_ms,res_link_targeted_20_mean_max_ms,res_link_targeted_20_worst_max_ms,res_link_targeted_20_mean_pct_sla,res_link_targeted_20_worst_pct_sla,res_link_targeted_20_mean_pct_orphan,res_link_targeted_20_worst_pct_orphan,res_link_targeted_20_mean_overload_ratio,res_link_targeted_20_worst_overload_ratio,res_node_random_5_mean_avg_ms,res_node_random_5_worst_avg_ms,res_node_random_5_mean_max_ms,res_node_random_5_worst_max_ms,res_node_random_5_mean_pct_sla,res_node_random_5_worst_pct_sla,res_node_random_5_mean_pct_orphan,res_node_random_5_worst_pct_orphan,res_node_random_5_mean_overload_ratio,res_node_random_5_worst_overload_ratio,res_node_targeted_5_mean_avg_ms,res_node_targeted_5_worst_avg_ms,res_node_targeted_5_mean_max_ms,res_node_targeted_5_worst_max_ms,res_node_targeted_5_mean_pct_sla,res_node_targeted_5_worst_pct_sla,res_node_targeted_5_mean_pct_orphan,res_node_targeted_5_worst_pct_orphan,res_node_targeted_5_mean_overload_ratio,res_node_targeted_5_worst_overload_ratio,res_node_random_10_mean_avg_ms,res_node_random_10_worst_avg_ms,res_node_random_10_mean_max_ms,res_node_random_10_worst_max_ms,res_node_random_10_mean_pct_sla,res_node_random_10_worst_pct_sla,res_node_random_10_mean_pct_orphan,res_node_random_10_worst_pct_orphan,res_node_random_10_mean_overload_ratio,res_node_random_10_worst_overload_ratio,res_node_targeted_10_mean_avg_ms,res_node_targeted_10_worst_avg_ms,res_node_targeted_10_mean_max_ms,res_node_targeted_10_worst_max_ms,res_node_targeted_10_mean_pct_sla,res_node_targeted_10_worst_pct_sla,res_node_targeted_10_mean_pct_orphan,res_node_targeted_10_worst_pct_orphan,res_node_targeted_10_mean_overload_ratio,res_node_targeted_10_worst_overload_ratio,res_node_random_20_mean_avg_ms,res_node_random_20_worst_avg_ms,res_node_random_20_mean_max_ms,res_node_random_20_worst_max_ms,res_node_random_20_mean_pct_sla,res_node_random_20_worst_pct_sla,res_node_random_20_mean_pct_orphan,res_node_random_20_worst_pct_orphan,res_node_random_20_mean_overload_ratio,res_node_random_20_worst_overload_ratio,res_node_targeted_20_mean_avg_ms,res_node_targeted_20_worst_avg_ms,res_node_targeted_20_mean_max_ms,res_node_targeted_20_worst_max_ms,res_node_targeted_20_mean_pct_sla,res_node_targeted_20_worst_pct_sla,res_node_targeted_20_mean_pct_orphan,res_node_targeted_20_worst_pct_orphan,res_node_targeted_20_mean_overload_ratio,res_node_targeted_20_worst_overload_ratio
Abilene,aco,6.317209077789223,7.13907050464618,18.22951573601178,22.655449299554384,0.9829545454545454,0.9318181818181818,0.0,0.0,0.3125,0.4166666666666667,9.425747153024094,11.780001445408365,22.233192458159067,28.462125328063006,0.9166666666666667,0.7954545454545454,0.0,0.0,0.6458333333333334,0.875,5.318546202220692,7.691052316628787,21.541028861865836,39.2144773980095,0.963030303030303,0.8863636363636364,0.0,0.0,0.125,0.125,5.0168480214708975,5.0168480214708975,16.709679650856113,16.709679650856113,1.0,1.0,0.0,0.0,0.125,0.125,5.380809122745975,7.681053097532724,22.005468539362845,39.31384840344107,0.9634090909090909,0.8871212121212121,0.0,0.0,0.125,0.125,5.0168480214708975,5.0168480214708975,16.709679650856113,16.709679650856113,1.0,1.0,0.0,0.0,0.125,0.125,6.787948805951561,11.187025470389077,28.533474603491015,50.58690601023857,0.9023484848484848,0.7840909090909091,0.014545454545454545,0.08409090909090909,0.1375,0.20416666666666666,6.742229768918073,6.742229768918073,26.1348520290754,26.1348520290754,0.9318181818181818,0.9318181818181818,0.0,0.0,0.125,0.125,4.211852757609239,5.085275929055484,15.316304049762016,21.541257896773256,0.9914166666666666,0.9591666666666666,0.0,0.0,0.11708333333333334,0.125,3.997732349010201,3.997732349010201,14.530038383674217,14.530038383674217,1.0,1.0,0.0,0.0,0.125,0.125,4.1626558749374745,5.019067853505068,14.971595793618045,20.797415279845143,0.9931666666666668,0.9600000000000001,0.0,0.0,0.11375,0.125,3.997732349010201,3.997732349010201,14.530038383674217,14.530038383674217,1.0,1.0,0.0,0.0,0.125,0.125,3.9182955139810143,5.187852760970437,14.515166686161752,21.6497119812178,0.9898148148148149,0.95,0.0,0.0,0.10479166666666666,0.125,3.8699341508953102,3.8699341508953102,14.016584195495946,14.016584195495946,1.0,1.0,0.0,0.0,0.125,0.125
Abilene,eho,6.317209077789223,7.13907050464618,18.22951573601178,22.655449299554384,0.9829545454545454,0.9318181818181818,0.0,0.0,0.3125,0.4166666666666667,9.425747153024094,11.780001445408365,22.233192458159067,28.462125328063006,0.9166666666666667,0.7954545454545454,0.0,0.0,0.6458333333333334,0.875,5.318546202220692,7.691052316628787,21.541028861865836,39.2144773980095,0.963030303030303,0.8863636363636364,0.0,0.0,0.125,0.125,5.0168480214708975,5.0168480214708975,16.709679650856113,16.709679650856113,1.0,1.0,0.0,0.0,0.125,0.125,5.380809122745975,7.681053097532724,22.005468539362845,39.31384840344107,0.9634090909090909,0.8871212121212121,0.0,0.0,0.125,0.125,5.0168480214708975,5.0168480214708975,16.709679650856113,16.709679650856113,1.0,1.0,0.0,0.0,0.125,0.125,6.787948805951561,11.187025470389077,28.533474603491015,50.58690601023857,0.9023484848484848,0.7840909090909091,0.014545454545454545,0.08409090909090909,0.1375,0.20416666666666666,6.742229768918073,6.742229768918073,26.1348520290754,26.1348520290754,0.9318181818181818,0.9318181818181818,0.0,0.0,0.125,0.125,4.211852757609239,5.085275929055484,15.316304049762016,21.541257896773256,0.9914166666666666,0.9591666666666666,0.0,0.0,0.11708333333333334,0.125,3.997732349010201,3.997732349010201,14.530038383674217,14.530038383674217,1.0,1.0,0.0,0.0,0.125,0.125,4.1626558749374745,5.019067853505068,14.971595793618045,20.797415279845143,0.9931666666666668,0.9600000000000001,0.0,0.0,0.11375,0.125,3.997732349010201,3.997732349010201,14.530038383674217,14.530038383674217,1.0,1.0,0.0,0.0,0.125,0.125,3.9182955139810143,5.187852760970437,14.515166686161752,21.6497119812178,0.9898148148148149,0.95,0.0,0.0,0.10479166666666666,0.125,3.8699341508953102,3.8699341508953102,14.016584195495946,14.016584195495946,1.0,1.0,0.0,0.0,0.125,0.125
Abilene,ga,6.317209077789223,7.13907050464618,18.22951573601178,22.655449299554384,0.9829545454545454,0.9318181818181818,0.0,0.0,0.3125,0.4166666666666667,9.425747153024094,11.780001445408365,22.233192458159067,28.462125328063006,0.9166666666666667,0.7954545454545454,0.0,0.0,0.6458333333333334,0.875,5.318546202220692,7.691052316628787,21.541028861865836,39.2144773980095,0.963030303030303,0.8863636363636364,0.0,0.0,0.125,0.125,5.0168480214708975,5.0168480214708975,16.709679650856113,16.709679650856113,1.0,1.0,0.0,0.0,0.125,0.125,5.380809122745975,7.681053097532724,22.005468539362845,39.31384840344107,0.9634090909090909,0.8871212121212121,0.0,0.0,0.125,0.125,5.0168480214708975,5.0168480214708975,16.709679650856113,16.709679650856113,1.0,1.0,0.0,0.0,0.125,0.125,6.787948805951561,11.187025470389077,28.533474603491015,50.58690601023857,0.9023484848484848,0.7840909090909091,0.014545454545454545,0.08409090909090909,0.1375,0.20416666666666666,6.742229768918073,6.742229768918073,26.1348520290754,26.1348520290754,0.9318181818181818,0.9318181818181818,0.0,0.0,0.125,0.125,4.211852757609239,5.085275929055484,15.316304049762016,21.541257896773256,0.9914166666666666,0.9591666666666666,0.0,0.0,0.11708333333333334,0.125,3.997732349010201,3.997732349010201,14.530038383674217,14.530038383674217,1.0,1.0,0.0,0.0,0.125,0.125,4.1626558749374745,5.019067853505068,14.971595793618045,20.797415279845143,0.9931666666666668,0.9600000000000001,0.0,0.0,0.11375,0.125,3.997732349010201,3.997732349010201,14.530038383674217,14.530038383674217,1.0,1.0,0.0,0.0,0.125,0.125,3.9182955139810143,5.187852760970437,14.515166686161752,21.6497119812178,0.9898148148148149,0.95,0.0,0.0,0.10479166666666666,0.125,3.8699341508953102,3.8699341508953102,14.016584195495946,14.016584195495946,1.0,1.0,0.0,0.0,0.125,0.125
Abilene,hybrid_eho_aco,6.317209077789223,7.13907050464618,18.22951573601178,22.655449299554384,0.9829545454545454,0.9318181818181818,0.0,0.0,0.3125,0.4166666666666667,9.425747153024094,11.780001445408365,22.233192458159067,28.462125328063006,0.9166666666666667,0.7954545454545454,0.0,0.0,0.6458333333333334,0.875,5.318546202220692,7.691052316628787,21.541028861865836,39.2144773980095,0.963030303030303,0.8863636363636364,0.0,0.0,0.125,0.125,5.0168480214708975,5.0168480214708975,16.709679650856113,16.709679650856113,1.0,1.0,0.0,0.0,0.125,0.125,5.380809122745975,7.681053097532724,22.005468539362845,39.31384840344107,0.9634090909090909,0.8871212121212121,0.0,0.0,0.125,0.125,5.0168480214708975,5.0168480214708975,16.709679650856113,16.709679650856113,1.0,1.0,0.0,0.0,0.125,0.125,6.787948805951561,11.187025470389077,28.533474603491015,50.58690601023857,0.9023484848484848,0.7840909090909091,0.014545454545454545,0.08409090909090909,0.1375,0.20416666666666666,6.742229768918073,6.742229768918073,26.1348520290754,26.1348520290754,0.9318181818181818,0.9318181818181818,0.0,0.0,0.125,0.125,4.211852757609239,5.085275929055484,15.316304049762016,21.541257896773256,0.9914166666666666,0.9591666666666666,0.0,0.0,0.11708333333333334,0.125,3.997732349010201,3.997732349010201,14.530038383674217,14.530038383674217,1.0,1.0,0.0,0.0,0.125,0.125,4.1626558749374745,5.019067853505068,14.971595793618045,20.797415279845143,0.9931666666666668,0.9600000000000001,0.0,0.0,0.11375,0.125,3.997732349010201,3.997732349010201,14.530038383674217,14.530038383674217,1.0,1.0,0.0,0.0,0.125,0.125,3.9182955139810143,5.187852760970437,14.515166686161752,21.6497119812178,0.9898148148148149,0.95,0.0,0.0,0.10479166666666666,0.125,3.8699341508953102,3.8699341508953102,14.016584195495946,14.016584195495946,1.0,1.0,0.0,0.0,0.125,0.125
Abilene,hybrid_no_ants,6.317209077789223,7.13907050464618,18.22951573601178,22.655449299554384,0.9829545454545454,0.9318181818181818,0.0,0.0,0.3125,0.4166666666666667,9.425747153024094,11.780001445408365,22.233192458159067,28.462125328063006,0.9166666666666667,0.7954545454545454,0.0,0.0,0.6458333333333334,0.875,5.318546202220692,7.691052316628787,21.541028861865836,39.2144773980095,0.963030303030303,0.8863636363636364,0.0,0.0,0.125,0.125,5.0168480214708975,5.0168480214708975,16.709679650856113,16.709679650856113,1.0,1.0,0.0,0.0,0.125,0.125,5.380809122745975,7.681053097532724,22.005468539362845,39.31384840344107,0.9634090909090909,0.8871212121212121,0.0,0.0,0.125,0.125,5.0168480214708975,5.0168480214708975,16.709679650856113,16.709679650856113,1.0,1.0,0.0,0.0,0.125,0.125,6.787948805951561,11.187025470389077,28.533474603491015,50.58690601023857,0.9023484848484848,0.7840909090909091,0.014545454545454545,0.08409090909090909,0.1375,0.20416666666666666,6.742229768918073,6.742229768918073,26.1348520290754,26.1348520290754,0.9318181818181818,0.9318181818181818,0.0,0.0,0.125,0.125,4.211852757609239,5.085275929055484,15.316304049762016,21.541257896773256,0.9914166666666666,0.9591666666666666,0.0,0.0,0.11708333333333334,0.125,3.997732349010201,3.997732349010201,14.530038383674217,14.530038383674217,1.0,1.0,0.0,0.0,0.125,0.125,4.1626558749374745,5.019067853505068,14.971595793618045,20.797415279845143,0.9931666666666668,0.9600000000000001,0.0,0.0,0.11375,0.125,3.997732349010201,3.997732349010201,14.530038383674217,14.530038383674217,1.0,1.0,0.0,0.0,0.125,0.125,3.9182955139810143,5.187852760970437,14.515166686161752,21.6497119812178,0.9898148148148149,0.95,0.0,0.0,0.10479166666666666,0.125,3.8699341508953102,3.8699341508953102,14.016584195495946,14.016584195495946,1.0,1.0,0.0,0.0,0.125,0.125
Abilene,hybrid_no_ls,6.331222834936706,7.161382424685673,17.693982760180283,23.07350819180704,0.9787878787878788,0.9151515151515152,0.0,0.0,0.31666666666666665,0.43333333333333335,9.129998706234153,11.346699545994767,21.438722935427098,27.739991068579688,0.9242424242424243,0.8174242424242425,0.0,0.0,0.6340277777777777,0.875,5.61274871699124,7.797243376622716,22.476791328442168,39.49077275695018,0.9613636363636363,0.8840909090909091,0.0,0.0,0.125,0.125,5.574892169173294,5.574892169173294,18.33849524584815,18.33849524584815,1.0,1.0,0.0,0.0,0.125,0.125,5.6657284745138075,7.811148693199205,22.686218236157753,39.68554322014803,0.9629545454545454,0.8871212121212121,0.0,0.0,0.125,0.125,5.574892169173294,5.574892169173294,18.33849524584815,18.33849524584815,1.0,1.0,0.0,0.0,0.125,0.125,7.060281419342806,11.43721461140699,29.307443418179403,50.698191883552,0.895909090909091,0.7833333333333333,0.01803030303030303,0.09696969696969697,0.136875,0.2,6.951150871505532,6.951150871505532,25.940102781106877,25.940102781106877,0.9371212121212121,0.9371212121212121,0.0,0.0,0.125,0.125,4.495600984623378,5.420347649546296,16.003321678191746,21.360471792470257,0.9899166666666667,0.9616666666666667,0.0,0.0,0.11708333333333334,0.125,4.642002061316656,4.642002061316656,16.83442882409714,16.83442882409714,0.995,0.995,0.0,0.0,0.125,0.125,4.512092628586387,5.463203669808028,16.139569221451726,21.365911622647708,0.9893333333333333,0.9600000000000001,0.0,0.0,0.11375,0.125,4.642002061316656,4.642002061316656,16.83442882409714,16.83442882409714,0.995,0.995,0.0,0.0,0.125,0.125,4.201906750249121,5.551810791213035,15.030586968283679,20.981855323777,0.9842592592592593,0.9462962962962963,0.002407407407407407,0.014814814814814814,0.10541666666666667,0.13125,5.109504083877153,5.109504083877153,19.01157870343662,19.01157870343662,0.962962962962963,0.962962962962963,0.0,0.0,0.14791666666666667,0.14791666666666667
Abilene,hybrid_swap_ls,6.346705050282859,7.201572625535879,17.721063866083355,23.20287367600539,0.9776515151515153,0.9106060606060605,0.0,0.0,0.3145833333333333,0.425,9.177652853192368,11.429785018771174,21.54640671868453,27.89564444602195,0.9214646464646464,0.8128787878787879,0.0,0.0,0.6340277777777777,0.875,5.604521680729365,7.826998503092411,22.402484860592306,39.66883633400331,0.9614393939393939,0.8871212121212121,0.0,0.0,0.125,0.125,5.513102272886537,5.513102272886537,17.97411607745374,17.97411607745374,1.0,1.0,0.0,0.0,0.125,0.125,5.655908264701315,7.809801119890574,22.603560203943236,39.62437529857081,0.9628030303030303,0.8901515151515151,0.0,0.0,0.125,0.125,5.513102272886537,5.513102272886537,17.97411607745374,17.97411607745374,1.0,1.0,0.0,0.0,0.125,0.125,7.011418276210607,11.438771392488782,29.002795241859996,50.91362258531181,0.8965909090909091,0.7856060606060606,0.01840909090909091,0.10227272727272728,0.13645833333333332,0.2,7.078176254414971,7.078176254414971,26.575769758403407,26.575769758403407,0.9340909090909091,0.9340909090909091,0.0,0.0,0.125,0.125,4.525290360101484,5.487503720085359,16.069041097433118,21.609376476898614,0.9890000000000001,0.9591666666666666,0.0,0.0,0.11708333333333334,0.125,4.509980868339317,4.509980868339317,15.823744049876227,15.823744049876227,0.9975,0.9975,0.0,0.0,0.125,0.125,4.5266534193113195,5.554489293586682,16.10338401603009,22.033965001773883,0.9880833333333334,0.9558333333333333,0.0,0.0,0.11375,0.125,4.509980868339317,4.509980868339317,15.823744049876227,15.823744049876227,0.9975,0.9975,0.0,0.0,0.125,0.125,4.2454606441383245,5.716898628563253,15.148705528508847,21.81997243612265,0.9837962962962963,0.9425925925925926,0.002037037037037037,0.01574074074074074,0.10645833333333334,0.13958333333333334,5.04994204652313,5.04994204652313,18.57600997774909,18.57600997774909,0.9657407407407407,0.9657407407407407,0.0,0.0,0.15416666666666667,0.15416666666666667
Abilene,ilp_ckm,6.028823294420837,7.1289156856290585,17.101344892789363,20.338486973770927,0.9943181818181819,0.9772727272727273,0.0,0.0,0.33333333333333326,0.5,9.403559407579579,11.694561502857976,21.839872807848906,26.964381819348908,0.9242424242424243,0.7954545454545455,0.0,0.0,0.5833333333333334,0.875,4.976420212241163,8.505442312919136,22.332300242509486,44.0370535731562,0.9568181818181818,0.8636363636363636,0.0,0.0,0.125,0.125,4.398493979035064,4.398493979035064,14.951074304355355,14.951074304355355,1.0,1.0,0.0,0.0,0.125,0.125,4.213049937165232,6.08851453101017,15.487245976997981,31.522364453562474,0.9886363636363636,0.9090909090909091,0.0,0.0,0.125,0.125,4.398493979035064,4.398493979035064,14.951074304355355,14.951074304355355,1.0,1.0,0.0,0.0,0.125,0.125,6.601991807893395,10.517896486728239,28.680251197298283,55.62327876991004,0.890909090909091,0.8181818181818182,0.01818181818181818,0.13636363636363635,0.14375,0.25,9.230437421095395,9.230437421095395,44.0370535731562,44.0370535731562,0.8636363636363636,0.8636363636363636,0.0,0.0,0.125,0.125,3.532900137751639,4.122209814576516,11.110728850571784,15.837303270666274,0.9975,0.975,0.0,0.0,0.11875,0.125,3.5868883179634676,3.5868883179634676,11.726125211415773,11.726125211415773,1.0,1.0,0.0,0.0,0.125,0.125,3.6680700852091674,5.398599395880181,12.999153157599713,29.73485704483178,0.99,0.925,0.0,0.0,0.09375,0.125,3.5868883179634676,3.5868883179634676,11.726125211415773,11.726125211415773,1.0,1.0,0.0,0.0,0.125,0.125,3.801998219175597,5.454706759698146,15.267971314412078,29.73485704483178,0.9805555555555556,0.9166666666666666,0.0,0.0,0.0875,0.125,3.5000017007417585,3.5000017007417585,11.725998277137684,11.725998277137684,1.0,1.0,0.0,0.0,0.125,0.125
Abilene,kcenter,6.871957545833561,8.13401244534901,18.302184810444416,18.933217352440685,1.0,1.0,0.0,0.0,0.29166666666666663,0.5,11.00602145399873,17.568192625065997,22.710913387632523,36.8339106692829,0.9090909090909092,0.5454545454545454,0.0,0.0,0.5416666666666666,0.75,5.412745986146244,8.355747343756763,20.290407677822195,43.09003263321029,0.9568181818181818,0.8409090909090909,0.0,0.0,0.125,0.125,6.176913856998572,6.176913856998572,19.389999220360743,19.389999220360743,1.0,1.0,0.0,0.0,0.125,0.125,4.868547121401331,6.339431806530061,15.63957776411745,27.57230322353964,0.9818181818181818,0.9090909090909091,0.0,0.0,0.125,0.125,6.176913856998572,6.176913856998572,19.389999220360743,19.389999220360743,1.0,1.0,0.0,0.0,0.125,0.125,7.336622544740976,13.684357381133378,27.803188769466622,58.01425656513166,0.8772727272727272,0.7272727272727273,0.00909090909090909,0.09090909090909091,0.14375000000000002,0.3125,7.232956986750642,7.232956986750642,26.37368440350205,26.37368440350205,0.9545454545454546,0.9545454545454546,0.0,0.0,0.125,0.125,5.140205647010588,6.304346944168,20.189088817547912,29.708461908794362,0.96,0.925,0.0,0.0,0.125,0.125,4.855544442778028,4.855544442778028,14.291613454334506,14.291613454334506,1.0,1.0,0.0,0.0,0.125,0.125,4.670678883982626,6.095521686801523,18.035799116246753,27.39927015265588,0.9624999999999999,0.925,0.0,0.0,0.0875,0.125,4.855544442778028,4.855544442778028,14.291613454334506,14.291613454334506,1.0,1.0,0.0,0.0,0.125,0.125,4.4312215021613035,6.570915072889887,15.546379509821808,27.083144904141363,0.9722222222222223,0.8888888888888888,0.0,0.0,0.1125,0.125,3.8163643622346766,3.8163643622346766,11.128283804502795,11.128283804502795,1.0,1.0,0.0,0.0,0.125,0.125
Abilene,kmeans,6.42231289934119,7.329945288181474,16.776015607769857,19.328533408618124,1.0,1.0,0.0,0.0,0.2916666666666667,0.4166666666666667,9.486404994965246,12.246234772904199,20.157757575316833,29.317837324864026,0.9545454545454546,0.8181818181818182,0.0,0.0,0.5833333333333334,0.875,5.62479462675493,7.90981966182895,22.512693321481656,39.04226758407767,0.9624242424242424,0.8613636363636363,0.0,0.0,0.0625,0.0625,6.111490746440471,6.111490746440471,19.388871715477425,19.388871715477425,1.0,1.0,0.0,0.0,0.0625,0.0625,5.6624038902719285,7.770919915205649,22.702792012225302,38.7968293045094,0.9651515151515151,0.8765151515151516,0.0,0.0,0.0625,0.0625,6.111490746440471,6.111490746440471,19.388871715477425,19.388871715477425,1.0,1.0,0.0,0.0,0.0625,0.0625,7.239697313078136,11.998007823001767,28.932563554765036,50.39484821501697,0.9006060606060606,0.7492424242424243,0.01303030303030303,0.08484848484848485,0.08666666666666667,0.19166666666666668,6.111490746440471,6.111490746440471,19.388871715477425,19.388871715477425,1.0,1.0,0.0,0.0,0.0625,0.0625,4.71105251974234,6.61512786946468,18.079357246278146,29.25658908367038,0.984,0.92,0.0,0.0,0.0625,0.0625,4.783602455477601,4.783602455477601,16.103987641761805,16.103987641761805,1.0,1.0,0.0,0.0,0.0625,0.0625,4.648337202832921,6.785972776405139,17.942061683339496,30.3526148223741,0.9853333333333334,0.9133333333333334,0.0,0.0,0.0625,0.0625,4.783602455477601,4.783602455477601,16.103987641761805,16.103987641761805,1.0,1.0,0.0,0.0,0.0625,0.0625,4.402993052129559,6.546608796317182,17.597938850649165,30.35262155192379,0.9777777777777779,0.8925925925925925,0.005555555555555555,0.04444444444444444,0.06895833333333333,0.10833333333333334,4.638936466109102,4.638936466109102,16.103846246847056,16.103846246847056,1.0,1.0,0.0,0.0,0.125,0.125
Abilene,kmedian,6.5853345472998965,7.3348971599199855,19.792941288600538,23.76413840640825,0.9772727272727273,0.9090909090909091,0.0,0.0,0.29166666666666663,0.41666666666666663,9.332857402560997,12.049110954897294,21.93416410771773,28.203279192429534,0.9393939393939394,0.8181818181818182,0.0,0.0,0.5625,0.75,6.275511107828548,8.452583872189273,28.93054093399063,44.036926638878114,0.9545454545454545,0.9090909090909091,0.0,0.0,0.0625,0.0625,7.784045286304945,7.784045286304945,34.41776012820727,34.41776012820727,0.9090909090909091,0.9090909090909091,0.0,0.0,0.0625,0.0625,5.352564457667832,7.784045286304945,20.786013941151417,34.41776012820727,0.9863636363636363,0.9090909090909091,0.0,0.0,0.0625,0.0625,7.784045286304945,7.784045286304945,34.41776012820727,34.41776012820727,0.9090909090909091,0.9090909090909091,0.0,0.0,0.0625,0.0625,7.452396419353086,11.484849965089865,29.806924342796787,58.01433904452513,0.9272727272727272,0.8181818181818182,0.0,0.0,0.08125,0.1875,11.3525643048943,11.3525643048943,44.036926638878114,44.036926638878114,0.8181818181818182,0.8181818181818182,0.0,0.0,0.0625,0.0625,4.805541155294774,7.709230220181302,20.120644522140342,45.27612597074439,0.9800000000000001,0.9,0.0,0.0,0.0625,0.0625,7.709230220181302,7.709230220181302,45.27612597074439,45.27612597074439,0.9,0.9,0.0,0.0,0.0625,0.0625,5.0701052198197285,7.039338881969059,19.909156743988618,32.54461650620003,0.97,0.9,0.0,0.0,0.0625,0.0625,7.709230220181302,7.709230220181302,45.27612597074439,45.27612597074439,0.9,0.9,0.0,0.0,0.0625,0.0625,5.2206431299689395,7.289913151393924,22.813159288633678,32.54461650620003,0.9111111111111111,0.8888888888888888,0.02222222222222222,0.1111111111111111,0.06875,0.125,5.787683745959968,5.787683745959968,25.05694055973797,25.05694055973797,0.8888888888888888,0.8888888888888888,0.0,0.0,0.0625,0.0625
Abilene,pagerank,6.491020660150482,8.355132215150268,16.86577731580786,18.932749147686874,1.0,1.0,0.0,0.0,0.2708333333333333,0.41666666666666663,8.340626000199741,10.231057185660365,18.786838189501836,22.37103595276776,0.9848484848484849,0.9090909090909091,0.0,0.0,0.5625,0.875,6.562399222383652,11.187540473275273,25.242832889965488,44.036926638878114,0.9454545454545455,0.8181818181818182,0.0,0.0,0.125,0.125,5.092172607743969,5.092172607743969,15.029102476880961,15.029102476880961,1.0,1.0,0.0,0.0,0.125,0.125,5.451673513568751,7.1922346222224345,16.992678370958927,27.29402014818647,0.9818181818181818,0.9090909090909091,0.0,0.0,0.125,0.125,5.092172607743969,5.092172607743969,15.029102476880961,15.029102476880961,1.0,1.0,0.0,0.0,0.125,0.125,8.00977136939252,10.823435097818214,28.394326544207647,53.23196462673877,0.8545454545454545,0.7272727272727273,0.02727272727272727,0.18181818181818182,0.13125,0.1875,11.187540473275273,11.187540473275273,44.036926638878114,44.036926638878114,0.8181818181818182,0.8181818181818182,0.0,0.0,0.125,0.125,4.952319124184019,6.681826385635439,15.810267583966002,27.29392763262102,0.9800000000000001,0.9,0.0,0.0,0.1125,0.125,4.9333647737462165,4.9333647737462165,15.029102476880961,15.029102476880961,1.0,1.0,0.0,0.0,0.125,0.125,4.937989552328986,7.90248914517846,16.103059999859113,38.307177137134744,0.99,0.9,0.0,0.0,0.1,0.125,4.9333647737462165,4.9333647737462165,15.029102476880961,15.029102476880961,1.0,1.0,0.0,0.0,0.125,0.125,6.395145573158513,9.981028513661704,25.957397410099002,38.307177137134744,0.9111111111111111,0.7777777777777778,0.0,0.0,0.0875,0.125,8.038293389340346,8.038293389340346,38.307177137134744,38.307177137134744,0.8888888888888888,0.8888888888888888,0.0,0.0,0.125,0.125
Abilene,pso,6.317209077789223,7.13907050464618,18.22951573601178,22.655449299554384,0.9829545454545454,0.9318181818181818,0.0,0.0,0.3125,0.4166666666666667,9.425747153024094,11.780001445408365,22.233192458159067,28.462125328063006,0.9166666666666667,0.7954545454545454,0.0,0.0,0.6458333333333334,0.875,5.318546202220692,7.691052316628787,21.541028861865836,39.2144773980095,0.963030303030303,0.8863636363636364,0.0,0.0,0.125,0.125,5.0168480214708975,5.0168480214708975,16.709679650856113,16.709679650856113,1.0,1.0,0.0,0.0,0.125,0.125,5.380809122745975,7.681053097532724,22.005468539362845,39.31384840344107,0.9634090909090909,0.8871212121212121,0.0,0.0,0.125,0.125,5.0168480214708975,5.0168480214708975,16.709679650856113,16.709679650856113,1.0,1.0,0.0,0.0,0.125,0.125,6.787948805951561,11.187025470389077,28.533474603491015,50.58690601023857,0.9023484848484848,0.7840909090909091,0.014545454545454545,0.08409090909090909,0.1375,0.20416666666666666,6.742229768918073,6.742229768918073,26.1348520290754,26.1348520290754,0.9318181818181818,0.9318181818181818,0.0,0.0,0.125,0.125,4.211852757609239,5.085275929055484,15.316304049762016,21.541257896773256,0.9914166666666666,0.9591666666666666,0.0,0.0,0.11708333333333334,0.125,3.997732349010201,3.997732349010201,14.530038383674217,14.530038383674217,1.0,1.0,0.0,0.0,0.125,0.125,4.1626558749374745,5.019067853505068,14.971595793618045,20.797415279845143,0.9931666666666668,0.9600000000000001,0.0,0.0,0.11375,0.125,3.997732349010201,3.997732349010201,14.530038383674217,14.530038383674217,1.0,1.0,0.0,0.0,0.125,0.125,3.9182955139810143,5.187852760970437,14.515166686161752,21.6497119812178,0.9898148148148149,0.95,0.0,0.0,0.10479166666666666,0.125,3.8699341508953102,3.8699341508953102,14.016584195495946,14.016584195495946,1.0,1.0,0.0,0.0,0.125,0.125
Abilene,random,6.317209077789223,7.13907050464618,18.22951573601178,22.655449299554384,0.9829545454545454,0.9318181818181818,0.0,0.0,0.3125,0.4166666666666667,9.425747153024094,11.780001445408365,22.233192458159067,28.462125328063006,0.9166666666666667,0.7954545454545454,0.0,0.0,0.6458333333333334,0.875,5.318546202220692,7.691052316628787,21.541028861865836,39.2144773980095,0.963030303030303,0.8863636363636364,0.0,0.0,0.125,0.125,5.0168480214708975,5.0168480214708975,16.709679650856113,16.709679650856113,1.0,1.0,0.0,0.0,0.125,0.125,5.380809122745975,7.681053097532724,22.005468539362845,39.31384840344107,0.9634090909090909,0.8871212121212121,0.0,0.0,0.125,0.125,5.0168480214708975,5.0168480214708975,16.709679650856113,16.709679650856113,1.0,1.0,0.0,0.0,0.125,0.125,6.787948805951561,11.187025470389077,28.533474603491015,50.58690601023857,0.9023484848484848,0.7840909090909091,0.014545454545454545,0.08409090909090909,0.1375,0.20416666666666666,6.742229768918073,6.742229768918073,26.1348520290754,26.1348520290754,0.9318181818181818,0.9318181818181818,0.0,0.0,0.125,0.125,4.211852757609239,5.085275929055484,15.316304049762016,21.541257896773256,0.9914166666666666,0.9591666666666666,0.0,0.0,0.11708333333333334,0.125,3.997732349010201,3.997732349010201,14.530038383674217,14.530038383674217,1.0,1.0,0.0,0.0,0.125,0.125,4.1626558749374745,5.019067853505068,14.971595793618045,20.797415279845143,0.9931666666666668,0.9600000000000001,0.0,0.0,0.11375,0.125,3.997732349010201,3.997732349010201,14.530038383674217,14.530038383674217,1.0,1.0,0.0,0.0,0.125,0.125,3.9182955139810143,5.187852760970437,14.515166686161752,21.6497119812178,0.9898148148148149,0.95,0.0,0.0,0.10479166666666666,0.125,3.8699341508953102,3.8699341508953102,14.016584195495946,14.016584195495946,1.0,1.0,0.0,0.0,0.125,0.125
Abilene,sa,6.317209077789223,7.13907050464618,18.22951573601178,22.655449299554384,0.9829545454545454,0.9318181818181818,0.0,0.0,0.3125,0.4166666666666667,9.425747153024094,11.780001445408365,22.233192458159067,28.462125328063006,0.9166666666666667,0.7954545454545454,0.0,0.0,0.6458333333333334,0.875,5.318546202220692,7.691052316628787,21.541028861865836,39.2144773980095,0.963030303030303,0.8863636363636364,0.0,0.0,0.125,0.125,5.0168480214708975,5.0168480214708975,16.709679650856113,16.709679650856113,1.0,1.0,0.0,0.0,0.125,0.125,5.380809122745975,7.681053097532724,22.005468539362845,39.31384840344107,0.9634090909090909,0.8871212121212121,0.0,0.0,0.125,0.125,5.0168480214708975,5.0168480214708975,16.709679650856113,16.709679650856113,1.0,1.0,0.0,0.0,0.125,0.125,6.787948805951561,11.187025470389077,28.533474603491015,50.58690601023857,0.9023484848484848,0.7840909090909091,0.014545454545454545,0.08409090909090909,0.1375,0.20416666666666666,6.742229768918073,6.742229768918073,26.1348520290754,26.1348520290754,0.9318181818181818,0.9318181818181818,0.0,0.0,0.125,0.125,4.211852757609239,5.085275929055484,15.316304049762016,21.541257896773256,0.9914166666666666,0.9591666666666666,0.0,0.0,0.11708333333333334,0.125,3.997732349010201,3.997732349010201,14.530038383674217,14.530038383674217,1.0,1.0,0.0,0.0,0.125,0.125,4.1626558749374745,5.019067853505068,14.971595793618045,20.797415279845143,0.9931666666666668,0.9600000000000001,0.0,0.0,0.11375,0.125,3.997732349010201,3.997732349010201,14.530038383674217,14.530038383674217,1.0,1.0,0.0,0.0,0.125,0.125,3.9182955139810143,5.187852760970437,14.515166686161752,21.6497119812178,0.9898148148148149,0.95,0.0,0.0,0.10479166666666666,0.125,3.8699341508953102,3.8699341508953102,14.016584195495946,14.016584195495946,1.0,1.0,0.0,0.0,0.125,0.125
Cogentco,aco,89.26842430045185,101.85768405124921,254.42010628459488,351.13592358604706,0.15545138888888888,0.10648148148148147,0.0,0.0,0.24305555555555552,0.3055555555555555,117.97869878608863,135.9851450781256,317.99593306226063,366.2582605834135,0.10363425925925925,0.03893518518518519,0.0,0.0,0.5076388888888889,0.7208333333333333,77.87242278141714,96.68778721500571,286.4318392097477,413.0331561904956,0.18556944444444445,0.14388888888888887,0.04980092592592592,0.14314814814814814,0.006666666666666667,0.052083333333333336,75.7341993301268,75.7341993301268,280.8839502433976,280.8839502433976,0.16953703703703704,0.16953703703703704,0.044444444444444446,0.044444444444444446,0.0,0.0,84.99173222075814,112.43542976660653,320.67431672682454,457.085862404618,0.1624722222222222,0.11287037037037037,0.13544907407407406,0.2558796296296296,0.018333333333333333,0.10416666666666667,80.71368853483676,80.71368853483676,286.07220097247165,286.07220097247165,0.13944444444444443,0.13944444444444443,0.19819444444444442,0.19819444444444442,0.0625,0.0625,88.69202967179702,127.75764856323376,301.7800222235543,460.71327208012195,0.1257638888888889,0.08064814814814815,0.3360648148148148,0.46578703703703705,0.025,0.1125,105.42356074947247,105.42356074947247,273.5872262195281,273.5872262195281,0.08342592592592593,0.08342592592592593,0.5403240740740741,0.5403240740740741,0.0,0.0,75.42617407645982,94.69794925259193,273.275540804007,409.87319797127236,0.189766081871345,0.1419103313840156,0.06110623781676413,0.15687134502923974,0.008958333333333334,0.06666666666666667,82.38954399886818,82.38954399886818,332.4069303303131,332.4069303303131,0.17144249512670565,0.17144249512670565,0.06276803118908382,0.06276803118908382,0.05625,0.05625,78.04405492420645,100.98027952485027,287.4326975517345,430.91963963365384,0.1762551440329218,0.12222222222222222,0.14261316872427982,0.27319958847736625,0.014791666666666668,0.08958333333333333,95.29144262753029,95.29144262753029,456.34143553588177,456.34143553588177,0.1375,0.1375,0.22700617283950617,0.22700617283950617,0.0,0.0,75.23648229495556,105.44611180655025,253.59855153377015,391.6401539098412,0.15378472222222223,0.09762731481481482,0.3275636574074074,0.4954861111111111,0.005625000000000001,0.05,69.07160138631316,69.07160138631316,193.5496911199945,193.5496911199945,0.11064814814814815,0.11064814814814815,0.595775462962963,0.595775462962963,0.0,0.0
Cogentco,eho,92.12709549435688,103.20932667091002,258.76294000568566,350.52373674662965,0.15493055555555554,0.11069444444444444,0.0,0.0,0.24374999999999997,0.31666666666666665,118.68504487643878,135.47981364480682,317.9583682399321,366.1556294402864,0.10517746913580246,0.04421296296296296,0.0,0.0,0.5361111111111111,0.725,82.11276981327518,100.90213432646405,289.9013803306037,411.60190960789987,0.18302314814814816,0.14305555555555557,0.050333333333333334,0.14657407407407408,0.007291666666666667,0.05625,91.43855648668094,91.43855648668094,294.3045921912172,294.3045921912172,0.15962962962962962,0.15962962962962962,0.04268518518518519,0.04268518518518519,0.03125,0.03125,89.84945001640284,120.96904858871953,321.88058347604544,454.7249807507743,0.15821296296296297,0.10888888888888888,0.13531944444444444,0.25560185185185186,0.019375,0.11041666666666666,90.55440617674881,90.55440617674881,293.55381502905186,293.55381502905186,0.13541666666666666,0.13541666666666666,0.22185185185185183,0.22185185185185183,0.05,0.05,90.36519064059421,131.96372002317545,298.6105012937036,456.7115367603191,0.12413888888888888,0.07930555555555555,0.34625925925925927,0.49560185185185185,0.026875,0.1,105.96350520668109,105.96350520668109,296.91164947127106,296.91164947127106,0.08805555555555555,0.08805555555555555,0.5236574074074074,0.5236574074074074,0.0,0.0,80.24732662786005,101.42800038335642,279.57257215460265,410.5617829239747,0.18660331384015594,0.13932748538011694,0.06235867446393762,0.1611111111111111,0.012291666666666668,0.075,89.95501964598563,89.95501964598563,329.82157592039965,329.82157592039965,0.1591130604288499,0.1591130604288499,0.12680311890838206,0.12680311890838206,0.052083333333333336,0.052083333333333336,81.50601343337023,105.60698542970493,288.4568386348264,419.0091343347243,0.1734670781893004,0.12191358024691357,0.15196502057613168,0.29732510288065844,0.013958333333333333,0.08333333333333333,106.4201177555934,106.4201177555934,433.4200590889932,433.4200590889932,0.13503086419753085,0.13503086419753085,0.2448559670781893,0.2448559670781893,0.016666666666666666,0.016666666666666666,77.1810980162613,107.61335859365309,253.11755684562507,386.5950884361785,0.1510474537037037,0.09450231481481482,0.33992476851851855,0.5264467592592593,0.007083333333333334,0.04791666666666667,67.24531552844884,67.24531552844884,192.32107976111863,192.32107976111863,0.10341435185185185,0.10341435185185185,0.6268518518518519,0.6268518518518519,0.0,0.0
Cogentco,ga,91.06744015388884,104.23481095345122,258.2168008174429,348.3099282154818,0.15407407407407409,0.1087037037037037,0.0,0.0,0.24444444444444444,0.3111111111111111,117.68163964584933,134.3435836654248,317.36957635400546,362.5069365912539,0.10508487654320987,0.04634259259259259,0.0,0.0,0.5159722222222222,0.6875,80.96120183363625,99.77475271710847,288.87556785992444,411.67122455873243,0.18131018518518519,0.1399074074074074,0.051884259259259255,0.14796296296296296,0.005833333333333334,0.04375,84.40189810653952,84.40189810653952,288.53532968734265,288.53532968734265,0.16430555555555557,0.16430555555555557,0.0425925925925926,0.0425925925925926,0.0,0.0,88.16812102572021,115.86251845070134,320.7709248728673,453.39621016995847,0.15956944444444446,0.11208333333333333,0.13617129629629632,0.2525925925925926,0.02,0.1125,86.35521189504244,86.35521189504244,292.12792890779474,292.12792890779474,0.1412037037037037,0.1412037037037037,0.21749999999999997,0.21749999999999997,0.075,0.075,90.37332453003816,129.57627744576124,301.79321688443457,457.02325860050695,0.12402777777777778,0.08106481481481481,0.3436851851851852,0.4841666666666667,0.024583333333333336,0.10625,107.6138378987133,107.6138378987133,308.65398935879455,308.65398935879455,0.08861111111111111,0.08861111111111111,0.5118055555555555,0.5118055555555555,0.0,0.0,78.70784962602413,99.23156254561077,277.4715251459438,409.28841232747254,0.18617933723196878,0.1412280701754386,0.06298732943469786,0.1608187134502924,0.008541666666666666,0.06041666666666667,86.6028595336764,86.6028595336764,328.04993642992883,328.04993642992883,0.16539961013645224,0.16539961013645224,0.10662768031189084,0.10662768031189084,0.04375,0.04375,80.23710735001222,103.9548597807521,288.4704365061892,426.4955033574592,0.17378086419753086,0.125,0.14883744855967077,0.2891975308641975,0.014375,0.07083333333333333,102.69277583336637,102.69277583336637,439.5212329432936,439.5212329432936,0.13786008230452673,0.13786008230452673,0.2353395061728395,0.2353395061728395,0.00625,0.00625,75.8658751697213,105.88141223185707,253.07265342555542,394.23361825533607,0.15248263888888888,0.09814814814814815,0.3358333333333333,0.5076388888888889,0.005416666666666667,0.04583333333333333,62.07832759590232,62.07832759590232,185.312668841491,185.312668841491,0.10769675925925926,0.10769675925925926,0.6258101851851853,0.6258101851851853,0.0,0.0
Cogentco,hybrid_eho_aco,91.32907863881634,104.68530606603122,258.27030074980377,347.4208510799304,0.14854166666666666,0.10189814814814815,0.0,0.0,0.23958333333333331,0.2916666666666667,118.21802783130349,136.88521511367952,317.0239801401011,362.9983785035365,0.10131172839506172,0.04212962962962963,0.0,0.0,0.5131944444444445,0.75,81.28151400812641,100.90716706091008,289.3886885650258,412.195770707636,0.17441203703703706,0.1350925925925926,0.050018518518518525,0.14384259259259258,0.004791666666666667,0.04583333333333333,82.57537766366308,82.57537766366308,282.8140917600351,282.8140917600351,0.1613425925925926,0.1613425925925926,0.0425925925925926,0.0425925925925926,0.0,0.0,88.09121614557128,117.3887983515293,321.5993122629938,454.8883314778189,0.1525601851851852,0.10615740740740741,0.13636574074074076,0.2585648148148148,0.015625,0.09375,86.54054317662319,86.54054317662319,299.5217974825282,299.5217974825282,0.13916666666666666,0.13916666666666666,0.21055555555555555,0.21055555555555555,0.07083333333333333,0.07083333333333333,90.16738673597861,130.82694152123148,300.9187212501325,461.0810278422826,0.1190787037037037,0.07703703703703703,0.3423148148148148,0.48115740740740737,0.021249999999999998,0.10416666666666667,107.0301506766304,107.0301506766304,297.4203634494841,297.4203634494841,0.08574074074074073,0.08574074074074073,0.5273148148148148,0.5273148148148148,0.0,0.0,78.48962603060512,98.59837933199327,276.29631573553945,402.56659820824655,0.17845516569200778,0.1331384015594542,0.0630896686159844,0.1624269005847953,0.007083333333333334,0.05625,86.38425430760466,86.38425430760466,329.0736720677111,329.0736720677111,0.16096491228070173,0.16096491228070173,0.10687134502923976,0.10687134502923976,0.05416666666666667,0.05416666666666667,80.84169283799032,104.92047916360976,289.6916421063685,427.83501711429744,0.16655864197530865,0.11543209876543209,0.14669238683127572,0.2781893004115226,0.011458333333333333,0.07291666666666667,101.86656609880697,101.86656609880697,453.30269868591637,453.30269868591637,0.13801440329218106,0.13801440329218106,0.23796296296296296,0.23796296296296296,0.0,0.0,77.28854034650068,109.47630613081972,255.76728333969564,397.57540170901876,0.14609375,0.09201388888888888,0.33458333333333334,0.507349537037037,0.005208333333333333,0.04583333333333333,68.10945182098975,68.10945182098975,195.8491733080717,195.8491733080717,0.10526620370370371,0.10526620370370371,0.6133680555555556,0.6133680555555556,0.0,0.0
Cogentco,hybrid_no_ants,91.98374767185956,104.18428235660187,258.0231037709963,354.9420522323073,0.14931712962962962,0.10226851851851852,0.0,0.0,0.24166666666666664,0.3,119.83924735329653,138.0867002596601,321.4328830147682,371.1363198802818,0.1007253086419753,0.03981481481481482,0.0,0.0,0.5229166666666667,0.75,81.08924055841005,99.57128779229765,287.70519115041975,412.7752320725894,0.17669907407407406,0.13708333333333333,0.04978240740740741,0.14032407407407407,0.005833333333333334,0.052083333333333336,82.0499160185572,82.0499160185572,284.74716677578203,284.74716677578203,0.15939814814814815,0.15939814814814815,0.04328703703703704,0.04328703703703704,0.004166666666666667,0.004166666666666667,88.19387695481284,116.55620385141836,320.06432421797183,457.205519746222,0.15476388888888887,0.10874999999999999,0.13307407407407407,0.2531481481481481,0.014791666666666668,0.08958333333333333,87.36514358666115,87.36514358666115,293.0504798841333,293.0504798841333,0.13546296296296298,0.13546296296296298,0.19708333333333333,0.19708333333333333,0.07083333333333333,0.07083333333333333,91.35577619220535,131.57108587462432,302.39026772372785,459.80810681939664,0.11934722222222223,0.07532407407407407,0.33793518518518517,0.47782407407407407,0.02354166666666667,0.1125,107.10435396418792,107.10435396418792,291.49983058849165,291.49983058849165,0.08791666666666666,0.08791666666666666,0.5229166666666667,0.5229166666666667,0.0,0.0,78.71637495122539,97.72859026242068,275.5485171772671,408.130853773323,0.18060428849902532,0.13533138401559455,0.06180311890838207,0.15930799220272904,0.007291666666666667,0.058333333333333334,87.14340003982345,87.14340003982345,328.3479202986293,328.3479202986293,0.15916179337231967,0.15916179337231967,0.08265107212475634,0.08265107212475634,0.07083333333333333,0.07083333333333333,80.96851090179179,104.90306187521053,287.89577139291725,429.3498373897856,0.16871399176954732,0.1177469135802469,0.1423611111111111,0.2728909465020576,0.0125,0.07083333333333333,102.40395325992236,102.40395325992236,448.6513734265089,448.6513734265089,0.1330246913580247,0.1330246913580247,0.2294238683127572,0.2294238683127572,0.008333333333333333,0.008333333333333333,77.02283612744684,108.08496241694048,256.0928080370786,394.66957922709395,0.1473900462962963,0.09311342592592592,0.33328703703703705,0.514988425925926,0.005208333333333333,0.041666666666666664,70.58524650195316,70.58524650195316,203.05374853592238,203.05374853592238,0.10711805555555555,0.10711805555555555,0.6097800925925926,0.6097800925925926,0.0,0.0
Cogentco,hybrid_no_ls,89.94569065010202,101.34577975347335,256.20864790523194,344.69653709182137,0.1587962962962963,0.11444444444444443,0.0,0.0,0.2659722222222222,0.36111111111111105,116.47573684934393,132.2570874531447,313.4765709843193,363.4384568097299,0.10628858024691357,0.047685185185185185,0.0,0.0,0.5277777777777778,0.6666666666666666,79.89569269706848,99.62595920322639,288.205844705073,414.8863711212526,0.18877314814814816,0.14555555555555555,0.05285648148148148,0.15328703703703705,0.00625,0.05,88.907548341511,88.907548341511,288.88332901236106,288.88332901236106,0.16657407407407407,0.16657407407407407,0.04282407407407408,0.04282407407407408,0.035416666666666666,0.035416666666666666,86.83728024891023,116.35460343513006,318.85091272301196,454.4034378310975,0.16520833333333332,0.11462962962962962,0.1395787037037037,0.2612037037037037,0.02354166666666667,0.13541666666666666,89.76984140201606,89.76984140201606,288.0526703599364,288.0526703599364,0.1376388888888889,0.1376388888888889,0.2241203703703704,0.2241203703703704,0.06041666666666667,0.06041666666666667,88.7883795609422,127.05039838377131,299.89639942271975,456.7216783901192,0.12836574074074072,0.08208333333333333,0.3451944444444444,0.4941203703703704,0.030833333333333334,0.12916666666666668,106.35833522237593,106.35833522237593,291.9840862951152,291.9840862951152,0.08930555555555555,0.08930555555555555,0.5150925925925925,0.5150925925925925,0.0,0.0,77.11248397906611,95.802894157035,270.8758046854689,399.3641175677712,0.1933430799220273,0.14736842105263157,0.06434697855750487,0.1644736842105263,0.01,0.075,85.80852708549968,85.80852708549968,304.8331260526418,304.8331260526418,0.16876218323586745,0.16876218323586745,0.1050682261208577,0.1050682261208577,0.06458333333333334,0.06458333333333334,79.50129536837422,104.55728585375141,287.21490771663537,428.5710808181756,0.17924382716049383,0.12494855967078188,0.14909465020576132,0.27824074074074073,0.014166666666666668,0.07916666666666666,103.50228305841785,103.50228305841785,435.5769352187645,435.5769352187645,0.1345679012345679,0.1345679012345679,0.2383744855967078,0.2383744855967078,0.027083333333333334,0.027083333333333334,74.41995305353574,104.73900635938047,253.39510594444982,393.1480352448352,0.15734953703703702,0.1011574074074074,0.33835648148148145,0.5046296296296297,0.007916666666666667,0.05416666666666667,69.13114142308241,69.13114142308241,198.0078364770449,198.0078364770449,0.10850694444444445,0.10850694444444445,0.5979745370370371,0.5979745370370371,0.0,0.0
Cogentco,hybrid_swap_ls,91.16817197324644,102.19910274245404,259.18342760950094,339.4979906007572,0.15469907407407407,0.11157407407407408,0.0,0.0,0.26458333333333334,0.36666666666666664,115.96666407348701,130.34759559191227,311.4932818234457,362.5512178847618,0.10442129629629629,0.04935185185185185,0.0,0.0,0.5215277777777778,0.6458333333333334,81.92240768375224,101.25992144913897,290.9489631990746,414.1816906315667,0.18333333333333332,0.14287037037037037,0.053412037037037036,0.15291666666666667,0.006666666666666667,0.05416666666666667,91.03037700288384,91.03037700288384,293.1966587417313,293.1966587417313,0.15768518518518518,0.15768518518518518,0.04291666666666667,0.04291666666666667,0.0125,0.0125,88.24562741027258,116.16509194495205,319.24293538715744,450.47607550122115,0.16081481481481483,0.1099074074074074,0.14176388888888888,0.2676851851851852,0.020625,0.11666666666666667,89.51045087767079,89.51045087767079,288.8819557147487,288.8819557147487,0.1324074074074074,0.1324074074074074,0.23625,0.23625,0.07291666666666667,0.07291666666666667,88.05965777903562,127.50581740941513,295.0241329589609,450.8714830909995,0.12522685185185184,0.07842592592592593,0.352125,0.504537037037037,0.02375,0.09791666666666667,106.25748883871674,106.25748883871674,302.7536983420994,302.7536983420994,0.08722222222222223,0.08722222222222223,0.5165740740740741,0.5165740740740741,0.0,0.0,78.89651419169903,99.12897335892184,271.9204180088648,401.29825542182414,0.18725633528265107,0.14405458089668613,0.06536549707602339,0.16652046783625732,0.008333333333333333,0.058333333333333334,87.66449087873882,87.66449087873882,305.63233793639085,305.63233793639085,0.15935672514619884,0.15935672514619884,0.10925925925925925,0.10925925925925925,0.06041666666666667,0.06041666666666667,81.02567001695999,104.63336046010262,287.20886195549815,417.854676417889,0.17301440329218107,0.11939300411522633,0.15136316872427982,0.29778806584362144,0.0125,0.07291666666666667,104.24632436067772,104.24632436067772,422.03515102470914,422.03515102470914,0.12710905349794238,0.12710905349794238,0.26147119341563785,0.26147119341563785,0.014583333333333334,0.014583333333333334,73.97486599655618,103.15830044630621,249.48020830400552,378.1174884908099,0.15420717592592592,0.09664351851851852,0.33999421296296295,0.5081597222222222,0.005416666666666667,0.0375,66.34726262676033,66.34726262676033,194.56948664133887,194.56948664133887,0.10497685185185186,0.10497685185185186,0.6221064814814814,0.6221064814814814,0.0,0.0
Cogentco,ilp_ckm,84.49588062597476,100.76587650049527,255.9077931874079,314.7108331638955,0.1375,0.07777777777777778,0.0,0.0,0.25,0.3333333333333333,123.28267393738547,155.2910807759281,331.52616098133376,406.45505869601453,0.09166666666666666,0.03333333333333333,0.0,0.0,0.4583333333333333,0.625,76.15904851261885,97.96706428644788,377.80320645468237,593.0594856558114,0.17111111111111113,0.13333333333333333,0.030000000000000006,0.05,0.0,0.0,63.590050664059234,63.590050664059234,257.22452373696444,257.22452373696444,0.18333333333333332,0.18333333333333332,0.044444444444444446,0.044444444444444446,0.0,0.0,80.78475496561813,131.27967673175445,296.294692880661,468.29827240928637,0.13041666666666668,0.08333333333333333,0.1,0.16666666666666666,0.09375,0.25,63.33069437577111,63.33069437577111,242.5059203236852,242.5059203236852,0.18333333333333332,0.18333333333333332,0.1,0.1,0.0625,0.0625,89.50367238690235,116.92691394889626,351.90086579608845,528.6541042821797,0.10416666666666667,0.07222222222222222,0.26875,0.37777777777777777,0.0875,0.1875,80.39208238141967,80.39208238141967,280.94923242641113,280.94923242641113,0.11388888888888889,0.11388888888888889,0.3277777777777778,0.3277777777777778,0.0,0.0,64.79517186678237,75.14104622056391,282.04012949861396,426.2349802810413,0.16973684210526316,0.12280701754385964,0.05482456140350876,0.1695906432748538,0.05625,0.1875,58.586244240277466,58.586244240277466,228.78852175338918,228.78852175338918,0.19298245614035087,0.19298245614035087,0.04093567251461988,0.04093567251461988,0.0625,0.0625,71.87611473088748,85.68393083474375,295.7394923894783,386.63222786084305,0.14953703703703702,0.12345679012345678,0.08749999999999998,0.20987654320987653,0.056249999999999994,0.1875,61.71135716391874,61.71135716391874,229.68865385289425,229.68865385289425,0.1728395061728395,0.1728395061728395,0.17901234567901234,0.17901234567901234,0.0,0.0,69.44696679090015,91.11678138756339,278.46220768492196,438.2317755204246,0.14461805555555554,0.09027777777777778,0.2114583333333333,0.3402777777777778,0.05,0.125,72.56276294565103,72.56276294565103,280.94918296376943,280.94918296376943,0.13541666666666669,0.13541666666666669,0.2673611111111111,0.2673611111111111,0.0,0.0
Cogentco,kcenter,140.79555457702932,204.7952359653053,375.7480277280985,441.10409646629375,0.0625,0.03888888888888889,0.0,0.0,0.375,0.5833333333333333,185.30774487333082,297.3947431478835,400.9968297720578,496.5594558981405,0.041666666666666664,0.022222222222222223,0.0,0.0,0.5625,0.75,128.7838032321473,157.0960283060589,427.69177891886557,640.1338045408809,0.07999999999999999,0.07222222222222222,0.020555555555555556,0.05,0.15625,0.375,119.35074008428575,119.35074008428575,379.2444702494228,379.2444702494228,0.08333333333333333,0.08333333333333333,0.044444444444444446,0.044444444444444446,0.0,0.0,124.3329827632278,164.88924557780734,398.68690582850616,572.0448870330824,0.07111111111111111,0.05,0.15388888888888888,0.3611111111111111,0.08750000000000001,0.3125,106.66214235743223,106.66214235743223,346.0253003894776,346.0253003894776,0.08333333333333333,0.08333333333333333,0.22777777777777777,0.22777777777777777,0.0625,0.0625,120.92828317141658,154.22340733834594,397.68138605716416,553.3211574904367,0.07277777777777777,0.06111111111111111,0.29444444444444445,0.43333333333333335,0.1375,0.25,110.68020808610311,110.68020808610311,329.032554395753,329.032554395753,0.07777777777777778,0.07777777777777778,0.4666666666666667,0.4666666666666667,0.0,0.0,120.45047962055783,155.3937479139505,386.342077929883,506.0728526331019,0.08421052631578947,0.08187134502923976,0.11988304093567251,0.38596491228070173,0.08125,0.25,101.56455439945121,101.56455439945121,302.8589175499285,302.8589175499285,0.08771929824561403,0.08771929824561403,0.04093567251461988,0.04093567251461988,0.125,0.125,126.16753836789306,170.6982456209103,378.7289099542534,516.047509643182,0.08086419753086418,0.05555555555555555,0.13271604938271606,0.35802469135802467,0.10625000000000001,0.25,101.43523055864102,101.43523055864102,312.47870458535067,312.47870458535067,0.09259259259259259,0.09259259259259259,0.2654320987654321,0.2654320987654321,0.0625,0.0625,83.06354033253987,135.71604625661877,266.1074584305553,443.9120584368546,0.07708333333333332,0.05555555555555555,0.4145833333333334,0.6319444444444444,0.06875,0.1875,69.501669125798,69.501669125798,227.80213473714548,227.80213473714548,0.09027777777777778,0.09027777777777778,0.5555555555555556,0.5555555555555556,0.0,0.0
Cogentco,kmeans,131.14924500006933,159.75190805204085,333.7088440576011,368.41772799741653,0.06666666666666667,0.03888888888888889,0.0,0.0,0.31111111111111106,0.4111111111111111,171.76923053431076,229.2163473090537,369.54040287811847,432.9234470383452,0.044444444444444446,0.011111111111111112,0.0,0.0,0.5305555555555556,0.6833333333333333,118.56838635136386,152.63123128785531,363.2201474338899,470.4334663624107,0.08281481481481483,0.065,0.03201851851851852,0.095,0.07666666666666666,0.25416666666666665,104.79145326141314,104.79145326141314,349.8755073109791,349.8755073109791,0.08888888888888889,0.08888888888888889,0.044444444444444446,0.044444444444444446,0.0,0.0,143.41372305702188,225.89173774697156,404.54031643220367,559.390382529434,0.0765,0.0574074074074074,0.0899074074074074,0.18351851851851853,0.1325,0.25,118.71129537912712,118.71129537912712,359.0798226629628,359.0798226629628,0.08888888888888889,0.08888888888888889,0.1,0.1,0.15833333333333333,0.15833333333333333,139.79520326512375,230.68537797377286,365.0722136139124,547.3037463745503,0.06624074074074074,0.04388888888888889,0.37162962962962964,0.7098148148148148,0.10895833333333332,0.20625,97.23678316282154,97.23678316282154,287.9770891758616,287.9770891758616,0.07777777777777778,0.07777777777777778,0.585925925925926,0.585925925925926,0.0,0.0,117.7248570764778,163.03243931545984,355.9516556521491,486.1620907291656,0.08736842105263157,0.0695906432748538,0.03582846003898635,0.08713450292397659,0.085625,0.22708333333333333,114.12713400001415,114.12713400001415,348.42054395742616,348.42054395742616,0.0935672514619883,0.0935672514619883,0.05847953216374269,0.05847953216374269,0.09583333333333334,0.09583333333333334,130.2200837279135,202.80541602263597,368.57229790020375,513.3995714157686,0.08522633744855966,0.062345679012345674,0.11129629629629628,0.3310699588477366,0.11729166666666666,0.225,113.72364326982641,113.72364326982641,365.4229187558877,365.4229187558877,0.09876543209876543,0.09876543209876543,0.10493827160493827,0.10493827160493827,0.0,0.0,117.51896654890487,214.62846420407934,312.3287809348719,534.1795335645988,0.08104166666666666,0.052314814814814814,0.3899537037037037,0.7453703703703703,0.06645833333333333,0.17083333333333334,84.50094106120602,84.50094106120602,282.52964567523026,282.52964567523026,0.09722222222222222,0.09722222222222222,0.4930555555555556,0.4930555555555556,0.0,0.0
Cogentco,kmedian,84.99952126912513,101.59403724261654,253.70972381331973,314.7108331638955,0.14166666666666666,0.07777777777777778,0.0,0.0,0.3125,0.5,122.86884475737678,156.32196014965893,330.31691638307007,407.52553743231687,0.09444444444444446,0.03333333333333333,0.0,0.0,0.5208333333333334,0.75,78.38532227749747,99.07641186166137,373.64264747084246,589.0765237295122,0.17666666666666667,0.1388888888888889,0.030000000000000006,0.05,0.0,0.0,64.77472118054112,64.77472118054112,256.6211585224746,256.6211585224746,0.18888888888888888,0.18888888888888888,0.044444444444444446,0.044444444444444446,0.0,0.0,74.81516456135154,92.73897096710698,302.44071707318346,489.2638713766428,0.13833333333333334,0.10555555555555556,0.10777777777777778,0.2611111111111111,0.06875,0.1875,64.43778496190163,64.43778496190163,239.9724319300126,239.9724319300126,0.18888888888888888,0.18888888888888888,0.1,0.1,0.0625,0.0625,82.51772817897387,104.72037530087333,336.03177544284216,513.325446770601,0.11277777777777778,0.08333333333333333,0.2761111111111111,0.35,0.05625,0.1875,88.65590822265088,88.65590822265088,280.4227839720735,280.4227839720735,0.07222222222222222,0.07222222222222222,0.45,0.45,0.0,0.0,64.47950530358425,84.93045341297955,285.7518695386661,443.7858725510464,0.18187134502923974,0.13450292397660818,0.05906432748538011,0.11695906432748537,0.03125,0.125,59.659998134099425,59.659998134099425,224.8055685024012,224.8055685024012,0.19883040935672514,0.19883040935672514,0.04093567251461988,0.04093567251461988,0.0625,0.0625,70.39361228535606,95.25838351875043,277.4831631386093,397.45731523819893,0.15864197530864194,0.09259259259259259,0.11604938271604937,0.2345679012345679,0.04375,0.125,62.96236284275694,62.96236284275694,224.8055685024012,224.8055685024012,0.1728395061728395,0.1728395061728395,0.17901234567901234,0.17901234567901234,0.0,0.0,70.22422280252928,113.12758803933858,266.79653548044695,353.22661754215784,0.14305555555555557,0.08333333333333333,0.2986111111111111,0.4166666666666667,0.018750000000000003,0.125,67.51766191358331,67.51766191358331,280.42246597484717,280.42246597484717,0.13194444444444445,0.13194444444444445,0.3055555555555556,0.3055555555555556,0.0,0.0
Cogentco,pagerank,111.33022147375074,111.60798726816506,314.8752799451242,315.04043243615763,0.1388888888888889,0.1388888888888889,0.0,0.0,0.25,0.41666666666666663,118.89638743050847,139.39962640360946,323.1183715745559,364.33198432252647,0.11574074074074071,0.044444444444444446,0.0,0.0,0.5833333333333334,0.75,120.0618340623881,138.49688800201244,342.27531657346333,434.16357173301134,0.13555555555555557,0.12222222222222222,0.030000000000000006,0.05,0.0,0.0,125.30221964542258,125.30221964542258,339.7848519993991,339.7848519993991,0.08888888888888889,0.08888888888888889,0.044444444444444446,0.044444444444444446,0.0,0.0,115.07417398524687,150.56908435066183,327.7291535906203,524.2765505510157,0.11666666666666667,0.1,0.21000000000000002,0.5222222222222223,0.0,0.0,137.59496895696526,137.59496895696526,371.71606743082793,371.71606743082793,0.08888888888888889,0.08888888888888889,0.22777777777777777,0.22777777777777777,0.0625,0.0625,123.4031970223097,162.5054088166393,381.0319118570622,520.2642025581574,0.10611111111111111,0.08888888888888889,0.3894444444444444,0.6833333333333333,0.018750000000000003,0.1875,99.61269743997771,99.61269743997771,280.5870189115962,280.5870189115962,0.08333333333333333,0.08333333333333333,0.6222222222222222,0.6222222222222222,0.0,0.0,114.13782011074774,131.34346106271875,317.16161361370945,388.3343640287011,0.13918128654970763,0.1286549707602339,0.11988304093567251,0.4444444444444444,0.0,0.0,137.22216926720017,137.22216926720017,371.7170407165283,371.7170407165283,0.0935672514619883,0.0935672514619883,0.04678362573099415,0.04678362573099415,0.0,0.0,122.30328696945966,185.17911545357887,378.28459809688866,666.203217278015,0.12839506172839507,0.07407407407407407,0.1808641975308642,0.47530864197530864,0.0,0.0,134.9850504299239,134.9850504299239,371.71603251113817,371.71603251113817,0.09876543209876543,0.09876543209876543,0.3950617283950617,0.3950617283950617,0.0,0.0,89.21716339475427,120.49750123773673,255.20531760492764,388.5923347911288,0.13125,0.10416666666666667,0.42222222222222217,0.6319444444444444,0.0,0.0,101.50696860243349,101.50696860243349,280.58701635738066,280.58701635738066,0.09722222222222222,0.09722222222222222,0.5902777777777778,0.5902777777777778,0.0,0.0
Cogentco,pso,92.2283871264939,102.82393680847903,259.4103311821603,350.39736311727324,0.15511574074074075,0.11041666666666666,0.0,0.0,0.2458333333333333,0.3222222222222222,118.58395812143115,135.23898823252074,318.8242649212797,364.81056311673035,0.10584104938271605,0.04416666666666667,0.0,0.0,0.54375,0.7375,82.08582948990397,100.11827392185924,289.22676934343366,409.693591720815,0.18287037037037035,0.14175925925925925,0.05031481481481481,0.14527777777777778,0.006458333333333333,0.05416666666666667,83.94762530472384,83.94762530472384,285.87508099325254,285.87508099325254,0.15837962962962965,0.15837962962962965,0.04412037037037037,0.04412037037037037,0.0,0.0,89.06807125215687,116.90428545178254,322.9940318483651,459.32050347575625,0.16069444444444442,0.11324074074074074,0.13555092592592594,0.2558796296296296,0.019375,0.11041666666666666,88.75508972067931,88.75508972067931,295.19662370170107,295.19662370170107,0.13398148148148145,0.13398148148148145,0.19949074074074075,0.19949074074074075,0.0625,0.0625,90.74609346861999,129.48282437289149,302.43438326286207,459.10146542310235,0.12600462962962963,0.08050925925925927,0.34091203703703704,0.4843518518518518,0.019583333333333335,0.09375,109.01839624177761,109.01839624177761,304.25316162410246,304.25316162410246,0.08939814814814814,0.08939814814814814,0.5089814814814815,0.5089814814814815,0.0,0.0,79.6461899299453,99.46824343206966,277.8256035307513,401.39440020677654,0.18680799220272906,0.14142300194931773,0.06173489278752436,0.15994152046783625,0.009166666666666667,0.06666666666666667,90.24818109479565,90.24818109479565,335.81820609223155,335.81820609223155,0.15730994152046784,0.15730994152046784,0.09059454191033138,0.09059454191033138,0.05416666666666667,0.05416666666666667,81.2213777568994,105.59870114620374,288.27471880309844,420.1312565088482,0.17536522633744855,0.12386831275720163,0.14996399176954733,0.2923868312757201,0.010416666666666666,0.0625,105.94954309732522,105.94954309732522,447.17255481738,447.17255481738,0.13112139917695473,0.13112139917695473,0.24511316872427982,0.24511316872427982,0.0020833333333333333,0.0020833333333333333,76.38101273506274,107.0569841891046,254.5260970500664,394.8077088477761,0.15455439814814817,0.09774305555555556,0.3357233796296296,0.5136574074074074,0.006041666666666667,0.05,69.3619176964592,69.3619176964592,198.67290981997942,198.67290981997942,0.1054976851851852,0.1054976851851852,0.6226273148148148,0.6226273148148148,0.0,0.0
Cogentco,random,94.74452784568733,107.09260451422772,260.90629367739825,349.24880453854024,0.13909722222222223,0.09935185185185186,0.0,0.0,0.24999999999999997,0.3333333333333333,120.15526348502976,136.91198341376153,315.09245265112037,363.0184570358727,0.09425154320987654,0.043611111111111114,0.0,0.0,0.5125,0.6875,87.02254101685081,112.0871676055713,294.5198323971268,417.8145198700397,0.1640740740740741,0.12333333333333334,0.051375,0.15064814814814817,0.007500000000000001,0.0625,92.26424757592932,92.26424757592932,294.4269600302802,294.4269600302802,0.14634259259259258,0.14634259259259258,0.0425,0.0425,0.022916666666666665,0.022916666666666665,94.74752651435352,126.76341856965342,327.9828214151274,464.8803107720961,0.14317129629629627,0.09791666666666667,0.14075462962962962,0.26949074074074075,0.028125,0.12916666666666668,97.54592443948792,97.54592443948792,317.0784612093403,317.0784612093403,0.11916666666666666,0.11916666666666666,0.23310185185185184,0.23310185185185184,0.07708333333333334,0.07708333333333334,95.2634910504497,139.65502155318796,304.55397665624525,464.07816197682206,0.11050462962962963,0.06537037037037037,0.3621111111111111,0.5270370370370371,0.035,0.12083333333333333,102.58144149952915,102.58144149952915,298.19247695807314,298.19247695807314,0.07763888888888888,0.07763888888888888,0.565324074074074,0.565324074074074,0.0,0.0,84.10436195276718,108.55245017469103,281.82727285732796,418.3612120960497,0.16596491228070176,0.12339181286549708,0.06972222222222223,0.18304093567251462,0.009583333333333333,0.06666666666666667,89.59411280440887,89.59411280440887,323.05948802525677,323.05948802525677,0.14502923976608184,0.14502923976608184,0.12894736842105262,0.12894736842105262,0.04791666666666667,0.04791666666666667,86.00918985707548,114.73602734284057,287.32134482246005,429.714852568906,0.1544701646090535,0.1043724279835391,0.16416666666666666,0.3191872427983539,0.01625,0.07916666666666666,105.93812212848188,105.93812212848188,424.7195099404385,424.7195099404385,0.11748971193415637,0.11748971193415637,0.28009259259259256,0.28009259259259256,0.014583333333333334,0.014583333333333334,79.59951253807485,113.5915428180776,256.6225139727436,403.50793749116144,0.13648148148148148,0.08761574074074074,0.3612152777777778,0.544675925925926,0.010833333333333334,0.0625,68.00392620361954,68.00392620361954,182.34451094015202,182.34451094015202,0.08530092592592592,0.08530092592592592,0.6618055555555556,0.6618055555555556,0.0,0.0
Cogentco,sa,93.14466477986288,105.24426156997531,261.55590696034255,346.6728189687426,0.15,0.10916666666666666,0.0,0.0,0.25555555555555554,0.33888888888888885,118.60785175470352,136.58985952468572,316.9564959964626,361.9682025691649,0.10371913580246914,0.048518518518518516,0.0,0.0,0.5354166666666667,0.75,84.26400967457771,105.18873614226732,292.33038434381365,420.06042133587016,0.1744398148148148,0.13546296296296298,0.05093981481481481,0.14791666666666667,0.005416666666666667,0.041666666666666664,89.84789813439178,89.84789813439178,290.9117600791036,290.9117600791036,0.15865740740740739,0.15865740740740739,0.041666666666666664,0.041666666666666664,0.0020833333333333333,0.0020833333333333333,91.37783843960011,122.97611871809103,322.2922923949538,455.99015217651896,0.15309722222222222,0.10509259259259258,0.13846296296296295,0.26537037037037037,0.016666666666666666,0.09791666666666667,92.04146183878639,92.04146183878639,306.92737752717414,306.92737752717414,0.13907407407407407,0.13907407407407407,0.22537037037037036,0.22537037037037036,0.08125,0.08125,92.24416258088057,135.64108488844263,302.0221891981457,461.8089876349633,0.11930555555555555,0.07703703703703703,0.35012037037037036,0.5043981481481482,0.020625,0.08958333333333333,105.63432442690052,105.63432442690052,312.35570015245014,312.35570015245014,0.08935185185185185,0.08935185185185185,0.5169907407407408,0.5169907407407408,0.0,0.0,81.79135417188165,104.32796612243763,282.03287225221925,414.261367868494,0.17827485380116956,0.13299220272904483,0.06725633528265106,0.17436647173489278,0.007083333333333333,0.052083333333333336,90.87978317066462,90.87978317066462,326.84804144805196,326.84804144805196,0.1560428849902534,0.1560428849902534,0.13396686159844054,0.13396686159844054,0.05,0.05,83.46542021962135,108.39276313957048,290.72307186400536,424.47374461245374,0.16695473251028806,0.11743827160493826,0.15165637860082304,0.28816872427983536,0.012708333333333332,0.06666666666666667,109.14223315721294,109.14223315721294,451.9963828273519,451.9963828273519,0.13662551440329215,0.13662551440329215,0.2529835390946502,0.2529835390946502,0.004166666666666667,0.004166666666666667,78.16015526283056,112.14314544591959,256.24276326138215,394.62312943123766,0.1472800925925926,0.09467592592592593,0.3408101851851852,0.5291087962962963,0.006041666666666667,0.041666666666666664,66.47296162481607,66.47296162481607,195.41888430447878,195.41888430447878,0.10040509259259259,0.10040509259259259,0.6307291666666667,0.6307291666666667,0.0,0.0
Geant2012,aco,8.65946738185458,9.518666233905671,23.39097993270321,26.515231740573263,0.9746621621621622,0.9585585585585586,0.0,0.0,0.3013888888888889,0.4166666666666667,10.557020166846765,12.722709409904867,26.209094651741854,31.65639917943454,0.923948948948949,0.8378378378378379,0.0,0.0,0.5833333333333334,0.625,8.119647769239881,9.61840626324199,24.015242495584356,32.04930068095978,0.9604054054054054,0.8995495495495496,0.009054054054054054,0.03310810810810811,0.0022916666666666667,0.022916666666666665,10.34872966575194,10.34872966575194,31.298284425560034,31.298284425560034,0.8792792792792793,0.8792792792792793,0.0,0.0,0.0,0.0,8.907161629959965,11.155185438091383,26.971452409629812,36.341774739415975,0.9219144144144145,0.8265765765765766,0.01963963963963964,0.05540540540540541,0.007291666666666667,0.052083333333333336,11.068039356343585,11.068039356343585,34.20499425793248,34.20499425793248,0.8355855855855856,0.8355855855855856,0.023198198198198197,0.023198198198198197,0.035416666666666666,0.035416666666666666,10.477779505210073,13.884201983071089,32.465736115840656,48.43527688400664,0.8278603603603604,0.713963963963964,0.054121621621621624,0.1265765765765766,0.030416666666666665,0.15833333333333333,14.433562360263327,14.433562360263327,41.23556317587411,41.23556317587411,0.6686936936936937,0.6686936936936937,0.10315315315315315,0.10315315315315315,0.04375,0.04375,7.766603735181747,9.440795286122805,23.39208255228413,34.67163745182888,0.9653809523809525,0.8945238095238095,0.011928571428571429,0.05309523809523809,0.005625000000000001,0.03958333333333333,9.9321381026733,9.9321381026733,30.099156371250672,30.099156371250672,0.8288095238095238,0.8288095238095238,0.05714285714285714,0.05714285714285714,0.0,0.0,8.29082009682908,11.013383748338759,26.781861099854726,45.43811667578436,0.9281060606060606,0.8232323232323233,0.026060606060606062,0.09191919191919193,0.010625,0.058333333333333334,12.985709338101351,12.985709338101351,41.00338371887291,41.00338371887291,0.7436868686868686,0.7436868686868686,0.07297979797979798,0.07297979797979798,0.075,0.075,8.476906341431254,12.199787322813284,28.80261519566725,53.3862831574218,0.8818888888888889,0.7491666666666668,0.058194444444444444,0.16861111111111113,0.021041666666666667,0.08541666666666667,14.371963097915055,14.371963097915055,51.505365842933664,51.505365842933664,0.6119444444444445,0.6119444444444445,0.19972222222222222,0.19972222222222222,0.0375,0.0375
Geant2012,eho,8.653927686112759,9.491242232262241,23.600528035509367,26.45044028894316,0.9717905405405406,0.9545045045045045,0.0,0.0,0.3097222222222222,0.41388888888888886,10.515393469448743,12.61019021264667,26.165456351340698,31.2476894775263,0.9235735735735736,0.8432432432432433,0.0,0.0,0.5819444444444444,0.625,8.149801227522532,9.628887086258144,24.507099815199346,32.835089774030344,0.9571846846846847,0.895045045045045,0.009099099099099098,0.03310810810810811,0.00125,0.0125,10.458154800392766,10.458154800392766,32.54128844228298,32.54128844228298,0.8716216216216216,0.8716216216216216,0.0,0.0,0.0,0.0,8.868261906724287,10.977959821772409,27.20065330803399,36.96113713430539,0.9216216216216216,0.8322072072072072,0.01990990990990991,0.05540540540540541,0.005,0.041666666666666664,10.769972573763555,10.769972573763555,33.698282245939076,33.698282245939076,0.8396396396396396,0.8396396396396396,0.025225225225225228,0.025225225225225228,0.014583333333333334,0.014583333333333334,10.464231451975518,13.845417615500294,32.72923444980665,48.781981870948144,0.8262162162162163,0.7155405405405406,0.05551801801801802,0.13018018018018018,0.021041666666666667,0.11458333333333333,13.702638944035401,13.702638944035401,39.495049301198314,39.495049301198314,0.6783783783783783,0.6783783783783783,0.10360360360360361,0.10360360360360361,0.035416666666666666,0.035416666666666666,7.801469201504234,9.337119530657214,23.821202408090098,34.35436816071376,0.9620238095238096,0.8926190476190476,0.011428571428571429,0.051666666666666666,0.0037500000000000003,0.027083333333333334,9.908779283127384,9.908779283127384,31.065454553182864,31.065454553182864,0.8233333333333334,0.8233333333333334,0.058809523809523805,0.058809523809523805,0.00625,0.00625,8.316801355404067,11.095210991381949,27.218282596729182,46.3420712982894,0.9242171717171718,0.8156565656565656,0.027020202020202017,0.09974747474747475,0.01,0.04375,13.36443231893308,13.36443231893308,40.09007906616281,40.09007906616281,0.732070707070707,0.732070707070707,0.075,0.075,0.04375,0.04375,8.37513985523152,11.931625177285282,28.486355881867308,52.031165096541436,0.8844444444444445,0.7547222222222222,0.056888888888888885,0.16722222222222222,0.013125,0.06666666666666667,15.076155486345233,15.076155486345233,55.3322430368578,55.3322430368578,0.6094444444444443,0.6094444444444443,0.18666666666666665,0.18666666666666665,0.020833333333333332,0.020833333333333332
Geant2012,ga,8.580651603682105,9.6553418509866,23.221890776234456,26.6302517313056,0.9710022522522522,0.9515765765765766,0.0,0.0,0.3055555555555555,0.41388888888888886,10.30279658905308,12.19588346032981,25.7370058079128,30.349419688325074,0.9296921921921922,0.863963963963964,0.0,0.0,0.5784722222222223,0.625,8.100642291901606,9.548624120777426,24.02430883255128,31.722724988497344,0.9572297297297298,0.8954954954954956,0.009144144144144144,0.03333333333333333,0.000625,0.00625,10.381067862185924,10.381067862185924,32.052017677461244,32.052017677461244,0.8713963963963963,0.8713963963963963,0.0,0.0,0.0,0.0,8.822938447532803,11.00050862883439,26.821093150346726,36.3710675083578,0.9213963963963964,0.8288288288288289,0.019954954954954956,0.05540540540540541,0.002916666666666667,0.020833333333333332,10.637605849600588,10.637605849600588,33.07779641118204,33.07779641118204,0.840990990990991,0.840990990990991,0.025675675675675677,0.025675675675675677,0.0125,0.0125,10.323835020288774,13.544691122519254,32.348973714461685,47.65732488556321,0.8301801801801802,0.718018018018018,0.05542792792792793,0.1292792792792793,0.011666666666666667,0.08125,13.651287232823726,13.651287232823726,38.73567922000114,38.73567922000114,0.6777027027027027,0.6777027027027027,0.10472972972972974,0.10472972972972974,0.03125,0.03125,7.7648867322711315,9.438655235094368,23.566152347428535,34.88630594289286,0.9632142857142857,0.8926190476190476,0.010452380952380953,0.047857142857142855,0.0020833333333333333,0.016666666666666666,10.150256811647322,10.150256811647322,33.00013209315838,33.00013209315838,0.810952380952381,0.810952380952381,0.060714285714285714,0.060714285714285714,0.025,0.025,8.241096120722437,10.841571443247636,26.74199153542238,44.126351279083174,0.9249747474747475,0.8199494949494949,0.02616161616161616,0.09494949494949495,0.007291666666666667,0.035416666666666666,13.639020971506431,13.639020971506431,40.65558786929787,40.65558786929787,0.7214646464646465,0.7214646464646465,0.073989898989899,0.073989898989899,0.05416666666666667,0.05416666666666667,8.403468876986375,11.931471861619038,28.602058856605993,52.04719226397001,0.8819444444444445,0.7483333333333333,0.05697222222222222,0.1688888888888889,0.010208333333333335,0.05,15.78003245372995,15.78003245372995,59.01479578304777,59.01479578304777,0.5944444444444444,0.5944444444444444,0.18583333333333335,0.18583333333333335,0.020833333333333332,0.020833333333333332
Geant2012,hybrid_eho_aco,8.56806240911584,9.666992253740547,23.5653062695513,26.72536159812437,0.9715653153153153,0.9522522522522523,0.0,0.0,0.3152777777777777,0.4166666666666667,10.263536127784077,12.137865061404868,25.858108553148647,30.26332957617488,0.9311561561561562,0.8691441441441442,0.0,0.0,0.5784722222222223,0.625,8.111273842056999,9.572599991849263,24.478840728684307,32.29561322300518,0.9564864864864865,0.8930180180180181,0.009076576576576576,0.03333333333333333,0.003125,0.0125,10.518772698770753,10.518772698770753,32.68842828807558,32.68842828807558,0.8581081081081081,0.8581081081081081,0.0,0.0,0.0,0.0,8.80746932590103,10.946332835789308,26.982099492368214,35.98726774873731,0.9211261261261261,0.8279279279279279,0.020067567567567567,0.05585585585585586,0.005,0.0375,10.540150011777886,10.540150011777886,32.688240916537005,32.688240916537005,0.8369369369369369,0.8369369369369369,0.02702702702702703,0.02702702702702703,0.0,0.0,10.340496681349334,13.663401939186334,32.496644216650026,47.70439410125712,0.8282657657657657,0.7153153153153153,0.05626126126126127,0.13265765765765766,0.013125,0.06875,13.16007427946375,13.16007427946375,36.5950986606446,36.5950986606446,0.6817567567567567,0.6817567567567567,0.10472972972972974,0.10472972972972974,0.03125,0.03125,7.78974732620709,9.515274020312996,23.892891753200374,34.64544953105756,0.9622142857142857,0.885,0.009976190476190475,0.04857142857142857,0.0020833333333333333,0.0125,10.261611734726396,10.261611734726396,33.828401952220396,33.828401952220396,0.8083333333333333,0.8083333333333333,0.05714285714285714,0.05714285714285714,0.0,0.0,8.26420993591263,10.8298116560338,26.978360245055303,44.17113544275322,0.9252020202020202,0.8239898989898989,0.025202020202020205,0.09318181818181819,0.0037500000000000003,0.016666666666666666,14.640081854676563,14.640081854676563,42.796161415995265,42.796161415995265,0.7103535353535353,0.7103535353535353,0.0691919191919192,0.0691919191919192,0.016666666666666666,0.016666666666666666,8.357529733693221,11.909107506527663,28.31014648976869,50.68010568118247,0.8846388888888889,0.75,0.055749999999999994,0.17055555555555557,0.005833333333333333,0.029166666666666667,16.28201663516974,16.28201663516974,64.11988022153979,64.11988022153979,0.6019444444444445,0.6019444444444445,0.16722222222222222,0.16722222222222222,0.0,0.0
Geant2012,hybrid_no_ants,8.625834800661572,9.645431642198208,23.63275331853693,26.613477297475956,0.9698198198198199,0.9497747747747748,0.0,0.0,0.3173611111111111,0.4166666666666667,10.372803675360167,12.296453920769268,25.95569555849113,30.404285057838,0.9274774774774776,0.8623873873873874,0.0,0.0,0.58125,0.625,8.155934456202633,9.63989412599954,24.611529602621797,32.247764265796235,0.9550450450450451,0.8918918918918919,0.009009009009009009,0.03310810810810811,0.003958333333333333,0.029166666666666667,10.550869872315172,10.550869872315172,32.813892558895404,32.813892558895404,0.8583333333333333,0.8583333333333333,0.0,0.0,0.0,0.0,8.895406607211093,11.192261137947431,27.200454507313502,36.8082016977034,0.9179954954954955,0.822072072072072,0.019864864864864867,0.055180180180180186,0.005416666666666667,0.03333333333333333,10.64415987902648,10.64415987902648,32.92060261316519,32.92060261316519,0.8355855855855856,0.8355855855855856,0.026801801801801802,0.026801801801801802,0.0020833333333333333,0.0020833333333333333,10.398877343474057,13.817802382597646,32.605225263829574,47.69938543955779,0.8271396396396397,0.7119369369369369,0.05576576576576577,0.1304054054054054,0.01625,0.08333333333333333,13.301289665333401,13.301289665333401,37.06211888991964,37.06211888991964,0.6792792792792793,0.6792792792792793,0.10405405405405406,0.10405405405405406,0.035416666666666666,0.035416666666666666,7.848177853703408,9.56884577856254,24.160753421193096,35.22615475856662,0.9598095238095238,0.8833333333333333,0.010357142857142858,0.049523809523809526,0.003541666666666667,0.027083333333333334,10.251414244434587,10.251414244434587,33.48142815711841,33.48142815711841,0.8107142857142857,0.8107142857142857,0.05619047619047619,0.05619047619047619,0.0,0.0,8.316567142864125,10.942656014306117,27.09648773631076,45.25798509786498,0.9227525252525253,0.8166666666666667,0.025757575757575757,0.09318181818181819,0.006458333333333333,0.029166666666666667,14.41495560784727,14.41495560784727,41.68296145782416,41.68296145782416,0.7106060606060606,0.7106060606060606,0.06994949494949496,0.06994949494949496,0.029166666666666667,0.029166666666666667,8.448370239661381,11.890892629581348,28.67353255640318,51.025493582472016,0.8813888888888889,0.7502777777777777,0.05547222222222222,0.1636111111111111,0.010625,0.04583333333333333,16.078177815194174,16.078177815194174,61.8615470341949,61.8615470341949,0.5986111111111111,0.5986111111111111,0.1738888888888889,0.1738888888888889,0.0,0.0
Geant2012,hybrid_no_ls,8.399707104486636,9.4210319660526,22.609868100434017,26.23888052727336,0.9734234234234235,0.9531531531531532,0.0,0.0,0.2965277777777777,0.39444444444444443,10.138919903263567,11.898301879246345,25.29215497845832,29.56980557533431,0.9351351351351352,0.8752252252252253,0.0,0.0,0.5756944444444444,0.6291666666666667,7.9000621098230335,9.349702903125165,23.48701385124932,31.579558162664178,0.9594144144144144,0.8997747747747749,0.009189189189189189,0.03333333333333333,0.0,0.0,10.07695276173327,10.07695276173327,31.39922960701585,31.39922960701585,0.882882882882883,0.882882882882883,0.0,0.0,0.0,0.0,8.617687273326425,10.755262449783116,26.21536124747482,35.639508122786886,0.924391891891892,0.8326576576576576,0.020090090090090093,0.05540540540540541,0.003125,0.03125,10.37590561147182,10.37590561147182,32.553994695723894,32.553994695723894,0.8477477477477479,0.8477477477477479,0.02477477477477478,0.02477477477477478,0.020833333333333332,0.020833333333333332,10.113331486869635,13.374339379255508,31.651445908176242,46.92246673150017,0.8322297297297298,0.722972972972973,0.05576576576576577,0.1304054054054054,0.01625,0.10416666666666667,13.59462695777869,13.59462695777869,38.01634081779572,38.01634081779572,0.677927927927928,0.677927927927928,0.10292792792792795,0.10292792792792795,0.03958333333333333,0.03958333333333333,7.521470444553314,9.079321507807064,22.65744821622827,32.56061287776263,0.9658809523809524,0.900952380952381,0.011142857142857144,0.04857142857142857,0.005208333333333333,0.03333333333333333,9.704748649325849,9.704748649325849,30.962130144727382,30.962130144727382,0.8273809523809524,0.8273809523809524,0.056666666666666664,0.056666666666666664,0.04375,0.04375,8.004634350877241,10.4745749241109,26.050759719530095,42.155264978566365,0.928989898989899,0.8315656565656565,0.026565656565656567,0.09343434343434344,0.009791666666666667,0.05,11.937442424322478,11.937442424322478,34.696214330801475,34.696214330801475,0.7502525252525253,0.7502525252525253,0.0787878787878788,0.0787878787878788,0.05625,0.05625,8.077839856320143,11.565116251413361,27.185163461540228,47.03472108225507,0.8901111111111111,0.7594444444444445,0.05525,0.15916666666666668,0.012916666666666667,0.07083333333333333,13.985381019543281,13.985381019543281,50.19983203079446,50.19983203079446,0.6174999999999999,0.6174999999999999,0.19416666666666668,0.19416666666666668,0.052083333333333336,0.052083333333333336
Geant2012,hybrid_swap_ls,8.464794495694846,9.41293475593439,22.65717405009338,26.166345975279803,0.9740990990990992,0.956081081081081,0.0,0.0,0.30069444444444443,0.40277777777777773,10.247408925732776,12.148791632845274,25.445919688668596,30.260662871720612,0.9318693693693695,0.8614864864864865,0.0,0.0,0.5729166666666666,0.625,7.965379274341566,9.424514533743174,23.550451820830094,31.36232395706001,0.9596171171171172,0.9,0.008986486486486487,0.03310810810810811,0.004791666666666666,0.025,10.139563156603657,10.139563156603657,31.38635975147307,31.38635975147307,0.8844594594594594,0.8844594594594594,0.0,0.0,0.0,0.0,8.658405345407354,10.741605118767753,26.236420596537204,35.36272458521737,0.9254954954954955,0.8362612612612613,0.019707207207207207,0.054954954954954956,0.00625,0.041666666666666664,10.904764192797911,10.904764192797911,34.33244251981459,34.33244251981459,0.8391891891891893,0.8391891891891893,0.022747747747747748,0.022747747747747748,0.020833333333333332,0.020833333333333332,10.147273006905284,13.418273605300785,31.823475636416543,47.94932780865223,0.8346846846846847,0.7277027027027027,0.05472972972972974,0.12590090090090092,0.020625,0.11041666666666666,14.04712051757456,14.04712051757456,40.15065419183781,40.15065419183781,0.6752252252252252,0.6752252252252252,0.09752252252252253,0.09752252252252253,0.06875,0.06875,7.590441220445288,9.149925971760016,22.795340790127078,33.805255237503964,0.9667619047619048,0.8997619047619048,0.010714285714285714,0.049761904761904764,0.005625000000000001,0.0375,10.014452587370707,10.014452587370707,31.18298297191799,31.18298297191799,0.8257142857142857,0.8257142857142857,0.050238095238095234,0.050238095238095234,0.035416666666666666,0.035416666666666666,8.037622056366986,10.54858586312846,25.769753388648148,41.89102147694169,0.93239898989899,0.8310606060606062,0.02436868686868687,0.08787878787878788,0.011458333333333333,0.06458333333333334,12.20877585485107,12.20877585485107,39.45653262669346,39.45653262669346,0.7578282828282829,0.7578282828282829,0.07045454545454546,0.07045454545454546,0.07083333333333333,0.07083333333333333,8.195342133545413,11.503837232263503,27.524376456055197,47.89932305291271,0.8896944444444445,0.7588888888888888,0.05416666666666667,0.15972222222222224,0.018541666666666668,0.08125,14.458224063822762,14.458224063822762,52.45124139746913,52.45124139746913,0.6183333333333334,0.6183333333333334,0.19138888888888891,0.19138888888888891,0.05,0.05
Geant2012,ilp_ckm,7.929247436638054,8.994600830958214,21.44234165080037,26.011381695850506,0.9831081081081081,0.9527027027027027,0.0,0.0,0.3125,0.5,10.430319809134003,15.26911909549059,25.590394629789678,34.14928510864629,0.9132882882882885,0.7162162162162162,0.0,0.0,0.5833333333333334,0.75,7.179263088290898,9.361429696072925,23.916029925857657,34.409676408648565,0.9695945945945946,0.8716216216216217,0.002702702702702703,0.02702702702702703,0.0,0.0,9.248755001286888,9.248755001286888,31.098715559433863,31.098715559433863,0.8918918918918919,0.8918918918918919,0.0,0.0,0.0,0.0,7.732058991258566,9.262809566831562,26.80120284744146,34.26491140482642,0.941891891891892,0.8851351351351351,0.013513513513513514,0.05405405405405406,0.0,0.0,9.34758771258972,9.34758771258972,31.098626863742993,31.098626863742993,0.8648648648648649,0.8648648648648649,0.02702702702702703,0.02702702702702703,0.0,0.0,9.110612413733136,13.540108166382128,34.60360378728718,49.540378496298345,0.8662162162162163,0.7905405405405406,0.05405405405405406,0.08108108108108109,0.0,0.0,11.124443168937475,11.124443168937475,36.11927075745801,36.11927075745801,0.7364864864864865,0.7364864864864865,0.10810810810810811,0.10810810810810811,0.0,0.0,6.69873440418603,7.607106466811203,20.137696187612804,25.157060225670804,0.9821428571428572,0.9142857142857143,0.012142857142857143,0.05714285714285714,0.0,0.0,8.237203512999255,8.237203512999255,30.446613012633932,30.446613012633932,0.8428571428571429,0.8428571428571429,0.06428571428571428,0.06428571428571428,0.0,0.0,6.359290678153691,7.455626807368456,19.90390354446322,25.96616143539709,0.9492424242424242,0.7878787878787878,0.04015151515151515,0.21212121212121213,0.0,0.0,7.949789228472482,7.949789228472482,23.802656182986368,23.802656182986368,0.8333333333333334,0.8333333333333334,0.10606060606060606,0.10606060606060606,0.0,0.0,6.164672718282271,7.631117471006058,19.682758123763076,27.721439189221762,0.9175000000000001,0.775,0.06916666666666665,0.21666666666666667,0.0,0.0,7.669831175466673,7.669831175466673,25.80887784344812,25.80887784344812,0.7333333333333333,0.7333333333333333,0.19166666666666668,0.19166666666666668,0.0,0.0
Geant2012,kcenter,12.629712884546544,17.26191123022587,28.511066639510734,31.364449143007082,0.820945945945946,0.6351351351351351,0.0,0.0,0.3333333333333333,0.41666666666666663,15.453162519074148,22.053963782725393,30.78294353833313,39.73413189930219,0.7027027027027027,0.3986486486486487,0.0,0.0,0.5625,0.75,11.841774907225922,14.761038533043372,29.649971899453426,46.43111639921204,0.8297297297297298,0.7162162162162162,0.002702702702702703,0.02702702702702703,0.0,0.0,14.684441995261626,14.684441995261626,46.24916622534622,46.24916622534622,0.7297297297297297,0.7297297297297297,0.0,0.0,0.0,0.0,12.749940690217805,14.88760896583983,35.72509864968073,45.938400651631724,0.7837837837837838,0.6891891891891893,0.010810810810810811,0.05405405405405406,0.03125,0.3125,14.703391310021765,14.703391310021765,48.17448168878439,48.17448168878439,0.7162162162162162,0.7162162162162162,0.02702702702702703,0.02702702702702703,0.0,0.0,13.568305537712948,18.593689134570155,38.99375632914894,61.42376174020336,0.7493243243243244,0.6351351351351351,0.02972972972972973,0.05405405405405406,0.15625,0.3125,16.76959105030325,16.76959105030325,52.29436578726983,52.29436578726983,0.6216216216216216,0.6216216216216216,0.10810810810810811,0.10810810810810811,0.0,0.0,11.468516578384198,12.94846013251634,29.080141160221835,38.98822076501195,0.8257142857142856,0.7571428571428571,0.011428571428571429,0.02857142857142857,0.018750000000000003,0.1875,12.272626615819162,12.272626615819162,34.47996374612305,34.47996374612305,0.7571428571428571,0.7571428571428571,0.08571428571428572,0.08571428571428572,0.0,0.0,11.201818636875807,13.897306035452328,29.77551428508763,43.70863749941982,0.8227272727272728,0.696969696969697,0.02727272727272727,0.09090909090909091,0.0625,0.25,16.39266768165153,16.39266768165153,56.815493498737595,56.815493498737595,0.696969696969697,0.696969696969697,0.09090909090909091,0.09090909090909091,0.0,0.0,10.948595934199203,13.65673459140285,34.104473253588516,54.37479572004335,0.79,0.6583333333333333,0.06333333333333332,0.13333333333333333,0.056249999999999994,0.25,11.472782991689016,11.472782991689016,45.30025050509534,45.30025050509534,0.6749999999999999,0.6749999999999999,0.16666666666666666,0.16666666666666666,0.1875,0.1875
Geant2012,kmeans,9.854312754590602,11.34233577777556,25.737138120177057,27.713503104451608,0.9427364864864866,0.9186936936936937,0.0,0.0,0.37361111111111106,0.5,11.806767160415907,14.676020776911706,27.394494531420563,30.530475504812422,0.9084084084084084,0.8536036036036037,0.0,0.0,0.579861111111111,0.8708333333333333,9.322256420287918,10.865138997620948,27.26418005669864,37.142002403880596,0.9205180180180181,0.8527027027027027,0.009009009009009009,0.03333333333333333,0.0006250000000000001,0.00625,10.99157138438455,10.99157138438455,40.34949768572955,40.34949768572955,0.827027027027027,0.827027027027027,0.0,0.0,0.0,0.0,10.117159278152679,12.857746446351221,30.475016896936392,42.094422015409954,0.8793918918918919,0.7596846846846846,0.01954954954954955,0.05315315315315316,0.005,0.04375,10.921383742437365,10.921383742437365,40.624109792758325,40.624109792758325,0.8018018018018017,0.8018018018018017,0.02702702702702703,0.02702702702702703,0.0,0.0,11.740996402026742,16.115597543580435,36.170213955195955,53.50602966643108,0.7852927927927928,0.6418918918918919,0.05594594594594595,0.13873873873873874,0.019375,0.13541666666666666,20.028320013161192,20.028320013161192,46.89519151271293,46.89519151271293,0.44752252252252256,0.44752252252252256,0.08558558558558559,0.08558558558558559,0.15625,0.15625,9.061301656651798,11.348611413241226,27.12296916281307,38.78450992149623,0.9188095238095237,0.825952380952381,0.012857142857142857,0.05904761904761904,0.0006250000000000001,0.00625,13.099336636644894,13.099336636644894,43.34174078848854,43.34174078848854,0.7866666666666667,0.7866666666666667,0.0038095238095238095,0.0038095238095238095,0.0,0.0,9.707089439956915,14.212336944999405,30.845237016487705,52.71537052458896,0.8809343434343435,0.7441919191919192,0.028181818181818183,0.1,0.004791666666666667,0.04375,21.66922311988044,21.66922311988044,77.8715759571819,77.8715759571819,0.6196969696969696,0.6196969696969696,0.12121212121212123,0.12121212121212123,0.0,0.0,10.036113755974007,16.366514017250847,33.452820388322195,60.082835088346016,0.8332222222222222,0.6763888888888889,0.06122222222222222,0.1711111111111111,0.014375,0.10416666666666667,12.382231366235567,12.382231366235567,38.86213471759336,38.86213471759336,0.6330555555555556,0.6330555555555556,0.20666666666666667,0.20666666666666667,0.05416666666666667,0.05416666666666667
Geant2012,kmedian,9.187858217514364,11.574253700484647,24.79178425503217,29.685454572175544,0.9442567567567568,0.8716216216216216,0.0,0.0,0.29166666666666663,0.41666666666666663,10.981703611643193,13.144362085403682,26.82257934917667,30.18825879449551,0.9166666666666666,0.8445945945945946,0.0,0.0,0.5625,0.875,8.228701841229588,9.518729971145062,25.80300077467217,39.93227824482845,0.95,0.8851351351351351,0.002702702702702703,0.02702702702702703,0.0,0.0,10.150178947308548,10.150178947308548,37.77238231145786,37.77238231145786,0.8918918918918919,0.8918918918918919,0.0,0.0,0.0,0.0,9.334741107349931,11.115692151692024,30.001005971726762,39.27167831788597,0.9027027027027028,0.7972972972972973,0.013513513513513514,0.05405405405405406,0.0,0.0,10.67906616658601,10.67906616658601,37.884983251193,37.884983251193,0.8310810810810811,0.8310810810810811,0.02702702702702703,0.02702702702702703,0.0,0.0,10.91123463811497,15.793317750888882,36.325664367237835,50.53853867309192,0.8081081081081082,0.722972972972973,0.05405405405405406,0.08108108108108109,0.0,0.0,15.85242508594759,15.85242508594759,40.30659593332868,40.30659593332868,0.6148648648648649,0.6148648648648649,0.05405405405405406,0.05405405405405406,0.125,0.125,8.3015702243688,9.750634014152071,25.299652132796872,30.861214573655555,0.937857142857143,0.8571428571428571,0.005714285714285714,0.02857142857142857,0.0,0.0,8.620711251049423,8.620711251049423,27.690071264775444,27.690071264775444,0.8214285714285714,0.8214285714285714,0.08571428571428572,0.08571428571428572,0.0,0.0,7.931508396179824,10.108310052394392,25.05462830025572,30.861217013744998,0.9106060606060606,0.7196969696969697,0.03939393939393939,0.24242424242424243,0.0,0.0,12.250421761623786,12.250421761623786,51.00076298634538,51.00076298634538,0.7651515151515151,0.7651515151515151,0.09090909090909091,0.09090909090909091,0.0,0.0,8.802221322864401,12.358932339576224,28.177645380939218,43.91377585930234,0.8400000000000001,0.6416666666666666,0.06666666666666667,0.26666666666666666,0.0125,0.125,16.189143447614622,16.189143447614622,67.5235194384793,67.5235194384793,0.6166666666666667,0.6166666666666667,0.16666666666666666,0.16666666666666666,0.0,0.0
Geant2012,pagerank,8.347374513362775,9.657276472373255,20.383507110642338,26.091243427723082,0.9864864864864865,0.9459459459459459,0.0,0.0,0.3125,0.5,9.546141611239648,10.603412039922487,23.285212505963003,27.875943992877293,0.963963963963964,0.9459459459459459,0.0,0.0,0.5208333333333333,0.625,7.963945367297749,9.228989539501935,21.85722435816513,28.55728765436356,0.9743243243243245,0.9054054054054054,0.002702702702702703,0.02702702702702703,0.0625,0.0625,9.559033203364239,9.559033203364239,29.047223809565477,29.047223809565477,0.9324324324324325,0.9324324324324325,0.0,0.0,0.0625,0.0625,8.83710937627963,9.994786833715896,25.687527947433544,33.17419606015124,0.9331081081081083,0.8175675675675675,0.013513513513513514,0.05405405405405406,0.0625,0.0625,10.028602459917634,10.028602459917634,29.159759434057143,29.159759434057143,0.8783783783783784,0.8783783783783784,0.02702702702702703,0.02702702702702703,0.0625,0.0625,9.677198436851857,11.32675738971933,32.462375055227156,47.57936002413641,0.8560810810810812,0.7567567567567568,0.05405405405405406,0.08108108108108109,0.05625,0.0625,15.808066665567344,15.808066665567344,46.216417550623135,46.216417550623135,0.6486486486486487,0.6486486486486487,0.05405405405405406,0.05405405405405406,0.1875,0.1875,7.756523019496862,9.882323310237384,22.368732154049457,32.400452913530295,0.9721428571428572,0.8999999999999999,0.008571428571428572,0.02857142857142857,0.05,0.0625,9.83197117563892,9.83197117563892,32.400452913530295,32.400452913530295,0.7857142857142858,0.7857142857142858,0.08571428571428572,0.08571428571428572,0.0625,0.0625,7.795370137718923,10.07612355992781,24.012184848307243,29.047152846302215,0.9075757575757577,0.7272727272727273,0.06666666666666667,0.24242424242424243,0.01875,0.0625,10.512500691607036,10.512500691607036,43.97703584319615,43.97703584319615,0.803030303030303,0.803030303030303,0.09090909090909091,0.09090909090909091,0.0625,0.0625,7.851033827593315,9.983889536329361,24.25032135410389,33.53668778581138,0.8666666666666668,0.7333333333333333,0.08333333333333334,0.2,0.05,0.125,7.426288249400029,7.426288249400029,24.98540742975488,24.98540742975488,0.8,0.8,0.16666666666666666,0.16666666666666666,0.0625,0.0625
Geant2012,pso,8.628752223814939,9.485878696317775,23.62855077874391,26.489758289373626,0.9730855855855857,0.9572072072072072,0.0,0.0,0.30763888888888885,0.4166666666666667,10.491190974034703,12.620842311964159,26.24091571564141,31.462527917603726,0.9239864864864865,0.8423423423423423,0.0,0.0,0.5833333333333334,0.625,8.10235181290236,9.561968641002895,24.29236315070307,32.21722154259636,0.959436936936937,0.8975225225225226,0.009121621621621622,0.03310810810810811,0.0014583333333333332,0.010416666666666666,10.428408781315284,10.428408781315284,31.893619331530733,31.893619331530733,0.8702702702702703,0.8702702702702703,0.0,0.0,0.0,0.0,8.859177124073515,11.067966956292597,27.114754142505333,36.746281651186216,0.9223648648648648,0.8290540540540541,0.019954954954954956,0.05540540540540541,0.003958333333333333,0.03125,10.811333107402994,10.811333107402994,33.43235157567132,33.43235157567132,0.8373873873873875,0.8373873873873875,0.025,0.025,0.01875,0.01875,10.374360657948204,13.617764453283405,32.5167986406744,47.907624760758814,0.8293468468468468,0.7204954954954955,0.05596846846846847,0.13220720720720722,0.015416666666666667,0.1,13.694872265100154,13.694872265100154,39.317584039349086,39.317584039349086,0.6792792792792793,0.6792792792792793,0.10518018018018019,0.10518018018018019,0.027083333333333334,0.027083333333333334,7.766356298234182,9.369905973466635,23.677469847583367,34.72962117544536,0.9648571428571429,0.8926190476190476,0.011190476190476192,0.052619047619047614,0.002916666666666667,0.025,9.956733403229803,9.956733403229803,31.091834810344626,31.091834810344626,0.8242857142857143,0.8242857142857143,0.05714285714285714,0.05714285714285714,0.0,0.0,8.265802692718543,10.854108191214808,27.033145180650955,45.51321795489358,0.9276515151515151,0.8275252525252524,0.02570707070707071,0.09393939393939395,0.005208333333333333,0.027083333333333334,13.69835337619686,13.69835337619686,41.95238545186948,41.95238545186948,0.7333333333333333,0.7333333333333333,0.07095959595959596,0.07095959595959596,0.04583333333333333,0.04583333333333333,8.379964915827195,11.890553636978515,28.489545256292082,51.13472583599166,0.8819444444444445,0.7516666666666667,0.05911111111111111,0.1736111111111111,0.012916666666666667,0.04791666666666667,15.202491254058293,15.202491254058293,56.0900711701475,56.0900711701475,0.6144444444444445,0.6144444444444445,0.1827777777777778,0.1827777777777778,0.01875,0.01875
Geant2012,random,8.748280406293487,9.675691332429551,23.494364905883078,26.67554626848687,0.9688626126126126,0.946846846846847,0.0,0.0,0.31111111111111106,0.4166666666666667,10.590687813714622,12.66393542026306,26.09808412601535,30.892701064335153,0.9233483483483483,0.847072072072072,0.0,0.0,0.59375,0.6708333333333333,8.224103429336775,9.74676528145248,24.26459508193927,32.38293917909183,0.9527702702702704,0.8887387387387388,0.008941441441441442,0.03310810810810811,0.004166666666666667,0.035416666666666666,10.347388022276856,10.347388022276856,32.216368590104906,32.216368590104906,0.8756756756756757,0.8756756756756757,0.0,0.0,0.0,0.0,8.986679813132746,11.13385742454918,27.25381188339134,36.90202957372177,0.9150675675675676,0.822072072072072,0.019707207207207207,0.05450450450450451,0.006875,0.04375,11.455763711050976,11.455763711050976,36.476636715920996,36.476636715920996,0.8186936936936937,0.8186936936936937,0.019594594594594596,0.019594594594594596,0.0375,0.0375,10.5956208411882,14.25090047175103,33.01520995971575,48.91469829266353,0.8214864864864865,0.7056306306306307,0.05378378378378379,0.1256756756756757,0.023333333333333334,0.125,15.237759284495446,15.237759284495446,43.4533528654968,43.4533528654968,0.6545045045045046,0.6545045045045046,0.09391891891891892,0.09391891891891892,0.07083333333333333,0.07083333333333333,7.919680856626931,9.666900530399369,23.8414680744864,34.565574496017575,0.9554285714285714,0.879047619047619,0.011976190476190475,0.054047619047619046,0.006458333333333333,0.04583333333333333,10.554001580184137,10.554001580184137,32.47936763965822,32.47936763965822,0.8278571428571428,0.8278571428571428,0.03523809523809524,0.03523809523809524,0.0,0.0,8.37555596011175,11.172156554922944,27.00333941058475,45.151256837544125,0.9208838383838384,0.8118686868686869,0.02606060606060606,0.09393939393939395,0.012708333333333332,0.05416666666666667,13.20819003862697,13.20819003862697,44.21320029982707,44.21320029982707,0.7303030303030303,0.7303030303030303,0.07828282828282829,0.07828282828282829,0.058333333333333334,0.058333333333333334,8.543064249889305,12.19667647729692,29.327612121363163,53.6294236253467,0.8730555555555556,0.7366666666666667,0.059666666666666666,0.17416666666666666,0.01625,0.075,15.185616417461024,15.185616417461024,51.360580433824914,51.360580433824914,0.5902777777777778,0.5902777777777778,0.19916666666666666,0.19916666666666666,0.027083333333333334,0.027083333333333334
Geant2012,sa,8.612617354530196,9.490241159795106,23.762108672584525,26.4879656310385,0.9730855855855857,0.9578828828828829,0.0,0.0,0.3097222222222222,0.4166666666666667,10.443918062539792,12.530314309110421,26.26103014077631,31.362492408803295,0.9250750750750751,0.845945945945946,0.0,0.0,0.5833333333333334,0.625,8.09881574981142,9.555770456943861,24.410262090437715,32.32539149121616,0.9586486486486486,0.8972972972972973,0.009144144144144144,0.03310810810810811,0.0004166666666666667,0.004166666666666667,10.478274883290027,10.478274883290027,32.12492064443164,32.12492064443164,0.8650900900900901,0.8650900900900901,0.0,0.0,0.0,0.0,8.854042738284981,10.985836636939956,27.162183698221202,36.43795276562388,0.9211486486486486,0.8274774774774776,0.020067567567567567,0.056081081081081084,0.0018750000000000001,0.016666666666666666,10.69615316264842,10.69615316264842,33.08659946371277,33.08659946371277,0.8369369369369369,0.8369369369369369,0.025675675675675677,0.025675675675675677,0.0125,0.0125,10.440547234128667,13.889560512697274,32.73066180865077,48.29632883603972,0.8269594594594595,0.7114864864864866,0.05592342342342343,0.13175675675675677,0.013750000000000002,0.07083333333333333,13.440514397018289,13.440514397018289,38.19204293235291,38.19204293235291,0.6804054054054054,0.6804054054054054,0.10630630630630632,0.10630630630630632,0.016666666666666666,0.016666666666666666,7.7870596207195,9.459095662518934,23.94652413209782,35.02503451125754,0.9639047619047619,0.89,0.010833333333333334,0.05,0.0012500000000000002,0.0125,9.993176729558737,9.993176729558737,31.607935360141713,31.607935360141713,0.8221428571428572,0.8221428571428572,0.05619047619047619,0.05619047619047619,0.0,0.0,8.250317267033244,10.733662614927761,27.024887300726213,44.41117764572448,0.9263131313131313,0.8252525252525252,0.026717171717171716,0.09747474747474748,0.004791666666666666,0.020833333333333332,14.099253249703532,14.099253249703532,42.76846601936378,42.76846601936378,0.7297979797979798,0.7297979797979798,0.06969696969696969,0.06969696969696969,0.025,0.025,8.393614415836835,11.988609584329051,28.639143631788656,51.980207591023245,0.8821666666666667,0.75,0.05783333333333333,0.16916666666666666,0.007916666666666666,0.0375,15.602766017412481,15.602766017412481,59.149818747177974,59.149818747177974,0.6166666666666667,0.6166666666666667,0.1716666666666667,0.1716666666666667,0.010416666666666666,0.010416666666666666
Kdl,aco,31.49501403858645,34.07034754007047,82.61140641233533,91.88936333922146,0.31046074283027736,0.2840503055947344,0.0,0.0,0.3347222222222222,0.40277777777777773,39.30055371931052,41.58795203213818,96.80686524658427,105.32949293777683,0.20940683278482997,0.17635166901739538,0.0,0.0,0.5972222222222222,0.6333333333333333,34.08702633179711,44.64953890731479,151.60001159037816,226.6736732920002,0.330148095909732,0.2656558533145275,0.05324400564174894,0.13630700517160318,0.006458333333333333,0.04791666666666667,40.42888482029834,40.42888482029834,99.5295650053488,99.5295650053488,0.20704043253408558,0.20704043253408558,0.02596379877762106,0.02596379877762106,0.10625,0.10625,38.9554306255649,54.13603154963092,159.87224400526657,253.25204878313554,0.2639127879642689,0.19502820874471088,0.17789492242595203,0.2982369534555713,0.021041666666666667,0.10625,91.94523782973921,91.94523782973921,320.92544104453077,320.92544104453077,0.11848848142924306,0.11848848142924306,0.10501880582980723,0.10501880582980723,0.16041666666666668,0.16041666666666668,33.52621802060152,51.59601011615071,106.36424076172605,168.02291129228976,0.16305124588622472,0.10675834508697696,0.5605735778091209,0.717301363422661,0.0125,0.075,65.32527189077807,65.32527189077807,163.67479470024537,163.67479470024537,0.05830982604607428,0.05830982604607428,0.5049600376116596,0.5049600376116596,0.07291666666666667,0.07291666666666667,34.073291962088675,45.62631793409114,148.77875610382839,233.41052383473706,0.33664688427299705,0.27082096933728983,0.05580489614243323,0.14564787339268054,0.007083333333333334,0.05625,75.725975639347,75.725975639347,320.9162010659039,320.9162010659039,0.18175074183976261,0.18175074183976261,0.042705242334322456,0.042705242334322456,0.05416666666666667,0.05416666666666667,36.98070500424151,54.09095382419664,144.57617009058671,236.34518189108616,0.2757549634273772,0.19784482758620692,0.20620167189132707,0.36742424242424243,0.013750000000000002,0.07083333333333333,73.51294530164445,73.51294530164445,237.96137778444242,237.96137778444242,0.12080721003134796,0.12080721003134796,0.18198798328108673,0.18198798328108673,0.12916666666666668,0.12916666666666668,27.650894341878224,42.809863475206186,87.46392342926877,141.3840283797144,0.18176807760141092,0.11371252204585539,0.5983289241622575,0.7735743680188124,0.0016666666666666668,0.014583333333333334,31.290390659002423,31.290390659002423,75.76759730783814,75.76759730783814,0.049970605526161074,0.049970605526161074,0.8322751322751323,0.8322751322751323,0.00625,0.00625
Kdl,eho,31.419074510751653,34.335600910183715,83.05769927697902,92.41996076746223,0.31416314057357775,0.28767042783262814,0.0,0.0,0.35625,0.40277777777777773,39.27234099362586,41.66540701709233,97.13394175597104,106.31425396362833,0.21241380661338347,0.17872590503055946,0.0,0.0,0.5986111111111111,0.6458333333333334,33.95906250801184,43.82257407769846,151.12407261290565,225.07957379028082,0.33267395392571697,0.26726610249177246,0.052226140103432066,0.13100611189468736,0.0077083333333333335,0.06041666666666667,40.804708142454466,40.804708142454466,99.91743357621607,99.91743357621607,0.2078514339445228,0.2078514339445228,0.02597555242125059,0.02597555242125059,0.11041666666666666,0.11041666666666666,39.09679935318341,54.67655733770521,159.20649613238888,252.22916845943126,0.26394217207334275,0.19348848142924308,0.1799623883403855,0.3185825105782793,0.025625000000000002,0.1125,87.44130524711198,87.44130524711198,320.736128052892,320.736128052892,0.12548189938881055,0.12548189938881055,0.0960742830277386,0.0960742830277386,0.18958333333333333,0.18958333333333333,33.6164715107811,51.581541603592164,106.10364557221773,169.35784061471588,0.16110719322990127,0.10030559473436765,0.5629818993888106,0.7351433944522802,0.012291666666666668,0.07916666666666666,61.279217701442384,61.279217701442384,156.00269734588196,156.00269734588196,0.06708979783732957,0.06708979783732957,0.4954630935590033,0.4954630935590033,0.07291666666666667,0.07291666666666667,34.40036265737995,46.97598390257316,150.4467082135785,239.56314266873162,0.33841740850642926,0.2670252225519288,0.05429648862512364,0.13637487636003956,0.007083333333333333,0.05625,71.94801655106566,71.94801655106566,319.5981387563985,319.5981387563985,0.18712908011869436,0.18712908011869436,0.041963402571711175,0.041963402571711175,0.058333333333333334,0.058333333333333334,37.16085236327804,52.92025636911138,146.90852072454942,233.90333174199247,0.2735044409613375,0.19759665621734587,0.2132092476489028,0.3831635318704284,0.018958333333333334,0.09166666666666666,80.18700333902342,80.18700333902342,245.48987088165217,245.48987088165217,0.11323145245559038,0.11323145245559038,0.1520506792058516,0.1520506792058516,0.14375,0.14375,27.729739141587242,43.73853479854991,88.31641417637388,146.49792435297155,0.18237066431510876,0.11266901822457377,0.5969150499706054,0.7742063492063491,0.003125,0.025,35.37765967318571,35.37765967318571,87.3245494910159,87.3245494910159,0.05420340975896531,0.05420340975896531,0.8002645502645502,0.8002645502645502,0.0,0.0
Kdl,ga,31.07279331654328,34.1789017199551,82.54067507529409,92.50538022533327,0.31745709920075227,0.291137752703338,0.0,0.0,0.3347222222222222,0.4083333333333333,39.15668023644452,42.024701377456125,97.50630798046457,105.57030622455902,0.2144471869612913,0.18226375176304657,0.0,0.0,0.5916666666666667,0.625,33.2601104961711,42.40039603050048,150.86169321619957,225.91304879153623,0.33975199811941703,0.27790314997649274,0.05232369534555713,0.1327574047954866,0.006458333333333333,0.04375,38.2958480625218,38.2958480625218,94.88335572954543,94.88335572954543,0.22146215326751292,0.22146215326751292,0.026222378937470613,0.026222378937470613,0.175,0.175,38.24774366903507,52.94018053681449,159.76536285714624,253.35739739718434,0.2723883403855195,0.20538316878232252,0.17828631875881523,0.3028561354019746,0.027083333333333334,0.1375,78.47943424200561,78.47943424200561,319.6328646633326,319.6328646633326,0.13883403855195112,0.13883403855195112,0.09956511518570757,0.09956511518570757,0.15625,0.15625,32.843439265916096,49.837332345132204,105.71288875791024,167.34692887933502,0.16907968970380818,0.11365773389750823,0.5545850963798777,0.7058062999529855,0.010625,0.06458333333333334,56.989289426433785,56.989289426433785,148.3021847192603,148.3021847192603,0.08068876351669017,0.08068876351669017,0.4160789844851904,0.4160789844851904,0.05625,0.05625,33.46908977512049,44.892966408882025,149.80170180857024,236.76640665974253,0.3458642433234421,0.28217111770524234,0.054697082096933726,0.1345326409495549,0.007291666666666667,0.05625,69.289802939737,69.289802939737,305.84087589938554,305.84087589938554,0.20072947576656774,0.20072947576656774,0.04043026706231454,0.04043026706231454,0.016666666666666666,0.016666666666666666,36.48222220794182,52.454394953485156,145.42438020828394,234.61118774739822,0.28356583072100316,0.206021421107628,0.2034208463949843,0.35739289446186,0.018541666666666668,0.08541666666666667,66.12551147457411,66.12551147457411,285.2030061095878,285.2030061095878,0.15176332288401254,0.15176332288401254,0.11158568443051202,0.11158568443051202,0.14166666666666666,0.14166666666666666,27.284580485530814,41.910066202480934,87.68715783581803,140.13337762751524,0.19235743680188125,0.12032627865961198,0.5822442680776014,0.758641975308642,0.0037500000000000003,0.035416666666666666,39.93412411773773,39.93412411773773,104.84919139079825,104.84919139079825,0.07458847736625514,0.07458847736625514,0.7128306878306877,0.7128306878306877,0.0,0.0
Kdl,hybrid_eho_aco,31.510852554745714,34.00885903294789,82.28688690226956,91.5167525543224,0.30532733897508224,0.2850023507287259,0.0,0.0,0.31875,0.41388888888888886,39.37943585653937,41.67122092394222,96.95167404256897,104.76134289012998,0.2057279423287886,0.17832628114715562,0.0,0.0,0.5993055555555556,0.625,33.76270811446336,43.488531334439635,152.90712088383867,229.41619342636903,0.3290279736718383,0.26597320169252464,0.05362482369534556,0.136683121767748,0.005,0.03333333333333333,38.50671403704394,38.50671403704394,91.86250851747538,91.86250851747538,0.211683121767748,0.211683121767748,0.02623413258110014,0.02623413258110014,0.19583333333333333,0.19583333333333333,38.85705819981853,53.433952266003054,160.5896019235919,255.03079575879121,0.2617630465444288,0.19402914903620122,0.179925952045134,0.30671133051245886,0.022708333333333334,0.12291666666666666,83.33444242852107,83.33444242852107,320.5071032531942,320.5071032531942,0.13287494123178187,0.13287494123178187,0.1006111894687353,0.1006111894687353,0.19583333333333333,0.19583333333333333,33.590042117357775,51.16042038899768,106.65531415608953,167.48522300330256,0.16260225669957687,0.1040197461212976,0.557945463093559,0.7135754583921016,0.010625,0.0625,57.25554331406091,57.25554331406091,151.37308145674504,151.37308145674504,0.07529384109073814,0.07529384109073814,0.43043018335684063,0.43043018335684063,0.06041666666666667,0.06041666666666667,34.104647981026524,45.6777330958548,151.677876323591,240.33493561647583,0.3341184470820969,0.2722551928783383,0.05528066271018794,0.13966369930761624,0.005833333333333334,0.04791666666666667,76.38132503441572,76.38132503441572,321.98669770256987,321.98669770256987,0.18288822947576655,0.18288822947576655,0.04357072205736894,0.04357072205736894,0.0,0.0,37.22731849865698,54.53046435314763,145.9276892806316,236.64965130996785,0.2740582549634274,0.19346917450365725,0.20417711598746083,0.3584639498432602,0.019375,0.08541666666666667,67.66559883680078,67.66559883680078,267.3413201257044,267.3413201257044,0.14301201671891325,0.14301201671891325,0.12106844305120167,0.12106844305120167,0.16875,0.16875,27.709327387427944,42.846327120835525,87.55164597408107,139.44737795838006,0.1835405643738977,0.11557907113462669,0.5935920047031158,0.7667695473251028,0.0025000000000000005,0.022916666666666665,35.19910461536387,35.19910461536387,91.78981519715482,91.78981519715482,0.0661522633744856,0.0661522633744856,0.7854938271604938,0.7854938271604938,0.0,0.0
Kdl,hybrid_no_ants,32.048924819500975,34.838052361092736,83.45896459926493,93.58096036625207,0.29814586271744237,0.27862012223789373,0.0,0.0,0.3340277777777778,0.4166666666666667,40.20392412879019,42.547874402311095,98.50056428792378,106.32558720501646,0.20054066760695816,0.17234367653972732,0.0,0.0,0.5944444444444444,0.625,34.51056772347495,45.38411321772696,154.0935993536187,231.73685839682477,0.3215937940761636,0.2591560883874001,0.05226140103432064,0.1301833568406206,0.010208333333333335,0.06458333333333334,38.21655160016493,38.21655160016493,92.89712215270093,92.89712215270093,0.2166901739539257,0.2166901739539257,0.026316408086506815,0.026316408086506815,0.19375,0.19375,39.64854741624136,55.08344380906291,161.38797249173209,255.12774373467198,0.2563246356370475,0.1888340385519511,0.1771932299012694,0.3012341325811001,0.028333333333333332,0.1375,79.1765996696423,79.1765996696423,319.95311759745584,319.95311759745584,0.13287494123178187,0.13287494123178187,0.1082275505406676,0.1082275505406676,0.1625,0.1625,34.42756235770937,52.355938790876834,107.45869596195887,169.07733575979054,0.15915256229431124,0.10085801598495533,0.5632110954395863,0.7262106252938412,0.012916666666666667,0.07083333333333333,58.42581920369368,58.42581920369368,150.92664606217858,150.92664606217858,0.07551716031969911,0.07551716031969911,0.41068406205923835,0.41068406205923835,0.05416666666666667,0.05416666666666667,35.0056088233196,47.50095508508592,153.75283961214885,244.98192035911043,0.32675197823936697,0.2635262116716123,0.05353857566765578,0.13397626112759645,0.009375,0.07083333333333333,72.47146652969862,72.47146652969862,322.23577666422506,322.23577666422506,0.18684470820969337,0.18684470820969337,0.044745301681503466,0.044745301681503466,0.014583333333333334,0.014583333333333334,38.093501264876004,56.5705775999124,146.6547858461743,234.3555048219507,0.26911964472309297,0.18854493207941483,0.20074059561128527,0.35748432601880875,0.024374999999999997,0.10833333333333334,63.170593189223105,63.170593189223105,258.92002457530606,258.92002457530606,0.14777951933124348,0.14777951933124348,0.10489811912225706,0.10489811912225706,0.15833333333333333,0.15833333333333333,27.840299718155656,43.373363878484405,87.25914082837711,139.65609938980433,0.17972663139329806,0.11028806584362139,0.5984714873603763,0.7814373897707231,0.0033333333333333335,0.03125,39.62373014597134,39.62373014597134,103.54235517332525,103.54235517332525,0.06847442680776014,0.06847442680776014,0.7542915931804821,0.7542915931804821,0.0,0.0
Kdl,hybrid_no_ls,31.117877846079853,33.884894130969805,82.42398281225887,91.6027266755118,0.3179742595204514,0.2945345557122708,0.0,0.0,0.3625,0.4222222222222222,38.86376079993889,41.22827510291021,96.38201114200844,104.55271213080124,0.21543841090738128,0.18634226610249177,0.0,0.0,0.6020833333333333,0.6333333333333333,33.551958277626596,43.16314851630513,150.72935965690996,224.96500171269173,0.3380512458862247,0.2740949694405266,0.053213446168312174,0.13482604607428303,0.006041666666666667,0.052083333333333336,39.12925567808184,39.12925567808184,95.62153680571383,95.62153680571383,0.21096614950634696,0.21096614950634696,0.026057827926657263,0.026057827926657263,0.10208333333333333,0.10208333333333333,38.606207625767766,53.78091227346901,159.54376471331798,251.47553060760316,0.2710836859426422,0.20478373295721672,0.17907146215326752,0.30572402444757873,0.02333333333333333,0.10833333333333334,88.13042872145105,88.13042872145105,319.1938024196336,319.1938024196336,0.12180300893276916,0.12180300893276916,0.09619181946403385,0.09619181946403385,0.18541666666666667,0.18541666666666667,32.97061689578969,49.06066513516618,105.83370655569915,165.03414708793406,0.1665220968500235,0.10979078514339445,0.5612411847672778,0.7136224729666196,0.009583333333333334,0.0625,61.62878036522884,61.62878036522884,154.76076183891576,154.76076183891576,0.06278796426892337,0.06278796426892337,0.5084861307005172,0.5084861307005172,0.058333333333333334,0.058333333333333334,33.726924887062545,45.15528682807225,148.9004423999248,234.0009331146258,0.3447465380811078,0.2818991097922849,0.05444114737883284,0.13717853610286845,0.005416666666666667,0.03958333333333333,72.64506056096253,72.64506056096253,313.93143272135995,313.93143272135995,0.18353115727002967,0.18353115727002967,0.043236894164193865,0.043236894164193865,0.05625,0.05625,36.54683330659332,52.70930649095673,144.37311707950983,233.40194014997576,0.28220350052246607,0.20572100313479622,0.209367816091954,0.36912225705329155,0.015625,0.08125,71.5669311461849,71.5669311461849,249.4426337145069,249.4426337145069,0.12874869383490073,0.12874869383490073,0.14886363636363636,0.14886363636363636,0.14166666666666666,0.14166666666666666,27.126841078633632,42.881282904778004,87.22357061678625,141.79597882570314,0.18772192827748382,0.11834215167548501,0.5959376837154615,0.7754556143445033,0.0014583333333333334,0.014583333333333334,33.3721812002695,33.3721812002695,83.41381588723782,83.41381588723782,0.0547472075249853,0.0547472075249853,0.8162404467960023,0.8162404467960023,0.0,0.0
Kdl,hybrid_swap_ls,30.697262866501593,33.66942152337474,82.41711381645041,91.98677574637237,0.3277826751292901,0.29830747531734836,0.0,0.0,0.3555555555555555,0.4166666666666667,38.718760936734625,41.594126886372926,97.04094407791064,105.11839061565838,0.22186961291333646,0.18665961448048896,0.0,0.0,0.5986111111111111,0.6333333333333333,32.67566125934763,41.46346206615517,150.12782469701426,225.505398625991,0.3496332863187588,0.29047954866008463,0.053665961448048895,0.1368241654913023,0.004791666666666667,0.041666666666666664,38.82549300892303,38.82549300892303,96.38746868676209,96.38746868676209,0.2194757874941232,0.2194757874941232,0.02597555242125059,0.02597555242125059,0.18958333333333333,0.18958333333333333,37.36195763155503,50.81789566926832,158.1304300263476,249.30689128046743,0.28180888575458396,0.21225905030559475,0.1768511988716502,0.29338269863657734,0.024166666666666666,0.12291666666666666,80.50212131101038,80.50212131101038,323.4516316094441,323.4516316094441,0.13929243065350258,0.13929243065350258,0.0991184767277856,0.0991184767277856,0.17291666666666666,0.17291666666666666,32.45974059004352,48.33373399858976,105.55893620417342,163.92679134600624,0.17540902679830747,0.11721908791725434,0.5491502115655853,0.7009520451339916,0.009375,0.06041666666666667,55.68521770765962,55.68521770765962,142.8425636747621,142.8425636747621,0.07843206393982134,0.07843206393982134,0.47096850023507286,0.47096850023507286,0.06458333333333334,0.06458333333333334,32.60520272263219,42.74621467510824,145.90811684527907,233.68584819175152,0.3581083086053412,0.2977621167161226,0.05350024727992087,0.13359297725024727,0.006666666666666667,0.052083333333333336,69.42295584411895,69.42295584411895,302.3051622436269,302.3051622436269,0.20316518298714142,0.20316518298714142,0.038971315529179026,0.038971315529179026,0.07083333333333333,0.07083333333333333,35.804425600529996,50.08158854731779,144.81405343544395,230.13960782420926,0.29187957157784744,0.21354493207941483,0.2006347962382445,0.35146290491118076,0.018541666666666668,0.07083333333333333,67.28515049425849,67.28515049425849,269.2958123339042,269.2958123339042,0.14493207941483804,0.14493207941483804,0.14770114942528736,0.14770114942528736,0.15,0.15,26.83378928034947,41.00477058946265,87.49255804856256,140.03547221879379,0.19771310993533214,0.12863021751910642,0.5791872427983539,0.7540123456790123,0.0022916666666666667,0.020833333333333332,39.62302212553892,39.62302212553892,100.19691376553274,100.19691376553274,0.06963550852439741,0.06963550852439741,0.7347883597883598,0.7347883597883598,0.004166666666666667,0.004166666666666667
Kdl,kcenter,48.276051602085204,67.48701060773438,111.55470749136241,148.1260333742219,0.12076868829337094,0.056417489421720736,0.0,0.0,0.35416666666666663,0.5833333333333333,59.08757833064634,76.39110204009135,124.28830268899262,157.17136666148212,0.08362717442407147,0.02679830747531735,0.0,0.0,0.5833333333333334,0.75,53.50724996292575,69.97157330701158,188.58223033689808,309.00893960777637,0.1311706629055007,0.10260930888575459,0.04033850493653032,0.07898448519040903,0.0,0.0,47.00814359477806,47.00814359477806,108.07561288941957,108.07561288941957,0.11107193229901269,0.11107193229901269,0.02679830747531735,0.02679830747531735,0.0,0.0,56.09757899394121,66.44595975871778,208.94931413617655,287.50159520238986,0.11889985895627644,0.0930888575458392,0.1613540197461213,0.41889985895627646,0.0875,0.1875,60.082848057113424,60.082848057113424,290.4873712650957,290.4873712650957,0.09308885754583922,0.09308885754583922,0.10155148095909731,0.10155148095909731,0.0,0.0,41.599192593688564,56.29981146617,112.71911831579773,194.9498751138366,0.08251057827926657,0.05500705218617771,0.6239774330042313,0.8081805359661495,0.04375,0.125,49.755559725423666,49.755559725423666,112.0925355294093,112.0925355294093,0.06346967559943582,0.06346967559943582,0.5077574047954866,0.5077574047954866,0.0,0.0,51.59130123568945,60.2691858718332,183.59012369072008,243.23809970049234,0.1326038575667656,0.1005192878338279,0.02863501483679525,0.04896142433234421,0.0,0.0,61.691033304288126,61.691033304288126,288.05823585897355,288.05823585897355,0.12203264094955489,0.12203264094955489,0.03560830860534125,0.03560830860534125,0.0,0.0,54.852374032284345,73.17494487662253,164.4240378772836,294.85373278946247,0.11739811912225706,0.07288401253918496,0.18996865203761754,0.32601880877742945,0.09375,0.25,53.99939175790145,53.99939175790145,185.50574583699267,185.50574583699267,0.09678683385579936,0.09678683385579936,0.07836990595611286,0.07836990595611286,0.0,0.0,31.220617117754195,37.305630697380394,73.46329159884482,93.19529264082571,0.09506172839506173,0.06525573192239859,0.6839506172839507,0.8783068783068783,0.0125,0.125,42.88062461822766,42.88062461822766,109.36621285955408,109.36621285955408,0.10934744268077601,0.10934744268077601,0.42504409171075835,0.42504409171075835,0.0,0.0
Kdl,kmeans,32.209318607698215,36.57819715060994,86.97607321911406,95.83226477887034,0.2894922425952045,0.24400564174894218,0.0,0.0,0.31249999999999994,0.5,39.719176542427796,48.4324096467905,98.54392287812222,104.4995220656671,0.2058062999529854,0.153737658674189,0.0,0.0,0.5833333333333334,0.625,36.04632617267391,44.802536361284226,159.3302110162854,229.64432396147106,0.2855923836389281,0.22617536436295252,0.05409026798307475,0.14071462153267514,0.00875,0.07291666666666667,38.848218924494375,38.848218924494375,98.35671747888982,98.35671747888982,0.16995768688293372,0.16995768688293372,0.02679830747531735,0.02679830747531735,0.0,0.0,42.33425071804427,60.578412577809836,167.12412183921438,255.06310211634067,0.22330865068171135,0.15548895157498824,0.1855571227080395,0.33323930418429715,0.040625,0.17916666666666667,67.55625325949296,67.55625325949296,311.76984022736667,311.76984022736667,0.12059238363892806,0.12059238363892806,0.1001410437235543,0.1001410437235543,0.125,0.125,34.48242259577068,56.55823323688365,106.91149393965159,182.0454748502574,0.14196403385049366,0.08620122237893747,0.586111894687353,0.7533615420780443,0.009166666666666667,0.058333333333333334,54.3761041872976,54.3761041872976,142.1477635724479,142.1477635724479,0.057122708039492244,0.057122708039492244,0.3638928067700987,0.3638928067700987,0.0625,0.0625,36.63026067203938,49.611935870912525,164.34051079058824,243.87137402076067,0.29706478733926805,0.23694362017804155,0.05826409495548961,0.15489614243323443,0.011666666666666667,0.08333333333333333,66.42067896914175,66.42067896914175,316.33655868209956,316.33655868209956,0.1580118694362018,0.1580118694362018,0.04747774480712166,0.04747774480712166,0.0,0.0,38.54282173558281,54.30868643980281,150.77864363663704,225.12641507542745,0.24336598746081506,0.17961076280041796,0.2218495297805643,0.4098223615464995,0.0175,0.09791666666666667,42.933930698870036,42.933930698870036,159.149248733559,159.149248733559,0.16692789968652036,0.16692789968652036,0.3103448275862069,0.3103448275862069,0.0,0.0,28.235895050969404,44.59317596548098,86.53690116680956,143.98831557167895,0.15873015873015872,0.09487066431510875,0.6240035273368606,0.8052322163433274,0.0016666666666666668,0.0125,32.610967344547085,32.610967344547085,75.30939311532413,75.30939311532413,0.059964726631393295,0.059964726631393295,0.7954144620811288,0.7954144620811288,0.0,0.0
Kdl,kmedian,29.186161797134893,34.73919508757696,80.76481516059565,96.53731292394741,0.3587799717912553,0.3145275035260931,0.0,0.0,0.2708333333333333,0.5,37.6449505928873,39.93019199489586,98.3610711920629,108.59734060805964,0.24488716502115654,0.21015514809590974,0.0,0.0,0.5416666666666667,0.75,32.01864977599086,42.11500284906599,159.99023447418415,262.5791648187201,0.4050423131170663,0.3427362482369535,0.04033850493653032,0.07898448519040903,0.0,0.0,34.467193002573424,34.467193002573424,100.80759999013509,100.80759999013509,0.2757404795486601,0.2757404795486601,0.02679830747531735,0.02679830747531735,0.0,0.0,37.00952120653554,46.53349946908489,183.50817024267204,295.34600389079947,0.3146332863187588,0.2351904090267983,0.13653032440056417,0.19464033850493653,0.025,0.0625,55.42069455185224,55.42069455185224,305.7267488875471,305.7267488875471,0.20557122708039494,0.20557122708039494,0.10155148095909731,0.10155148095909731,0.0,0.0,31.333709256228854,42.935286473984064,114.0958950364982,187.02270521329206,0.1912200282087447,0.12976022566995768,0.5445698166431593,0.6544428772919605,0.0,0.0,63.123619570487996,63.123619570487996,152.02559829035158,152.02559829035158,0.1071932299012694,0.1071932299012694,0.2073342736248237,0.2073342736248237,0.125,0.125,30.94776521520892,40.378308290574,135.20495346800251,196.11977057454817,0.39536350148367955,0.353486646884273,0.03531157270029674,0.06528189910979229,0.0,0.0,53.74205662819687,53.74205662819687,296.3047443992232,296.3047443992232,0.3093471810089021,0.3093471810089021,0.025222551928783383,0.025222551928783383,0.0,0.0,32.21568631150902,37.93698761900326,133.8693235994201,186.1604235796524,0.32276645768025086,0.2836990595611285,0.16677115987460817,0.38087774294670845,0.0375,0.125,53.56086613793055,53.56086613793055,286.04785661174395,286.04785661174395,0.20963949843260188,0.20963949843260188,0.10344827586206896,0.10344827586206896,0.0,0.0,23.126611542623955,32.748068365700505,87.39640794305421,161.75728526551416,0.22892416225749562,0.1675485008818342,0.5701940035273368,0.7671957671957672,0.0,0.0,48.80332199616958,48.80332199616958,137.7265202399242,137.7265202399242,0.13580246913580246,0.13580246913580246,0.4426807760141093,0.4426807760141093,0.0625,0.0625
Kdl,pagerank,33.89265325645532,40.39330306119226,93.61328053847899,107.15678075798085,0.27609308885754585,0.23025387870239775,0.0,0.0,0.3333333333333333,0.5,42.79442811699451,47.48864996375012,105.27287550537022,116.8604253156526,0.1910554771979313,0.15056417489421722,0.0,0.0,0.5416666666666666,0.75,40.25117902385162,53.93373236074714,174.8606820505633,272.29418414961407,0.28794076163610716,0.23519040902679833,0.04033850493653032,0.07898448519040903,0.0,0.0,33.472622329323684,33.472622329323684,100.5864773063179,100.5864773063179,0.28843441466854725,0.28843441466854725,0.02679830747531735,0.02679830747531735,0.0,0.0,43.05464757975427,64.40750012087726,190.37794608352,316.87021154719184,0.23959802538787023,0.2189703808180536,0.12750352609308885,0.19464033850493653,0.05,0.125,55.45347117172588,55.45347117172588,317.2419683565769,317.2419683565769,0.23730606488011283,0.23730606488011283,0.10155148095909731,0.10155148095909731,0.0,0.0,37.441470290692195,61.401632491077464,116.71415828566042,189.0021717755873,0.16572637517630465,0.1227080394922426,0.5287729196050777,0.6488011283497884,0.025,0.125,49.041128848708794,49.041128848708794,132.4467808955493,132.4467808955493,0.14950634696755993,0.14950634696755993,0.2143864598025388,0.2143864598025388,0.0625,0.0625,37.066222361150224,54.82147907718537,141.296636724818,252.13192055850027,0.2846810089020772,0.2503709198813056,0.04688427299703264,0.17210682492581603,0.018750000000000003,0.125,56.211353790621374,56.211353790621374,308.88760039236905,308.88760039236905,0.267433234421365,0.267433234421365,0.040059347181008904,0.040059347181008904,0.0,0.0,43.350217397058415,54.684031486047004,184.4672088581568,306.39213394178915,0.2317398119122257,0.1865203761755486,0.1793103448275862,0.3338557993730408,0.025,0.125,42.68450421208713,42.68450421208713,191.30079971083046,191.30079971083046,0.22452978056426331,0.22452978056426331,0.3103448275862069,0.3103448275862069,0.0,0.0,23.14574136539899,37.31331991805818,79.93709942180851,138.25195315467266,0.18395061728395065,0.08818342151675485,0.6495590828924163,0.855379188712522,0.0,0.0,48.450617401594386,48.450617401594386,139.63577455932312,139.63577455932312,0.15343915343915343,0.15343915343915343,0.48677248677248675,0.48677248677248675,0.0,0.0
Kdl,pso,31.572017475620896,34.35619285237776,82.26405507136606,91.4954693083767,0.3073460272684532,0.2835096379877762,0.0,0.0,0.3319444444444445,0.3972222222222222,39.250771840177244,41.510864063383714,96.20390487649341,104.18170877294095,0.2084234446011597,0.17792665726375176,0.0,0.0,0.6,0.625,34.3308215548049,44.53108562980513,152.09061525894273,227.1672403799013,0.3265150446638458,0.26442172073342735,0.052938410907381286,0.13358015984955338,0.005416666666666667,0.03958333333333333,37.857165689508754,37.857165689508754,93.42827980068338,93.42827980068338,0.2229901269393512,0.2229901269393512,0.026339915373765864,0.026339915373765864,0.09166666666666666,0.09166666666666666,39.28011346830378,54.80175650405172,160.1321785646613,252.57646940498816,0.2609449929478138,0.1949106723084156,0.18130112834978843,0.3150799247766808,0.024374999999999997,0.11875,83.99635049032659,83.99635049032659,320.7152264283715,320.7152264283715,0.13764692054536906,0.13764692054536906,0.09921250587682182,0.09921250587682182,0.1125,0.1125,33.67524471193354,51.17960440706512,106.70609406206312,166.2975495044611,0.16058885754583924,0.10381993417959566,0.5649071462153267,0.7210272684532205,0.011250000000000001,0.07083333333333333,62.17831844581694,62.17831844581694,156.62702690942268,156.62702690942268,0.06693700047014574,0.06693700047014574,0.4585684062059238,0.4585684062059238,0.0625,0.0625,34.37102884503288,46.14396055576513,147.81016394598979,234.3570627814137,0.3339638971315529,0.2709322453016815,0.05628709198813056,0.14094955489614241,0.0060416666666666665,0.05,73.04947048239165,73.04947048239165,315.4496377414407,315.4496377414407,0.18890949554896144,0.18890949554896144,0.04360781404549951,0.04360781404549951,0.03958333333333333,0.03958333333333333,37.3344689987558,53.39267652250198,146.52114128037118,236.74391826886574,0.272514367816092,0.19148380355276906,0.2069318181818182,0.3643939393939394,0.016458333333333335,0.075,65.05568414427573,65.05568414427573,235.79303658088762,235.79303658088762,0.1462121212121212,0.1462121212121212,0.12584900731452456,0.12584900731452456,0.1375,0.1375,27.5800912691658,42.45837165168082,87.3609953773307,139.73691734703888,0.1808891828336273,0.1110376249265138,0.5981407995296883,0.7780129335684891,0.0016666666666666668,0.016666666666666666,36.5168738819083,36.5168738819083,91.63725649739644,91.63725649739644,0.05924456202233979,0.05924456202233979,0.7942974720752498,0.7942974720752498,0.0,0.0
Kdl,random,32.286672490839905,35.611447340605665,84.34820988068344,93.59808680422783,0.29680594734367655,0.2686530324400564,0.0,0.0,0.34375,0.4083333333333333,39.85668295496377,42.981732370451226,97.40525296033653,106.92466011257729,0.20218421877448678,0.16868829337094499,0.0,0.0,0.59375,0.6666666666666666,35.40973120170083,45.69560199768314,153.38591333535712,225.60793734892914,0.31138575458392104,0.24377056887635168,0.05217442407146215,0.13343911612599907,0.011041666666666667,0.075,39.68589661323952,39.68589661323952,97.02728770751611,97.02728770751611,0.20781617301363423,0.20781617301363423,0.026151857075693462,0.026151857075693462,0.075,0.075,40.41412856444366,55.29561559719683,161.65540173502282,251.59781473297352,0.24575105782792667,0.17713916314057357,0.17854137282557592,0.3114950634696756,0.029791666666666668,0.14166666666666666,81.01950094177583,81.01950094177583,324.30902759478835,324.30902759478835,0.13174659144334744,0.13174659144334744,0.09201927597555243,0.09201927597555243,0.175,0.175,34.91784630541081,53.70755461106877,107.63513223988569,169.8043800365152,0.1516760695815703,0.09169017395392572,0.5702527033380348,0.7471086036671368,0.013333333333333334,0.075,60.858912042165585,60.858912042165585,153.14560585429658,153.14560585429658,0.07907851433944522,0.07907851433944522,0.4273742360131641,0.4273742360131641,0.06666666666666667,0.06666666666666667,35.8654264294653,48.6782980055707,152.77785063522109,237.41263598403873,0.31526088031651833,0.24725519287833828,0.055195351137487636,0.1447082096933729,0.011041666666666667,0.075,75.3342563465862,75.3342563465862,326.04270349420665,326.04270349420665,0.17569238377843718,0.17569238377843718,0.04012116716122651,0.04012116716122651,0.075,0.075,38.67516967567134,56.04245137863026,149.09511772343802,239.17652023282022,0.25585031347962384,0.1808254963427377,0.21726880877742946,0.3832419017763845,0.021249999999999998,0.09791666666666667,73.12105987780927,73.12105987780927,212.55448308990952,212.55448308990952,0.11391065830721003,0.11391065830721003,0.20278213166144202,0.20278213166144202,0.11458333333333333,0.11458333333333333,28.442760514352706,44.136502200434556,87.18288106883823,137.04765321107413,0.16893298059964726,0.10023515579071134,0.6114711934156378,0.8018518518518518,0.0016666666666666668,0.014583333333333334,38.43006048180897,38.43006048180897,94.76411937609853,94.76411937609853,0.05348324514991181,0.05348324514991181,0.7984567901234567,0.7984567901234567,0.004166666666666667,0.004166666666666667
Kdl,sa,31.340853232514323,33.772713192834175,82.32405928236419,91.04638502306825,0.30785143394452275,0.2887282557592854,0.0,0.0,0.3194444444444445,0.4111111111111111,39.2103738246827,41.48225714438906,96.86162322350953,104.52183887084878,0.20737932925873687,0.18105312646920543,0.0,0.0,0.5993055555555556,0.625,33.511223241324004,42.72205266284886,152.85424940497225,228.6577622205095,0.3314139633286319,0.2677127409496944,0.0534555712270804,0.1356958157028679,0.004375,0.03125,39.223382156683456,39.223382156683456,93.19921929904294,93.19921929904294,0.2062646920545369,0.2062646920545369,0.02621062529384109,0.02621062529384109,0.22916666666666666,0.22916666666666666,38.60610157380759,53.56859634595076,160.57453684977503,255.94808953851185,0.2645498354489892,0.1962270803949224,0.1791878232251998,0.302350728725905,0.022916666666666665,0.12083333333333333,83.24007900808081,83.24007900808081,320.21325601966777,320.21325601966777,0.12881993417959567,0.12881993417959567,0.10062294311236483,0.10062294311236483,0.2,0.2,33.18401069852351,50.290990712185916,106.01615726150047,166.40750007424268,0.16337094499294783,0.10454866008462622,0.5588787023977433,0.7166314057357781,0.008958333333333334,0.058333333333333334,57.16893852487399,57.16893852487399,150.45752449818553,150.45752449818553,0.07481194170192759,0.07481194170192759,0.43932769158439117,0.43932769158439117,0.0625,0.0625,33.87396118859547,44.964116957143,152.13950390429628,240.46504090791043,0.3373405044510386,0.2759767556874382,0.05443496538081108,0.13742581602373885,0.006666666666666667,0.058333333333333334,75.077925530982,75.077925530982,322.3048322345441,322.3048322345441,0.18078635014836794,0.18078635014836794,0.04437438180019782,0.04437438180019782,0.0,0.0,36.79686547391394,53.02981790614205,145.2273602975449,233.41788628168626,0.2758516196447231,0.19413531870428422,0.20652168234064786,0.36193834900731453,0.017291666666666667,0.075,67.05452173949693,67.05452173949693,267.9679387299334,267.9679387299334,0.1389237199582027,0.1389237199582027,0.12637147335423196,0.12637147335423196,0.17708333333333334,0.17708333333333334,27.315441356213316,42.08168906486663,86.83784291960508,139.31964345292602,0.1843312757201646,0.116901822457378,0.5954703115814227,0.7680188124632569,0.002916666666666667,0.027083333333333334,35.37567651999472,35.37567651999472,91.96804744595394,91.96804744595394,0.06582892416225748,0.06582892416225748,0.7907701352145796,0.7907701352145796,0.0,0.0
syn100,aco,22.24000145602867,26.206867974828413,58.02427398883458,72.70364481491522,0.5404166666666667,0.5006666666666667,0.0,0.0,0.2708333333333333,0.4166666666666667,34.97871145934082,53.66919342531672,83.19322222765751,130.9257423236315,0.3709305555555556,0.309,0.0,0.0,0.5541666666666667,0.75,16.26643853529298,17.447196169118527,39.90861585934535,48.26418738775566,0.6769916666666667,0.6365833333333334,0.00965,0.04525,0.012916666666666667,0.08958333333333333,16.981814536586235,16.981814536586235,42.63359245249503,42.63359245249503,0.625,0.625,0.052500000000000005,0.052500000000000005,0.125,0.125,16.709577840937204,18.361151125145017,42.443293184019694,54.30517952121889,0.6511750000000001,0.5956666666666667,0.023416666666666665,0.07433333333333333,0.03229166666666667,0.13541666666666666,18.658152406861646,18.658152406861646,45.644327192747156,45.644327192747156,0.5506666666666666,0.5506666666666666,0.052500000000000005,0.052500000000000005,0.125,0.125,17.444294913996764,20.10059917148743,46.242059775010084,60.14377500171369,0.6078083333333333,0.5415833333333333,0.054825000000000006,0.13775,0.055,0.15416666666666667,16.732377967914353,16.732377967914353,45.325228024740404,45.325228024740404,0.42791666666666667,0.42791666666666667,0.3656666666666667,0.3656666666666667,0.06041666666666667,0.06041666666666667,16.009451234550838,17.440099584036545,40.187523506993564,51.02001766952542,0.6826491228070175,0.6354385964912281,0.01957894736842105,0.07359649122807017,0.025416666666666667,0.11041666666666666,15.997021852014276,15.997021852014276,39.483145947760285,39.483145947760285,0.6850877192982455,0.6850877192982455,0.031578947368421054,0.031578947368421054,0.16875,0.16875,15.995624686997024,18.010784762595716,41.26232773992057,53.86194067402035,0.6658981481481482,0.6056481481481482,0.04375,0.12296296296296295,0.026041666666666668,0.11458333333333333,15.217511839038718,15.217511839038718,37.235918377736795,37.235918377736795,0.6612037037037037,0.6612037037037037,0.09083333333333334,0.09083333333333334,0.125,0.125,15.665989397812504,18.512154224680376,42.20503536756969,57.17316405537302,0.6290833333333333,0.5375,0.10967708333333334,0.2526041666666667,0.015625,0.08541666666666667,15.067980308851324,15.067980308851324,41.94218321305866,41.94218321305866,0.56125,0.56125,0.22552083333333334,0.22552083333333334,0.0,0.0
syn100,eho,22.56650971021763,26.400929634384145,58.97553930715558,72.66001504318214,0.532875,0.49024999999999996,0.0,0.0,0.2701388888888889,0.40277777777777773,35.4014455226104,54.61498792729457,83.85614539366098,132.53379247831867,0.36569444444444443,0.29875,0.0,0.0,0.5618055555555556,0.75,16.673249463040573,18.019167555735738,41.80730445137887,50.81938378078844,0.6671499999999999,0.6224166666666666,0.009183333333333333,0.043083333333333335,0.013333333333333334,0.09375,17.0845027759547,17.0845027759547,43.083477526534566,43.083477526534566,0.61925,0.61925,0.05625,0.05625,0.11458333333333333,0.11458333333333333,17.105211503696076,19.08770217192205,44.278877326902624,57.04367003122786,0.643,0.5881666666666666,0.0234,0.0745,0.030833333333333334,0.125,18.860105558385513,18.860105558385513,46.84595987229638,46.84595987229638,0.5465833333333333,0.5465833333333333,0.05625,0.05625,0.11458333333333333,0.11458333333333333,18.008148004758787,21.291777405724343,48.542015162416874,64.63821549191388,0.59585,0.5268333333333334,0.054925,0.13675,0.056666666666666664,0.16666666666666666,17.206360291963822,17.206360291963822,47.17681709205144,47.17681709205144,0.4181666666666667,0.4181666666666667,0.36783333333333335,0.36783333333333335,0.058333333333333334,0.058333333333333334,16.427370905515218,18.025525492387477,42.052140765380905,54.320576315092694,0.6716140350877193,0.622280701754386,0.020157894736842104,0.07517543859649121,0.030208333333333334,0.12708333333333333,16.165035030398727,16.165035030398727,40.534530364585734,40.534530364585734,0.6807017543859649,0.6807017543859649,0.031578947368421054,0.031578947368421054,0.14583333333333334,0.14583333333333334,16.40888628443165,18.45075592374974,43.02098368226094,56.375410702589676,0.6573518518518519,0.5940740740740741,0.041805555555555554,0.12185185185185185,0.029375,0.11666666666666667,15.576984621978646,15.576984621978646,38.705971477648816,38.705971477648816,0.6476851851851853,0.6476851851851853,0.09129629629629629,0.09129629629629629,0.10833333333333334,0.10833333333333334,16.092380487263945,19.127958856018186,43.643852137175635,59.059560671781405,0.6195937499999999,0.5295833333333333,0.10784375,0.2515625,0.016666666666666666,0.08541666666666667,15.66615269924387,15.66615269924387,43.66665505015078,43.66665505015078,0.5538541666666668,0.5538541666666668,0.2171875,0.2171875,0.004166666666666667,0.004166666666666667
syn100,ga,22.220902350058235,26.239096432834025,58.34594113275513,73.40223567435386,0.5463125000000001,0.5095,0.0,0.0,0.26736111111111105,0.40277777777777773,34.96081495283968,53.48896479772813,83.45064892445116,131.2569232938,0.37470833333333337,0.31425000000000003,0.0,0.0,0.55625,0.75,16.225635111617805,17.329946139662642,40.204921219811936,48.63335606381913,0.68395,0.6411666666666667,0.009491666666666667,0.04491666666666667,0.012083333333333335,0.08333333333333333,16.86564551443469,16.86564551443469,42.101603232387426,42.101603232387426,0.6301666666666667,0.6301666666666667,0.05500000000000001,0.05500000000000001,0.11458333333333333,0.11458333333333333,16.696381040490973,18.427498248709306,42.71160117964881,55.255280752928,0.6576749999999999,0.6018333333333333,0.023266666666666668,0.07333333333333333,0.03145833333333333,0.12916666666666668,18.534640336744403,18.534640336744403,45.06408722539523,45.06408722539523,0.5563333333333333,0.5563333333333333,0.05500000000000001,0.05500000000000001,0.11458333333333333,0.11458333333333333,17.459587801917348,20.08850975534388,46.40373609617627,60.40586896955059,0.6097416666666666,0.5434166666666668,0.05455833333333334,0.13475,0.05333333333333334,0.15208333333333332,17.26330626771784,17.26330626771784,46.301718212779775,46.301718212779775,0.41808333333333336,0.41808333333333336,0.36666666666666664,0.36666666666666664,0.06041666666666667,0.06041666666666667,15.985715151619788,17.394315678464398,40.46672605524954,51.63085708471201,0.6894912280701754,0.6416666666666667,0.019210526315789473,0.0750877192982456,0.024791666666666667,0.10833333333333334,15.913361432314513,15.913361432314513,39.4956478493707,39.4956478493707,0.6939473684210526,0.6939473684210526,0.031578947368421054,0.031578947368421054,0.14791666666666667,0.14791666666666667,15.947154052023702,18.00902984159158,41.14767803929019,54.15444486137838,0.6722222222222223,0.6127777777777778,0.04354629629629629,0.1262962962962963,0.027500000000000004,0.11458333333333333,15.179011444384921,15.179011444384921,37.12909533525486,37.12909533525486,0.6653703703703704,0.6653703703703704,0.09148148148148148,0.09148148148148148,0.11041666666666666,0.11041666666666666,15.684820783680609,18.707351805478854,42.10865124434157,57.05960359359931,0.63515625,0.5429166666666667,0.10617708333333334,0.24125,0.018541666666666668,0.09166666666666666,15.302263445854177,15.302263445854177,42.53276722127143,42.53276722127143,0.5692708333333333,0.5692708333333333,0.21010416666666665,0.21010416666666665,0.0020833333333333333,0.0020833333333333333
syn100,hybrid_eho_aco,22.064701354970172,25.953290562608004,57.444186490589665,72.41207249759049,0.5413125,0.5038333333333334,0.0,0.0,0.2708333333333333,0.4166666666666667,34.84625494754998,53.43266061347537,82.84207821137457,130.14103653847428,0.36983333333333335,0.314,0.0,0.0,0.5430555555555556,0.75,16.016803725123935,17.073810167957742,39.0453818399527,46.93807174801375,0.6816083333333333,0.6401666666666667,0.00965,0.045000000000000005,0.012708333333333334,0.08541666666666667,16.875761502906805,16.875761502906805,42.7884868798772,42.7884868798772,0.63075,0.63075,0.05,0.05,0.125,0.125,16.42828962949643,17.94502048968103,41.393014537558564,53.42535601853624,0.656025,0.6023333333333334,0.023683333333333334,0.07516666666666666,0.03208333333333333,0.13125,18.40078580921598,18.40078580921598,45.00662343002307,45.00662343002307,0.55325,0.55325,0.05,0.05,0.125,0.125,17.138661695712738,19.262212680417214,44.875409417672905,57.76453061653365,0.6097333333333333,0.5411666666666667,0.05489166666666667,0.13399999999999998,0.05416666666666667,0.15,16.172706745113377,16.172706745113377,43.13825726778784,43.13825726778784,0.43825000000000003,0.43825000000000003,0.36383333333333334,0.36383333333333334,0.0625,0.0625,15.783102382287732,17.128969596149624,39.4167629273464,50.3040283338153,0.6855350877192983,0.6356140350877193,0.020517543859649122,0.07956140350877193,0.025833333333333333,0.11041666666666666,15.934386577726846,15.934386577726846,38.9718842354841,38.9718842354841,0.6845614035087719,0.6845614035087719,0.031578947368421054,0.031578947368421054,0.18541666666666667,0.18541666666666667,15.69601187716404,17.54129533905884,40.16149484830867,52.45861720573225,0.6707407407407407,0.6071296296296296,0.044537037037037035,0.1300925925925926,0.024375,0.1125,14.860004614732961,14.860004614732961,36.4394872589015,36.4394872589015,0.6705555555555556,0.6705555555555556,0.09777777777777777,0.09777777777777777,0.125,0.125,15.47326432381066,18.29634781346671,41.30186550270763,56.412892812273064,0.6312291666666667,0.5386458333333334,0.10925,0.23822916666666666,0.014375,0.0875,14.494264062066803,14.494264062066803,41.11878942171976,41.11878942171976,0.5661458333333333,0.5661458333333333,0.24125,0.24125,0.0,0.0
syn100,hybrid_no_ants,22.05642969443919,25.955641052633357,57.396255675337805,72.46024926954489,0.5422083333333333,0.505,0.0,0.0,0.2708333333333333,0.4166666666666667,34.84256993034775,53.48533586401627,82.87779736729235,130.2429698974251,0.37019444444444444,0.31475,0.0,0.0,0.5430555555555556,0.75,16.011302402434534,17.098245468474012,38.96591285616105,47.11596480623876,0.68285,0.6396666666666667,0.009625,0.045000000000000005,0.012291666666666668,0.08541666666666667,16.849667170217995,16.849667170217995,42.65484977092935,42.65484977092935,0.6319166666666667,0.6319166666666667,0.05,0.05,0.125,0.125,16.42364158662747,17.943572055491632,41.316783865599525,53.56095821759694,0.6570166666666667,0.6018333333333333,0.023625,0.07475000000000001,0.0325,0.13333333333333333,18.370026926023506,18.370026926023506,44.971238076776004,44.971238076776004,0.5538333333333333,0.5538333333333333,0.05,0.05,0.125,0.125,17.158492723583713,19.408396607959492,45.019929933481144,58.23237980420604,0.6108916666666667,0.5433333333333333,0.05465833333333334,0.13366666666666666,0.05479166666666667,0.15833333333333333,16.125799324068808,16.125799324068808,43.01028712992072,43.01028712992072,0.4370833333333334,0.4370833333333334,0.36625,0.36625,0.0625,0.0625,15.770414324003882,17.09879383436361,39.31923388367402,50.292826628329905,0.6870614035087719,0.6383333333333333,0.020692982456140353,0.08078947368421052,0.024791666666666667,0.10833333333333334,15.909842349659892,15.909842349659892,38.88232091223855,38.88232091223855,0.6862280701754386,0.6862280701754386,0.031578947368421054,0.031578947368421054,0.18333333333333332,0.18333333333333332,15.68837708960449,17.53306795465867,40.01704783035113,52.38789650570489,0.6715833333333333,0.6090740740740741,0.04459259259259259,0.12898148148148147,0.024583333333333336,0.1125,14.872381149289527,14.872381149289527,36.455452918115604,36.455452918115604,0.6725925925925925,0.6725925925925925,0.09527777777777778,0.09527777777777778,0.125,0.125,15.474410766255552,18.238268887799276,41.288605875836524,56.09909588745115,0.6340625000000001,0.5435416666666666,0.10740625,0.23239583333333333,0.013750000000000002,0.08541666666666667,14.49639953680018,14.49639953680018,41.02470215344727,41.02470215344727,0.568125,0.568125,0.2384375,0.2384375,0.0,0.0
syn100,hybrid_no_ls,22.449444055472064,26.992018780970916,59.523598194571676,75.74269146852568,0.5422708333333334,0.5000833333333333,0.0,0.0,0.2659722222222222,0.39166666666666666,34.807745388926236,52.52367448158542,83.5740768942036,129.02957079899778,0.37369444444444444,0.30516666666666664,0.0,0.0,0.5652777777777779,0.75,16.563701035949574,17.72516871991246,43.393198421251995,51.774989696320546,0.6774583333333334,0.6360833333333333,0.009625,0.0455,0.012083333333333335,0.08333333333333333,16.317734579168217,16.317734579168217,41.23375588665148,41.23375588665148,0.6329999999999999,0.6329999999999999,0.08875000000000001,0.08875000000000001,0.09791666666666667,0.09791666666666667,17.044051579316122,19.042111440011038,45.39624841298738,58.68932324056487,0.6498916666666666,0.5890833333333333,0.024275,0.0805,0.030000000000000002,0.12916666666666668,18.183365672098212,18.183365672098212,45.10167459824863,45.10167459824863,0.5513333333333333,0.5513333333333333,0.08875000000000001,0.08875000000000001,0.09791666666666667,0.09791666666666667,17.824765392281357,20.5072348193748,48.38532635491484,63.460343234136914,0.6020333333333333,0.5290833333333333,0.05752500000000001,0.15016666666666667,0.05333333333333334,0.16041666666666668,17.34527467577941,17.34527467577941,47.343424170300246,47.343424170300246,0.41125,0.41125,0.38158333333333333,0.38158333333333333,0.041666666666666664,0.041666666666666664,16.37004709444725,18.02217742098553,43.315465180731266,55.67130392963549,0.6805789473684211,0.6316666666666666,0.01949122807017544,0.0730701754385965,0.025,0.11875,16.37932894138947,16.37932894138947,42.222427870995915,42.222427870995915,0.6839473684210525,0.6839473684210525,0.030789473684210526,0.030789473684210526,0.15208333333333332,0.15208333333333332,16.38064817636079,18.615107295836303,43.768680745570165,57.79500195328453,0.6625277777777777,0.5980555555555556,0.04283333333333333,0.12481481481481481,0.028125,0.11666666666666667,15.193636957664117,15.193636957664117,38.41282166528707,38.41282166528707,0.6641666666666667,0.6641666666666667,0.10277777777777777,0.10277777777777777,0.0875,0.0875,15.811960197390567,18.836166983485406,43.14696026483537,59.01490893981701,0.6273958333333333,0.5326041666666667,0.11579166666666667,0.2684375,0.019583333333333335,0.08333333333333333,15.339645895645369,15.339645895645369,41.388601181684706,41.388601181684706,0.5536458333333333,0.5536458333333333,0.2303125,0.2303125,0.004166666666666667,0.004166666666666667
syn100,hybrid_swap_ls,22.267730302348014,26.569819803195784,59.26719380074272,75.2217722504347,0.5490625,0.50925,0.0,0.0,0.25555555555555554,0.36666666666666664,34.6563925016979,51.552607447779046,83.2104855248788,127.93400616112314,0.37769444444444444,0.3115,0.0,0.0,0.5638888888888889,0.75,16.34324755686549,17.389775540380843,42.684026157969164,50.87866612688781,0.6874333333333333,0.6461666666666667,0.009816666666666668,0.04716666666666667,0.011250000000000001,0.07291666666666667,15.881482182651812,15.881482182651812,40.00542253638803,40.00542253638803,0.6433333333333333,0.6433333333333333,0.09000000000000001,0.09000000000000001,0.07708333333333334,0.07708333333333334,16.82179565544097,18.808113428706182,44.915023973587985,58.50820745897366,0.6604500000000001,0.6024166666666667,0.024833333333333332,0.08316666666666667,0.027708333333333335,0.11666666666666667,17.620511107970458,17.620511107970458,43.83096826581598,43.83096826581598,0.5653333333333334,0.5653333333333334,0.09000000000000001,0.09000000000000001,0.07708333333333334,0.07708333333333334,17.580404776903645,20.148433420085446,48.075288836948694,62.902362969945436,0.6145583333333333,0.5444166666666667,0.056883333333333334,0.14891666666666667,0.048749999999999995,0.15,17.000086563287898,17.000086563287898,45.922020175229775,45.922020175229775,0.4185,0.4185,0.37366666666666665,0.37366666666666665,0.052083333333333336,0.052083333333333336,16.102490154374486,17.444066227285028,42.507147716853986,52.73756445805428,0.6925350877192983,0.6506140350877192,0.01873684210526316,0.07228070175438597,0.02354166666666667,0.11041666666666666,15.936228068923704,15.936228068923704,41.535038243116944,41.535038243116944,0.7007017543859649,0.7007017543859649,0.031315789473684214,0.031315789473684214,0.10416666666666667,0.10416666666666667,16.099218786192267,18.177599488064505,43.213957052209885,56.855816942886925,0.6756574074074074,0.6200925925925926,0.042490740740740746,0.12407407407407407,0.027708333333333335,0.11458333333333333,14.992411388832027,14.992411388832027,38.1202529770176,38.1202529770176,0.6700925925925926,0.6700925925925926,0.09888888888888887,0.09888888888888887,0.05625,0.05625,15.62176258330914,18.678476572376475,42.76958774320374,57.71778342861866,0.6390833333333333,0.5484375,0.11169791666666667,0.24781250000000002,0.019166666666666665,0.08958333333333333,14.989058658490935,14.989058658490935,39.86993606187407,39.86993606187407,0.5703125,0.5703125,0.21687499999999998,0.21687499999999998,0.004166666666666667,0.004166666666666667
syn100,ilp_ckm,20.756133978969366,23.098783370014,58.857078350198954,69.62180605854645,0.586875,0.5675,0.0,0.0,0.24999999999999997,0.5,33.75301895916135,49.01229992190121,82.1667325812733,126.22713660124512,0.39875,0.3675,0.0,0.0,0.5625,0.625,14.701749982408284,15.18415959574358,47.34028910684573,54.0772463697755,0.74675,0.715,0.007000000000000001,0.04,0.0125,0.125,14.663424746166335,14.663424746166335,37.75628910680689,37.75628910680689,0.6975,0.6975,0.05,0.05,0.0625,0.0625,15.129358883180073,16.82727633586174,48.846521436838806,62.93039890812023,0.73325,0.7,0.024,0.04,0.04375,0.1875,15.486499350189852,15.486499350189852,37.807467821005595,37.807467821005595,0.655,0.655,0.05,0.05,0.0625,0.0625,15.232068881705086,17.530689791306983,47.79956422526099,61.69725442363355,0.68875,0.645,0.054000000000000006,0.11,0.025,0.125,14.725209835960458,14.725209835960458,40.3509239905532,40.3509239905532,0.5175000000000001,0.5175000000000001,0.27,0.27,0.0,0.0,14.273101202462678,14.949951049231878,48.004489162069774,51.41954139179602,0.753421052631579,0.7263157894736842,0.02473684210526316,0.10263157894736842,0.0,0.0,13.429905376139901,13.429905376139901,37.7563857928589,37.7563857928589,0.7921052631578948,0.7921052631578948,0.031578947368421054,0.031578947368421054,0.0625,0.0625,14.754371938479343,16.70911625169947,49.35319556498439,64.41608519855967,0.7216666666666667,0.6611111111111111,0.03305555555555555,0.10833333333333334,0.0125,0.125,13.645012977463463,13.645012977463463,37.75628910680689,37.75628910680689,0.7138888888888889,0.7138888888888889,0.07777777777777778,0.07777777777777778,0.0625,0.0625,14.086690623798411,15.869774676467987,41.500490544789976,58.14641948877015,0.70875,0.609375,0.0834375,0.190625,0.0125,0.0625,13.525581076375785,13.525581076375785,37.75623979433112,37.75623979433112,0.6062500000000001,0.6062500000000001,0.2125,0.2125,0.0,0.0
syn100,kcenter,34.370351544949735,44.107565688156676,90.1417791088496,104.48149625521793,0.29,0.21,0.0,0.0,0.3125,0.41666666666666663,49.682367674310015,91.31071895954375,110.05718158999207,166.56969702302862,0.19416666666666665,0.09,0.0,0.0,0.5625,0.75,28.44336365067091,31.130609336509266,82.6648456120692,108.33739296430736,0.38025,0.3475,0.006,0.04,0.05625,0.25,19.95538008710631,19.95538008710631,50.30872418355778,50.30872418355778,0.375,0.375,0.25,0.25,0.0625,0.0625,30.884249143788807,40.69377655378309,90.54138910288438,121.79876856914382,0.36824999999999997,0.335,0.009,0.03,0.22499999999999998,0.3125,21.716925060114683,21.716925060114683,56.532452893881974,56.532452893881974,0.3475,0.3475,0.25,0.25,0.0625,0.0625,28.599426063156276,42.497360140117294,77.25653734010031,121.34227296002615,0.35175,0.295,0.11300000000000002,0.5,0.13125,0.25,21.82430374658521,21.82430374658521,57.953589581880806,57.953589581880806,0.34,0.34,0.37,0.37,0.0625,0.0625,27.34410203963182,29.280797871422095,79.16542586061249,89.91354233991242,0.38473684210526315,0.3526315789473684,0.023157894736842106,0.09473684210526316,0.06875,0.3125,28.867095762086347,28.867095762086347,83.30310394788884,83.30310394788884,0.3736842105263158,0.3736842105263158,0.031578947368421054,0.031578947368421054,0.0625,0.0625,29.50533902829342,42.33356621620389,80.94837393925872,115.79834826043435,0.36749999999999994,0.29444444444444445,0.039999999999999994,0.17777777777777778,0.1,0.3125,20.27195219388338,20.27195219388338,50.30871936228074,50.30871936228074,0.3944444444444445,0.3944444444444445,0.18888888888888888,0.18888888888888888,0.0625,0.0625,27.06850921387187,36.5558432283976,70.74352924437191,117.18573701134106,0.3675,0.325,0.11750000000000001,0.375,0.09375,0.25,18.322769038738436,18.322769038738436,45.668618310226734,45.668618310226734,0.3875,0.3875,0.3125,0.3125,0.0,0.0
syn100,kmeans,21.88089649055608,25.76654391994863,60.896062820763106,69.09832104574782,0.5320833333333334,0.47200000000000003,0.0,0.0,0.2520833333333333,0.425,34.85217246637122,49.061557220688556,81.23880512436116,118.54916445284515,0.3601944444444445,0.302,0.0,0.0,0.5631944444444446,0.7416666666666667,15.894168569308418,16.50757686298136,51.96029835245063,58.07736195063627,0.6885166666666667,0.6691666666666668,0.010066666666666666,0.047,0.007500000000000001,0.0625,15.114631309682204,15.114631309682204,36.92104639871746,36.92104639871746,0.6925,0.6925,0.05,0.05,0.0625,0.0625,16.012231423979877,16.930296199990995,51.2059093453886,60.75109453472603,0.6789416666666667,0.6531666666666668,0.023233333333333335,0.07066666666666667,0.02,0.09583333333333334,16.4915387039207,16.4915387039207,43.50834032363015,43.50834032363015,0.62875,0.62875,0.05,0.05,0.0625,0.0625,16.352777667917795,17.683277839998333,51.89279225828884,66.12811846431126,0.6540250000000001,0.6166666666666667,0.0521,0.12166666666666666,0.038125,0.125,14.740306589300749,14.740306589300749,49.704111929553456,49.704111929553456,0.58,0.58,0.23999999999999996,0.23999999999999996,0.0625,0.0625,15.541522133217985,16.46214268787116,49.31357888925998,57.48672519735889,0.6908684210526316,0.6623684210526316,0.022912280701754387,0.08035087719298245,0.0175,0.09583333333333334,14.610236219830089,14.610236219830089,36.56159187783307,36.56159187783307,0.7152631578947369,0.7152631578947369,0.031578947368421054,0.031578947368421054,0.00625,0.00625,15.508838735426227,16.842363926937423,48.231919867747806,59.397400010634826,0.6813703703703704,0.6438888888888888,0.03874074074074074,0.11074074074074074,0.021666666666666667,0.10625,14.616701636104581,14.616701636104581,36.56157712209167,36.56157712209167,0.6772222222222222,0.6772222222222222,0.08666666666666667,0.08666666666666667,0.00625,0.00625,14.797316201365083,16.94855801018459,44.13617886214954,59.61312949874668,0.6593854166666666,0.5927083333333333,0.103,0.20791666666666667,0.013125,0.06458333333333334,14.507738820579304,14.507738820579304,37.71211884399647,37.71211884399647,0.58875,0.58875,0.20125,0.20125,0.0,0.0
syn100,kmedian,21.58771140720127,22.90583591876924,59.12723939916352,67.56324505198585,0.538125,0.485,0.0,0.0,0.25,0.41666666666666663,33.51099679913781,49.874104619968506,80.36717113088777,111.4738266518209,0.37166666666666665,0.31,0.0,0.0,0.5625,0.625,16.565249467741825,16.80577397045432,52.162408287050596,56.85241753265738,0.6807499999999999,0.6325000000000001,0.007000000000000001,0.04,0.00625,0.0625,15.62880399378017,15.62880399378017,38.73981933266705,38.73981933266705,0.69,0.69,0.05,0.05,0.0625,0.0625,16.549039846065146,17.630607965747934,50.37116823565904,65.62110808557262,0.6725,0.6475,0.024,0.04,0.03125,0.125,17.490743515700956,17.490743515700956,45.72881239879123,45.72881239879123,0.61,0.61,0.05,0.05,0.0625,0.0625,16.836523036832236,18.753852269296047,51.96441019873508,63.58883291779576,0.631,0.57,0.054000000000000006,0.11,0.025,0.125,11.725750795301215,11.725750795301215,34.4367460061124,34.4367460061124,0.38,0.38,0.56,0.56,0.0,0.0,15.603270098174857,17.140202265659244,47.02671843307419,58.92080682154474,0.6989473684210527,0.6736842105263158,0.026315789473684216,0.08421052631578947,0.025,0.0625,15.405896471472905,15.405896471472905,38.73975220721123,38.73975220721123,0.7052631578947368,0.7052631578947368,0.031578947368421054,0.031578947368421054,0.0625,0.0625,16.213011790326192,17.209449510871707,48.209862628870766,58.5326125756751,0.6808333333333334,0.65,0.023333333333333334,0.1,0.01875,0.125,15.531713951804017,15.531713951804017,38.73975220721123,38.73975220721123,0.6666666666666666,0.6666666666666666,0.08888888888888889,0.08888888888888889,0.0625,0.0625,15.462010416706079,16.766168714062232,46.30696681710961,60.215776915311366,0.6653125,0.6062500000000001,0.0775,0.125,0.00625,0.0625,15.042359131220536,15.042359131220536,36.04001223959329,36.04001223959329,0.5625,0.5625,0.2,0.2,0.0625,0.0625
syn100,pagerank,31.034760822703532,47.25377217514206,80.63196677020379,105.5226472635726,0.434375,0.35000000000000003,0.0,0.0,0.3333333333333333,0.5,41.30314674835639,68.89339484369286,92.9704265458584,139.77646037216724,0.33458333333333334,0.2275,0.0,0.0,0.5625,0.75,25.655326057009837,26.856774285925084,75.84365219489432,83.24201402009389,0.49224999999999997,0.46499999999999997,0.007000000000000001,0.04,0.04375,0.3125,19.16454867043849,19.16454867043849,52.83531904070182,52.83531904070182,0.57,0.57,0.05,0.05,0.1875,0.1875,24.94766806774974,29.53593254595586,74.44160761040078,97.51944267478504,0.49475,0.45,0.024,0.04,0.1,0.3125,21.763105322014667,21.763105322014667,65.96051705899829,65.96051705899829,0.54,0.54,0.05,0.05,0.1875,0.1875,24.73207667634335,28.834506996259677,74.62462317077626,86.67860861085661,0.478,0.3775,0.06500000000000002,0.15,0.1125,0.3125,14.797484602985813,14.797484602985813,53.021193858805916,53.021193858805916,0.46,0.46,0.36,0.36,0.0625,0.0625,25.89601235473433,27.412827347003052,76.58365136365103,82.5367932979362,0.4878947368421052,0.41842105263157897,0.024210526315789474,0.12631578947368421,0.0125,0.125,20.251537042277967,20.251537042277967,53.753972685207756,53.753972685207756,0.55,0.55,0.031578947368421054,0.031578947368421054,0.1875,0.1875,23.764371987480693,26.5478706931638,69.34972907656525,80.22330062693571,0.48333333333333334,0.41944444444444445,0.052222222222222225,0.14444444444444443,0.06875,0.1875,19.564747797353153,19.564747797353153,52.83531623049298,52.83531623049298,0.5222222222222223,0.5222222222222223,0.08888888888888889,0.08888888888888889,0.1875,0.1875,20.797096038789604,28.644640890703435,62.99316104635957,87.52475494947696,0.46749999999999997,0.38125,0.20125,0.4125,0.05,0.125,13.406613694452744,13.406613694452744,40.73610635270794,40.73610635270794,0.4875,0.4875,0.35,0.35,0.0,0.0
syn100,pso,22.244485477304753,26.149258308118483,58.11566055073245,72.43280189037607,0.54575,0.5063333333333333,0.0,0.0,0.2708333333333333,0.4166666666666667,35.040156974583994,54.00597763855222,83.46380669337208,131.90524696427372,0.3750833333333333,0.31166666666666665,0.0,0.0,0.5583333333333333,0.75,16.306507435409248,17.47632460439427,40.27475229848803,49.0422045206725,0.6824833333333333,0.6419166666666667,0.009525,0.045083333333333336,0.012708333333333334,0.0875,16.948402674216457,16.948402674216457,41.94437823318505,41.94437823318505,0.6286666666666666,0.6286666666666666,0.05,0.05,0.125,0.125,16.73390088880687,18.445119123236694,42.69296352399669,54.90904606000324,0.6568083333333333,0.6028333333333333,0.023483333333333335,0.0745,0.03354166666666667,0.1375,18.738382723556647,18.738382723556647,45.838407530287824,45.838407530287824,0.5548333333333333,0.5548333333333333,0.05,0.05,0.125,0.125,17.56247410237094,20.442277683252055,46.75975935903304,61.19585334867583,0.6099166666666667,0.5386666666666666,0.05440833333333333,0.13608333333333336,0.056875,0.15833333333333333,17.049659346550836,17.049659346550836,46.294240741021405,46.294240741021405,0.4231666666666667,0.4231666666666667,0.3635,0.3635,0.0625,0.0625,16.064934396995312,17.565169376357,40.579604321340916,51.869436750675895,0.6868771929824561,0.638859649122807,0.02081578947368421,0.07666666666666666,0.026041666666666668,0.11458333333333333,15.850090673162192,15.850090673162192,39.26102032712668,39.26102032712668,0.6952631578947368,0.6952631578947368,0.031578947368421054,0.031578947368421054,0.14375,0.14375,16.03400766537366,18.096596034891228,41.40603302318211,53.93727612917845,0.6711111111111111,0.6090740740740741,0.04300925925925926,0.125,0.02354166666666667,0.10833333333333334,15.403257271169425,15.403257271169425,37.63997058491847,37.63997058491847,0.6643518518518517,0.6643518518518517,0.07916666666666666,0.07916666666666666,0.125,0.125,15.70701549748344,18.52725806779869,42.650012314521895,57.90091935450425,0.6346875,0.5515625,0.10747916666666667,0.24927083333333336,0.014791666666666668,0.08541666666666667,15.3896264058822,15.3896264058822,42.806930476186494,42.806930476186494,0.5701041666666667,0.5701041666666667,0.20291666666666666,0.20291666666666666,0.0,0.0
syn100,random,22.802922274678625,26.651016724710416,58.992929730696304,73.11457336897415,0.5233333333333333,0.47850000000000004,0.0,0.0,0.2708333333333333,0.4083333333333333,35.58133412233885,54.201498012441974,84.09287174897071,132.10426278194888,0.3589861111111111,0.29483333333333334,0.0,0.0,0.5604166666666667,0.75,16.78981939013881,17.895464821605355,41.950295811123674,50.11246128657835,0.6574083333333333,0.6185833333333334,0.009733333333333335,0.04591666666666667,0.0125,0.08125,17.127926844869467,17.127926844869467,42.16349000501558,42.16349000501558,0.6099166666666667,0.6099166666666667,0.06250000000000001,0.06250000000000001,0.11666666666666667,0.11666666666666667,17.289088488180436,19.17495774918043,44.53612759129089,56.310924446142245,0.63185,0.5783333333333334,0.02344166666666667,0.07483333333333334,0.0325,0.13541666666666666,18.628895091016542,18.628895091016542,45.06389377484029,45.06389377484029,0.5509166666666666,0.5509166666666666,0.06250000000000001,0.06250000000000001,0.11666666666666667,0.11666666666666667,18.035095111342127,20.879196878561675,48.12863555033979,62.04475410974987,0.5891000000000001,0.5228333333333334,0.05640833333333333,0.14308333333333334,0.05229166666666667,0.14166666666666666,15.769043816317527,15.769043816317527,43.742277709620865,43.742277709620865,0.4233333333333334,0.4233333333333334,0.388,0.388,0.06041666666666667,0.06041666666666667,16.555572036485295,18.166853851999836,42.40538562911904,54.17289866039487,0.6603947368421053,0.6121052631578947,0.022912280701754384,0.07929824561403508,0.025208333333333333,0.11875,16.466807274395105,16.466807274395105,41.137489355256896,41.137489355256896,0.6679824561403509,0.6679824561403509,0.031315789473684214,0.031315789473684214,0.14375,0.14375,16.55294450544875,18.836776488017,43.471621879885134,56.928904169957015,0.6465833333333334,0.5832407407407408,0.044453703703703704,0.12861111111111112,0.027708333333333335,0.11458333333333333,15.750338795050936,15.750338795050936,39.184683388816474,39.184683388816474,0.6362962962962962,0.6362962962962962,0.09574074074074074,0.09574074074074074,0.11458333333333333,0.11458333333333333,16.285309816665414,19.74770513368933,44.14708741535182,60.18485099889333,0.6118541666666667,0.5213541666666667,0.10983333333333332,0.24760416666666665,0.02041666666666667,0.09583333333333334,15.075583068058965,15.075583068058965,41.07361453000057,41.07361453000057,0.5405208333333333,0.5405208333333333,0.24760416666666665,0.24760416666666665,0.0,0.0
syn100,sa,22.289481736823998,25.91577166087938,57.907468248312384,71.18724211196782,0.5351874999999999,0.495,0.0,0.0,0.27152777777777776,0.4166666666666667,35.14178846777249,54.44789188982342,83.1261672549192,131.43764964151663,0.36666666666666664,0.30408333333333337,0.0,0.0,0.5513888888888889,0.75,16.39297464234135,17.526282142358443,40.503450130975196,48.79115180071212,0.671975,0.6292500000000001,0.009658333333333333,0.0455,0.012083333333333335,0.08541666666666667,16.985992068591365,16.985992068591365,42.6838204547978,42.6838204547978,0.6244999999999999,0.6244999999999999,0.052500000000000005,0.052500000000000005,0.125,0.125,16.833598585116135,18.509799305590203,42.99332272201524,55.56557253496967,0.6468916666666666,0.5924166666666667,0.023508333333333336,0.075,0.03333333333333333,0.13958333333333334,18.682341047636353,18.682341047636353,45.54367091186286,45.54367091186286,0.5450833333333333,0.5450833333333333,0.052500000000000005,0.052500000000000005,0.125,0.125,17.6143331518917,20.118143212389427,46.840308832425116,60.72507212725372,0.6006,0.5279166666666667,0.054433333333333334,0.13241666666666668,0.05458333333333333,0.15,16.517158719608542,16.517158719608542,44.65053046197469,44.65053046197469,0.4335833333333333,0.4335833333333333,0.36075,0.36075,0.06041666666666667,0.06041666666666667,16.159841877434612,17.687111483057638,40.993527793503034,52.92086187153271,0.6764298245614034,0.6268421052631579,0.020456140350877193,0.07833333333333334,0.026041666666666668,0.10833333333333334,16.058527489904872,16.058527489904872,39.82089336539593,39.82089336539593,0.6821929824561404,0.6821929824561404,0.031578947368421054,0.031578947368421054,0.16875,0.16875,16.114623310091943,18.243997193492255,42.03248707291747,55.43231104917747,0.6613333333333333,0.596574074074074,0.04529629629629629,0.12787037037037038,0.02875,0.11666666666666667,15.309207657283803,15.309207657283803,37.86943867475079,37.86943867475079,0.6597222222222222,0.6597222222222222,0.08833333333333333,0.08833333333333333,0.125,0.125,15.864984172363313,18.91229476007961,43.10181507913562,58.34671378286109,0.6240625000000001,0.5319791666666667,0.1081875,0.24583333333333332,0.01875,0.08958333333333333,14.876389791063655,14.876389791063655,42.02461592500835,42.02461592500835,0.5598958333333334,0.5598958333333334,0.2328125,0.2328125,0.0,0.0
syn200,aco,40.03466626444848,44.69662814214369,96.88741984258958,112.89001646388381,0.22182291666666665,0.1892083333333333,0.0,0.0,0.2611111111111111,0.3777777777777777,48.34432053477821,53.196876674644756,110.89133989132021,123.45009564179276,0.15750000000000003,0.11929166666666666,0.0,0.0,0.5305555555555556,0.75,34.928943689862045,38.781247473596615,85.8756268916382,111.11763082042175,0.26451250000000004,0.24204166666666668,0.03891666666666667,0.14895833333333333,0.0008333333333333334,0.008333333333333333,33.44834306436196,33.44834306436196,80.65123911546848,80.65123911546848,0.1920416666666667,0.1920416666666667,0.34049999999999997,0.34049999999999997,0.0,0.0,35.72419717126732,41.65020108468359,90.76663075473746,123.47109829837464,0.2526833333333333,0.221125,0.08085,0.2025,0.006041666666666667,0.04791666666666667,36.36963126455496,36.36963126455496,80.07682212140463,80.07682212140463,0.160125,0.160125,0.44745833333333335,0.44745833333333335,0.0,0.0,36.942241623870544,46.23515413104509,96.386326303881,136.17777291765972,0.2252625,0.1850416666666667,0.19572083333333332,0.3762916666666667,0.01916666666666667,0.11041666666666666,30.901462882404417,30.901462882404417,75.64996884438597,75.64996884438597,0.13454166666666667,0.13454166666666667,0.661125,0.661125,0.0,0.0,34.71722059668193,40.316972876275706,87.38928696392436,119.52782798917512,0.2683421052631579,0.23916666666666667,0.06525,0.19,0.003541666666666667,0.03125,32.76149190937501,32.76149190937501,73.72325287242317,73.72325287242317,0.22399122807017544,0.22399122807017544,0.22135964912280703,0.22135964912280703,0.0,0.0,34.55911048796463,41.8452356188451,88.29166965408142,122.18553365578913,0.2613101851851852,0.22236111111111112,0.13649999999999998,0.29712962962962963,0.008541666666666668,0.06041666666666667,39.93873984996697,39.93873984996697,96.46529187051755,96.46529187051755,0.1612962962962963,0.1612962962962963,0.44111111111111106,0.44111111111111106,0.0,0.0,32.02968831156666,41.94168692336414,83.39904988470374,118.75616729808013,0.246953125,0.19833333333333333,0.31058854166666666,0.50328125,0.003541666666666667,0.03125,34.44668126835338,34.44668126835338,80.33928376463928,80.33928376463928,0.12526041666666668,0.12526041666666668,0.6827604166666668,0.6827604166666668,0.0,0.0
syn200,eho,41.2865606284,46.64116804973655,103.70663591068858,116.00909960191703,0.22369791666666666,0.19295833333333334,0.0,0.0,0.23958333333333331,0.3361111111111111,50.68782440048961,57.156939824277515,115.77164260177518,129.57532195366483,0.15610416666666668,0.12120833333333333,0.0,0.0,0.5291666666666667,0.7916666666666666,35.46841020726034,40.137944992116815,92.76939034279285,119.42558328472693,0.27410416666666665,0.2517916666666667,0.03460833333333334,0.13462500000000002,0.006666666666666667,0.04583333333333333,33.63526140916843,33.63526140916843,86.88465190149108,86.88465190149108,0.22479166666666667,0.22479166666666667,0.287875,0.287875,0.03333333333333333,0.03333333333333333,36.28597362353007,43.2229416278702,97.57843559631834,132.72112170192878,0.2634,0.23504166666666665,0.07404583333333334,0.19087500000000002,0.013333333333333334,0.08958333333333333,34.239812959553,34.239812959553,77.86758421102141,77.86758421102141,0.19325,0.19325,0.42254166666666665,0.42254166666666665,0.04375,0.04375,37.130771853316006,46.61484299469232,101.01128581598589,140.3015417942366,0.23656249999999998,0.19824999999999998,0.18594166666666664,0.363625,0.028125,0.11458333333333333,28.06017407490809,28.06017407490809,70.97383796447271,70.97383796447271,0.15816666666666668,0.15816666666666668,0.6540416666666666,0.6540416666666666,0.0,0.0,35.131710984298934,40.6200777058215,93.30775715089995,121.37823229315296,0.27793859649122804,0.25206140350877193,0.0578859649122807,0.17280701754385966,0.013541666666666667,0.075,30.379115977920186,30.379115977920186,69.29363425992234,69.29363425992234,0.24508771929824563,0.24508771929824563,0.2449561403508772,0.2449561403508772,0.05416666666666667,0.05416666666666667,34.77918105149916,43.079351816436095,93.78924737163028,132.5463817437042,0.26890277777777777,0.22972222222222222,0.1382824074074074,0.29712962962962963,0.018125000000000002,0.0875,36.2040314883787,36.2040314883787,98.98466367315473,98.98466367315473,0.20537037037037037,0.20537037037037037,0.37407407407407406,0.37407407407407406,0.04375,0.04375,31.934399290440773,41.6087445763766,85.89196247159306,120.3055752108157,0.25627083333333334,0.20984375,0.295671875,0.4940104166666667,0.006666666666666667,0.052083333333333336,26.191535621019177,26.191535621019177,68.84716335023333,68.84716335023333,0.16229166666666667,0.16229166666666667,0.6456770833333334,0.6456770833333334,0.0,0.0
syn200,ga,40.80606999127384,46.35626525990048,103.8945427250529,117.81467971248081,0.22709374999999998,0.19491666666666668,0.0,0.0,0.25277777777777777,0.36666666666666664,50.502184350782855,57.066637233786125,116.64160660483148,131.2644488158551,0.15875,0.12179166666666667,0.0,0.0,0.5395833333333333,0.7625,34.77714591242038,39.24710461496757,90.99302427773118,116.17167088050105,0.27666666666666667,0.25354166666666667,0.0334125,0.12733333333333333,0.007083333333333334,0.05416666666666667,33.13441068805164,33.13441068805164,84.6973574075753,84.6973574075753,0.216625,0.216625,0.2841666666666667,0.2841666666666667,0.020833333333333332,0.020833333333333332,35.56197005180752,42.15980536066947,95.94816607311444,129.56583520906182,0.26633333333333337,0.236875,0.07232083333333333,0.18883333333333333,0.014583333333333334,0.08125,34.1526545631984,34.1526545631984,77.38263983207052,77.38263983207052,0.188125,0.188125,0.41916666666666663,0.41916666666666663,0.052083333333333336,0.052083333333333336,36.76506793399545,46.44909957719821,100.13059791048673,140.8661481993422,0.23772500000000002,0.19858333333333336,0.18034583333333334,0.3530833333333333,0.027083333333333334,0.11875,29.39568747427354,29.39568747427354,73.15901361603615,73.15901361603615,0.14891666666666667,0.14891666666666667,0.6596666666666666,0.6596666666666666,0.0,0.0,34.3233532320029,39.93941847584753,91.48358026909926,120.29808507538559,0.28054824561403513,0.25258771929824564,0.057153508771929824,0.17618421052631578,0.013333333333333334,0.08333333333333333,29.779494017811412,29.779494017811412,68.90267054033599,68.90267054033599,0.25285087719298244,0.25285087719298244,0.2186842105263158,0.2186842105263158,0.05416666666666667,0.05416666666666667,34.203397404021764,41.51642855076791,92.27471641690569,127.1941574721312,0.2730740740740741,0.23435185185185187,0.12566203703703704,0.28319444444444447,0.013333333333333334,0.08958333333333333,33.48809327663282,33.48809327663282,87.7510882480735,87.7510882480735,0.20287037037037037,0.20287037037037037,0.3706481481481481,0.3706481481481481,0.052083333333333336,0.052083333333333336,31.89542723766746,41.86527443537715,86.58636159793345,123.20003829226185,0.25808854166666667,0.20989583333333334,0.28718229166666664,0.47317708333333336,0.008125,0.05625,28.0701544132789,28.0701544132789,70.9406139969443,70.9406139969443,0.16572916666666665,0.16572916666666665,0.6181249999999999,0.6181249999999999,0.0,0.0
syn200,hybrid_eho_aco,40.33748912390882,45.49044699731256,100.25576926900197,113.54310847483399,0.22551041666666669,0.19270833333333334,0.0,0.0,0.2569444444444444,0.3861111111111111,49.15490433023203,55.10237074982331,112.76788286267819,127.18124233033036,0.15934722222222222,0.11929166666666666,0.0,0.0,0.5381944444444444,0.75,34.89079332755714,38.83764908129308,88.57846322951374,113.33485458909338,0.2719625,0.24916666666666665,0.036062500000000004,0.14016666666666666,0.0020833333333333333,0.014583333333333334,32.995068159993956,32.995068159993956,80.0351281445393,80.0351281445393,0.20170833333333335,0.20170833333333335,0.31820833333333337,0.31820833333333337,0.004166666666666667,0.004166666666666667,35.55613436928089,41.265996066109196,93.26295841511622,123.48119252759223,0.261125,0.23125,0.07715416666666666,0.19295833333333334,0.007916666666666667,0.058333333333333334,35.95139218604416,35.95139218604416,79.11490115171402,79.11490115171402,0.17275000000000001,0.17275000000000001,0.44525,0.44525,0.058333333333333334,0.058333333333333334,36.516584844290804,45.51965611007469,97.93392215165595,138.13306643915428,0.23307916666666667,0.1945,0.19077916666666667,0.3701666666666667,0.019791666666666666,0.09166666666666666,30.3180705681932,30.3180705681932,74.82696070867449,74.82696070867449,0.14179166666666668,0.14179166666666668,0.6709166666666666,0.6709166666666666,0.0,0.0,34.630196367831786,40.53801109991507,89.74948167692983,120.99414503076518,0.2758421052631579,0.24789473684210525,0.059250000000000004,0.1823684210526316,0.008958333333333334,0.04791666666666667,31.432233770899895,31.432233770899895,72.40149491317234,72.40149491317234,0.23899122807017545,0.23899122807017545,0.2169298245614035,0.2169298245614035,0.058333333333333334,0.058333333333333334,34.31480757017178,41.10228043671891,90.53009817938191,123.8119059433416,0.26805092592592594,0.22824074074074074,0.13294444444444445,0.29180555555555554,0.013958333333333333,0.08125,35.404759966899924,35.404759966899924,89.26835600214196,89.26835600214196,0.18287037037037035,0.18287037037037035,0.4068981481481481,0.4068981481481481,0.058333333333333334,0.058333333333333334,31.791050941408447,42.13768412833017,84.28234789634672,119.94228417039167,0.25340104166666666,0.20416666666666666,0.29816145833333335,0.47932291666666665,0.004791666666666667,0.03958333333333333,30.00838819986062,30.00838819986062,72.89547380539582,72.89547380539582,0.14796875,0.14796875,0.6454166666666666,0.6454166666666666,0.0,0.0
syn200,hybrid_no_ants,41.22741052839899,46.60691885795397,104.681850049949,119.30887360940277,0.228125,0.19804166666666667,0.0,0.0,0.25277777777777777,0.3777777777777778,50.879399807299656,57.38987564810082,117.59648710751298,131.880220890718,0.15979166666666667,0.12454166666666668,0.0,0.0,0.5381944444444444,0.75,35.2056172359986,39.53168074926047,92.17362099083377,117.19248407747865,0.278125,0.25587499999999996,0.034675000000000004,0.13116666666666668,0.0037500000000000003,0.025,32.658703670958054,32.658703670958054,83.53497187737463,83.53497187737463,0.22316666666666668,0.22316666666666668,0.29020833333333335,0.29020833333333335,0.004166666666666667,0.004166666666666667,36.14853724873346,42.6794689864933,97.52569803724232,131.2469735042381,0.2675166666666666,0.23833333333333334,0.07333333333333333,0.191,0.009375,0.06041666666666667,34.158339466729174,34.158339466729174,75.62571635266148,75.62571635266148,0.19429166666666667,0.19429166666666667,0.4177916666666667,0.4177916666666667,0.05416666666666667,0.05416666666666667,37.001008751804925,47.05451151434047,101.13791415960895,142.22023508410072,0.2409375,0.20375,0.18257083333333332,0.36125,0.026041666666666668,0.12708333333333333,29.25131827535889,29.25131827535889,73.19233663797509,73.19233663797509,0.1579583333333333,0.1579583333333333,0.645625,0.645625,0.0,0.0,34.67968168535966,40.58016692312115,92.61558968329045,121.61509253763579,0.2820131578947368,0.25469298245614036,0.05942543859649123,0.183640350877193,0.013958333333333333,0.07708333333333334,29.242407019117895,29.242407019117895,67.66853217488581,67.66853217488581,0.2575438596491228,0.2575438596491228,0.23675438596491227,0.23675438596491227,0.05416666666666667,0.05416666666666667,34.24866156507858,41.33376389555078,92.28254266503657,123.8901822935252,0.2748935185185185,0.23703703703703702,0.13023148148148148,0.28430555555555553,0.017083333333333336,0.09583333333333334,33.61567386815169,33.61567386815169,92.08905779789106,92.08905779789106,0.21064814814814817,0.21064814814814817,0.3782407407407407,0.3782407407407407,0.05416666666666667,0.05416666666666667,32.1774874626804,43.50172572524449,87.42298661029864,126.19860775137543,0.25925,0.21291666666666667,0.28584375,0.47859375,0.006458333333333333,0.05416666666666667,27.823241915775466,27.823241915775466,70.12497635817216,70.12497635817216,0.17130208333333333,0.17130208333333333,0.6104166666666667,0.6104166666666667,0.0,0.0
syn200,hybrid_no_ls,40.36046432374453,45.780834411965394,99.32836007503803,110.96626738024614,0.22226041666666668,0.189,0.0,0.0,0.24166666666666667,0.3416666666666667,48.9341546824375,54.61201203770515,111.24844070272374,125.11333137824919,0.15639583333333335,0.11941666666666667,0.0,0.0,0.5201388888888888,0.7583333333333333,35.169197709026456,39.62176991591197,89.38243036205839,117.53408417587391,0.2685083333333333,0.24429166666666668,0.0373625,0.141875,0.003541666666666667,0.03125,33.24735031842399,33.24735031842399,83.57234400076176,83.57234400076176,0.20370833333333332,0.20370833333333332,0.3257083333333333,0.3257083333333333,0.027083333333333334,0.027083333333333334,35.77336332848013,41.85722096565526,94.01584558663836,129.02030221062097,0.25722083333333334,0.22666666666666666,0.07972916666666667,0.20054166666666667,0.009791666666666667,0.075,35.49569356171988,35.49569356171988,81.1248023243409,81.1248023243409,0.17233333333333334,0.17233333333333334,0.443625,0.443625,0.0375,0.0375,36.9516161026542,46.236008463941786,98.26978524642116,139.54304372523697,0.2296166666666667,0.19070833333333334,0.19352083333333334,0.38016666666666665,0.025,0.12291666666666666,29.292367368090208,29.292367368090208,72.86541594451822,72.86541594451822,0.139375,0.139375,0.6782916666666666,0.6782916666666666,0.0,0.0,34.78166391535064,40.43660691282039,89.87436372678533,120.97280188229297,0.2730526315789474,0.24609649122807017,0.06189035087719298,0.18618421052631579,0.008958333333333334,0.0625,31.73559849624233,31.73559849624233,71.93132040561811,71.93132040561811,0.22758771929824562,0.22758771929824562,0.24337719298245614,0.24337719298245614,0.04583333333333333,0.04583333333333333,34.31035241675816,41.65575232427617,89.51166073430309,122.93689250357119,0.2650740740740741,0.22541666666666668,0.13783796296296297,0.29444444444444445,0.017291666666666667,0.09166666666666666,37.48189708230395,37.48189708230395,92.9454506860098,92.9454506860098,0.17712962962962964,0.17712962962962964,0.40930555555555553,0.40930555555555553,0.0375,0.0375,32.02486268746032,42.5073260884213,84.64051699728839,120.72157659440856,0.25018229166666667,0.20270833333333332,0.3028385416666667,0.49,0.005208333333333333,0.03958333333333333,29.531995126863876,29.531995126863876,73.52794556392716,73.52794556392716,0.14234375000000002,0.14234375000000002,0.65765625,0.65765625,0.0,0.0
syn200,hybrid_swap_ls,40.19163205431784,45.53442027947146,100.78491291674533,113.70831039474783,0.22497916666666665,0.19304166666666667,0.0,0.0,0.25555555555555554,0.3611111111111111,49.27930613782953,55.143833990421015,113.0900134538737,127.27032985958036,0.15764583333333335,0.12200000000000001,0.0,0.0,0.5305555555555556,0.775,34.518763499773875,38.862691888457405,88.29230528424772,117.53334214076729,0.27375416666666663,0.25154166666666666,0.035758333333333336,0.13979166666666665,0.003958333333333333,0.03333333333333333,33.28489880865065,33.28489880865065,84.15963824141156,84.15963824141156,0.207125,0.207125,0.3085833333333333,0.3085833333333333,0.027083333333333334,0.027083333333333334,35.235028253496715,41.60825565617697,93.2308965284282,129.44350424147214,0.2620208333333333,0.23045833333333335,0.07592083333333334,0.19104166666666667,0.011666666666666667,0.08125,35.156475911595116,35.156475911595116,79.49955432928635,79.49955432928635,0.17583333333333334,0.17583333333333334,0.44183333333333336,0.44183333333333336,0.0375,0.0375,36.412024908648995,45.857221105809096,97.80594912090048,140.99398612075376,0.23445416666666666,0.194375,0.18760000000000002,0.36454166666666665,0.027291666666666665,0.12291666666666666,29.916394753814714,29.916394753814714,73.98441716710441,73.98441716710441,0.14154166666666665,0.14154166666666665,0.6689166666666666,0.6689166666666666,0.0,0.0,34.07472394563241,39.45645227900384,88.82484381943732,120.74365627456082,0.2772938596491228,0.24912280701754386,0.059894736842105264,0.18052631578947367,0.008541666666666668,0.06666666666666667,31.215831424849533,31.215831424849533,71.9986108670083,71.9986108670083,0.24048245614035088,0.24048245614035088,0.21855263157894736,0.21855263157894736,0.04375,0.04375,33.77025913658562,40.813042286638726,89.64203704178429,123.93332224444217,0.2699398148148148,0.23212962962962963,0.13210185185185186,0.2893981481481481,0.018958333333333334,0.08333333333333333,35.52066183876754,35.52066183876754,89.4182576349282,89.4182576349282,0.18694444444444444,0.18694444444444444,0.3949074074074074,0.3949074074074074,0.0375,0.0375,31.77160271629866,42.10409370354343,85.28549607484089,121.93214790353908,0.2552916666666667,0.20359375,0.2903958333333333,0.47359375,0.007083333333333333,0.04583333333333333,29.14885370804205,29.14885370804205,73.8498867340396,73.8498867340396,0.1528125,0.1528125,0.63671875,0.63671875,0.0,0.0
syn200,ilp_ckm,38.019729886397144,42.85555247224031,105.44200583404407,114.02768771470961,0.28531249999999997,0.26625,0.0,0.0,0.2708333333333333,0.3333333333333333,53.14104295058304,61.67762005979037,124.47965229179925,146.96415413609333,0.19041666666666668,0.16625,0.0,0.0,0.5,0.75,28.458642285889585,32.72983783303159,68.47323906450846,101.76660674978677,0.36824999999999997,0.35,0.016500000000000004,0.065,0.018750000000000003,0.1875,29.592236089435428,29.592236089435428,83.11298401337878,83.11298401337878,0.32625000000000004,0.32625000000000004,0.14,0.14,0.125,0.125,29.309710076141144,33.0740458363631,81.79996824309421,109.78048099310774,0.346875,0.32125000000000004,0.066,0.17,0.0625,0.1875,28.623639285324018,28.623639285324018,93.09627420344367,93.09627420344367,0.2825,0.2825,0.29,0.29,0.0625,0.0625,34.30583703618467,48.873163997264896,96.87461758819342,154.58888920622277,0.313625,0.255,0.14100000000000001,0.22,0.075,0.25,25.632837079130407,25.632837079130407,70.0829932586221,70.0829932586221,0.20625,0.20625,0.58,0.58,0.0,0.0,28.260156817801008,32.629603429111526,75.20859748926813,108.88442453993673,0.3743421052631579,0.35,0.024736842105263158,0.05921052631578947,0.0125,0.125,28.44320178456087,28.44320178456087,67.7071131798301,67.7071131798301,0.36447368421052634,0.36447368421052634,0.005263157894736842,0.005263157894736842,0.125,0.125,30.09183156794763,36.3774658304477,95.00124501602457,171.19540620101733,0.36583333333333334,0.3236111111111111,0.06694444444444445,0.1486111111111111,0.04375,0.125,28.05596988231686,28.05596988231686,77.71126098686162,77.71126098686162,0.34444444444444444,0.34444444444444444,0.17222222222222222,0.17222222222222222,0.0625,0.0625,30.28419365570409,39.38267978863471,85.87202511311959,120.98537985428102,0.3303125,0.2546875,0.208125,0.3609375,0.00625,0.0625,28.738819189471943,28.738819189471943,87.50521349456453,87.50521349456453,0.284375,0.284375,0.328125,0.328125,0.0,0.0
syn200,kcenter,51.51269562102681,69.7604569406834,117.47090790551437,155.20303445293297,0.130625,0.075,0.0,0.0,0.2916666666666667,0.41666666666666663,70.1577872210583,101.0357100848048,141.84355663897983,190.49080561996783,0.08729166666666667,0.04,0.0,0.0,0.5208333333333334,0.625,43.47862535694708,48.70390260003456,104.87529721846296,115.36386400245877,0.16562499999999997,0.14875,0.014500000000000002,0.065,0.0625,0.25,45.43942151003138,45.43942151003138,105.11382576963504,105.11382576963504,0.135,0.135,0.14,0.14,0.0625,0.0625,45.34826546107564,50.557663250120285,107.47448438021316,141.0907343147181,0.1575,0.14375,0.07,0.26,0.16249999999999998,0.25,45.958957275863625,45.958957275863625,114.06701287595533,114.06701287595533,0.125,0.125,0.29,0.29,0.0625,0.0625,47.46574738243231,53.27247913036496,108.55315442687912,141.82874648080735,0.13675,0.095,0.203,0.48,0.1625,0.25,36.104907121846026,36.104907121846026,73.72415799326126,73.72415799326126,0.1,0.1,0.575,0.575,0.0,0.0,46.26479252553805,56.59918286504916,115.95904531653426,168.0735558427874,0.16789473684210526,0.14078947368421052,0.011052631578947366,0.02631578947368421,0.08125,0.25,44.79007634946074,44.79007634946074,92.18389634400552,92.18389634400552,0.10921052631578947,0.10921052631578947,0.2736842105263158,0.2736842105263158,0.0625,0.0625,42.63672287536879,46.08113345043246,102.73103649631426,135.32300223384283,0.16930555555555557,0.1486111111111111,0.09722222222222221,0.29444444444444445,0.15625,0.25,45.02944706341587,45.02944706341587,101.90648084821856,101.90648084821856,0.1111111111111111,0.1111111111111111,0.3,0.3,0.0625,0.0625,36.90058427510689,46.69243282641595,89.04131467185326,124.33204850538172,0.15328125,0.10625,0.38875000000000004,0.7125,0.04375,0.125,27.621480797969657,27.621480797969657,69.35360734452767,69.35360734452767,0.1,0.1,0.66875,0.66875,0.0,0.0
syn200,kmeans,42.61139172923891,49.48574972516236,118.28706731350728,126.527426841825,0.21000000000000002,0.18,0.0,0.0,0.2708333333333333,0.3333333333333333,59.09361881986358,69.54801495901104,134.58392848750236,156.09592788324588,0.13999999999999999,0.105,0.0,0.0,0.5208333333333334,0.875,30.83227127418032,35.2885202502498,83.9735274499379,117.22859516324667,0.27355,0.25883333333333336,0.02375,0.09916666666666667,0.019375,0.12083333333333333,30.298658129042924,30.298658129042924,72.98763468390649,72.98763468390649,0.28,0.28,0.14,0.14,0.0625,0.0625,32.054959197124575,39.63720719167102,91.3184149928511,137.19600749656465,0.26693333333333336,0.2495,0.051100000000000007,0.15166666666666667,0.03666666666666667,0.16041666666666668,29.669610815965882,29.669610815965882,86.82231716417287,86.82231716417287,0.265,0.265,0.23999999999999996,0.23999999999999996,0.0625,0.0625,34.77730698046126,45.87278951854083,99.77672235998092,151.97750461864067,0.2498,0.226,0.12485,0.24033333333333334,0.06854166666666667,0.19166666666666668,21.519631090003372,21.519631090003372,63.809036219351306,63.809036219351306,0.22,0.22,0.57,0.57,0.0,0.0,31.29515359133866,37.810320550530044,86.18070004983046,124.62167775506558,0.2749824561403509,0.25280701754385965,0.04007017543859649,0.13087719298245612,0.043333333333333335,0.17083333333333334,27.20236144887129,27.20236144887129,61.039572534634736,61.039572534634736,0.2842105263157895,0.2842105263157895,0.15263157894736842,0.15263157894736842,0.0625,0.0625,32.19354171329069,39.703132555957204,90.81660756913445,129.7147538896629,0.270037037037037,0.23925925925925925,0.09740740740740741,0.21814814814814815,0.04708333333333334,0.16458333333333333,28.48709137675596,28.48709137675596,83.98522971994767,83.98522971994767,0.3,0.3,0.19444444444444445,0.19444444444444445,0.0625,0.0625,32.606117692476985,45.087089773932284,92.55353890022872,136.3489028993292,0.25935416666666666,0.215,0.22791666666666668,0.42770833333333336,0.022708333333333334,0.09375,31.723765150962656,31.723765150962656,93.77917053383531,93.77917053383531,0.23125,0.23125,0.33125,0.33125,0.0,0.0
syn200,kmedian,38.46577018460741,43.3135260091981,99.80108715192533,114.88778294832795,0.263125,0.24875,0.0,0.0,0.2708333333333333,0.3333333333333333,53.72254906229562,67.79545141834502,121.83712928640952,150.17544973607963,0.17645833333333333,0.155,0.0,0.0,0.47916666666666663,0.625,30.105831047958038,33.043576102125265,81.36867168993273,98.15419925730339,0.342625,0.32875,0.016500000000000004,0.065,0.018750000000000003,0.1875,32.07208693075358,32.07208693075358,105.11353525798044,105.11353525798044,0.315,0.315,0.14,0.14,0.0625,0.0625,30.954899131766243,33.47827041464105,90.92039749035511,119.91340283761016,0.335375,0.31875,0.066,0.17,0.06875,0.1875,28.09277569381527,28.09277569381527,93.09627420344367,93.09627420344367,0.3,0.3,0.29,0.29,0.0625,0.0625,32.76049847746641,44.50193873082916,94.807467718323,131.93329816198826,0.30212500000000003,0.27375000000000005,0.17250000000000001,0.305,0.056249999999999994,0.1875,24.745373594495682,24.745373594495682,70.0829932586221,70.0829932586221,0.22,0.22,0.575,0.575,0.0,0.0,29.421295466512596,31.71270773400665,85.28675018522964,109.57060516685571,0.34789473684210526,0.33289473684210524,0.041052631578947375,0.1368421052631579,0.03125,0.1875,25.851087249704435,25.851087249704435,61.63466266624989,61.63466266624989,0.2934210526315789,0.2934210526315789,0.2736842105263158,0.2736842105263158,0.0625,0.0625,30.317192666048662,35.30728574664611,93.389228815606,141.23546697212242,0.34027777777777773,0.3111111111111111,0.10277777777777779,0.32222222222222224,0.0625,0.1875,25.898606055215744,25.898606055215744,77.71126098686162,77.71126098686162,0.3055555555555556,0.3055555555555556,0.3,0.3,0.0625,0.0625,27.119655381174063,34.89579040554884,82.39631413225007,125.39997468957313,0.31078125,0.26875,0.32875,0.44375,0.0,0.0,27.847410329677274,27.847410329677274,87.50521349456453,87.50521349456453,0.2625,0.2625,0.43125,0.43125,0.0,0.0
syn200,pagerank,70.69874908483965,88.71770009751503,157.3064257343555,157.5455836035771,0.1275,0.075,0.0,0.0,0.29166666666666663,0.41666666666666663,76.77808006455544,88.9675904066967,157.42671556955708,157.78745822318444,0.10916666666666668,0.075,0.0,0.0,0.5208333333333334,0.75,67.7802727390214,81.40800715960575,161.8518931950748,187.1284327729885,0.14250000000000002,0.13,0.016500000000000004,0.065,0.025,0.25,73.27125440166982,73.27125440166982,214.6057602464362,214.6057602464362,0.145,0.145,0.27,0.27,0.1875,0.1875,64.4183547188608,91.4830274986326,155.5115877326181,214.89640433186852,0.138,0.125,0.1675,0.495,0.05,0.25,37.93791523970295,37.93791523970295,97.92958728847529,97.92958728847529,0.145,0.145,0.485,0.485,0.0625,0.0625,52.7230406400298,100.9772121436275,122.39233697358613,234.6972170824768,0.128,0.11,0.409,0.85,0.05,0.25,22.35936744960241,22.35936744960241,53.94556767114206,53.94556767114206,0.14,0.14,0.74,0.74,0.0,0.0,71.84310981760564,98.03048952304478,163.7716727179519,204.23242476364857,0.14052631578947367,0.12631578947368421,0.045789473684210526,0.1368421052631579,0.0625,0.25,35.09139368089975,35.09139368089975,76.91360355858552,76.91360355858552,0.15263157894736842,0.15263157894736842,0.4368421052631579,0.4368421052631579,0.0625,0.0625,69.43282474817303,102.48446866640101,154.05481176491708,222.4518521889217,0.14055555555555554,0.13333333333333333,0.15333333333333332,0.49444444444444446,0.08125,0.1875,35.91028882359663,35.91028882359663,92.99021357301248,92.99021357301248,0.16111111111111112,0.16111111111111112,0.46111111111111114,0.46111111111111114,0.0625,0.0625,44.02557474321017,73.91642194640873,111.78885064711599,178.92954636463944,0.13874999999999998,0.10625,0.5112499999999999,0.875,0.03125,0.125,34.51319144446744,34.51319144446744,102.78415438690014,102.78415438690014,0.16875,0.16875,0.51875,0.51875,0.0,0.0
syn200,pso,40.452389732412605,45.32449883206357,100.17733411129798,113.41896153888099,0.22074999999999997,0.18862500000000001,0.0,0.0,0.25069444444444444,0.3527777777777778,49.024835476395204,54.64123623646228,112.41171496998055,125.9439943453529,0.15623611111111113,0.11887500000000001,0.0,0.0,0.5284722222222222,0.75,35.17467882688981,39.46074930686579,89.17524788410915,115.72597847370486,0.26560416666666664,0.24283333333333335,0.03749583333333333,0.14295833333333335,0.003125,0.016666666666666666,33.17934349399653,33.17934349399653,80.26093360596226,80.26093360596226,0.198625,0.198625,0.3235,0.3235,0.0125,0.0125,35.77795273540216,41.46194486243792,93.39837668419328,124.59684863557774,0.2552291666666667,0.22658333333333333,0.07784583333333334,0.1985833333333333,0.008333333333333333,0.05625,36.10254069503034,36.10254069503034,79.75268649550124,79.75268649550124,0.170125,0.170125,0.44762500000000005,0.44762500000000005,0.041666666666666664,0.041666666666666664,36.83405007672138,46.213346194665604,98.05659210092749,137.71786583618035,0.22843333333333332,0.19075,0.19247916666666667,0.37079166666666663,0.019166666666666665,0.09375,29.985679465445287,29.985679465445287,74.14245280265096,74.14245280265096,0.13983333333333334,0.13983333333333334,0.671875,0.671875,0.0,0.0,34.87422953502098,40.76476232653601,90.62131640795164,122.76163255301857,0.26960964912280705,0.24206140350877192,0.06321052631578947,0.1856140350877193,0.008125,0.04791666666666667,31.678534954270347,31.678534954270347,72.53159064746681,72.53159064746681,0.23087719298245615,0.23087719298245615,0.23171052631578945,0.23171052631578945,0.04583333333333333,0.04583333333333333,34.7642761662181,42.677088161215906,91.64126481819474,128.4856652907302,0.2622962962962963,0.2263888888888889,0.1305324074074074,0.2809259259259259,0.011875,0.07916666666666666,37.06150598552877,37.06150598552877,93.3016128592666,93.3016128592666,0.1774074074074074,0.1774074074074074,0.4099537037037037,0.4099537037037037,0.041666666666666664,0.041666666666666664,32.13485807923537,43.23448431647705,84.59621507980114,121.08857286533676,0.24772395833333333,0.19890624999999998,0.30084375,0.49723958333333335,0.005208333333333333,0.0375,30.504449084843014,30.504449084843014,73.51722529676331,73.51722529676331,0.14270833333333333,0.14270833333333333,0.6558854166666667,0.6558854166666667,0.0,0.0
syn200,random,41.22042721474206,46.40038893818159,98.85891106467392,108.34786577935488,0.21321874999999998,0.17620833333333333,0.0,0.0,0.2472222222222222,0.3611111111111111,49.3378474924646,55.68618866157269,109.86552839104284,124.54905392666791,0.15209722222222224,0.10958333333333334,0.0,0.0,0.5416666666666666,0.7708333333333334,36.7384460568317,42.24592891076225,92.15521568470496,121.08226330871032,0.25566666666666665,0.23279166666666665,0.0379125,0.146125,0.0033333333333333335,0.029166666666666667,34.29695581454105,34.29695581454105,86.56448063794028,86.56448063794028,0.20920833333333333,0.20920833333333333,0.329125,0.329125,0.027083333333333334,0.027083333333333334,37.43553707646483,44.53807716025971,96.14040833338527,131.2836174742425,0.24512083333333334,0.21766666666666667,0.08010833333333332,0.2055,0.010624999999999999,0.07083333333333333,35.94638510377194,35.94638510377194,82.98937864706342,82.98937864706342,0.18054166666666666,0.18054166666666666,0.44116666666666665,0.44116666666666665,0.04791666666666667,0.04791666666666667,38.51777373261757,49.88853513505213,100.58513472794496,146.66051433696126,0.21981250000000002,0.183,0.19946250000000001,0.38849999999999996,0.025208333333333333,0.1125,26.28129088938431,26.28129088938431,68.5945396738401,68.5945396738401,0.14391666666666666,0.14391666666666666,0.7076666666666667,0.7076666666666667,0.0,0.0,36.11404063838599,42.05123823716258,91.27868574239731,119.92111789021764,0.2595657894736842,0.23271929824561402,0.06582894736842106,0.1919298245614035,0.012291666666666668,0.07291666666666667,32.44541871045736,32.44541871045736,71.88161358317551,71.88161358317551,0.21043859649122806,0.21043859649122806,0.30837719298245614,0.30837719298245614,0.05625,0.05625,36.12062818063757,44.50218680484714,92.64140524962978,128.17757944955443,0.2502361111111111,0.21689814814814815,0.1491574074074074,0.3225462962962963,0.013750000000000002,0.08333333333333333,39.931743494758045,39.931743494758045,102.8591741202177,102.8591741202177,0.17912037037037037,0.17912037037037037,0.42726851851851855,0.42726851851851855,0.04583333333333333,0.04583333333333333,33.48925719875085,44.72028646202016,88.74781922044573,125.5869508903516,0.23866145833333335,0.19484375,0.31061979166666664,0.49015625,0.004166666666666667,0.03125,26.198596811242076,26.198596811242076,65.6617343180237,65.6617343180237,0.14505208333333333,0.14505208333333333,0.6872916666666666,0.6872916666666666,0.0,0.0
syn200,sa,40.4765426105661,45.76875025379954,98.60545886128462,110.30535899039472,0.22130208333333332,0.18616666666666667,0.0,0.0,0.24930555555555553,0.36666666666666664,48.76268617711605,54.470662505330225,110.28988360414746,124.20145403249799,0.15792361111111114,0.11766666666666666,0.0,0.0,0.5243055555555556,0.7583333333333333,35.40161465383043,39.88141249146197,87.80930587067506,113.51816587546932,0.2654375,0.24283333333333335,0.037270833333333336,0.143125,0.002916666666666667,0.022916666666666665,34.32067684672832,34.32067684672832,84.39267322267706,84.39267322267706,0.20358333333333334,0.20358333333333334,0.321625,0.321625,0.027083333333333334,0.027083333333333334,35.97549779196719,41.893123729419145,92.64150642937537,124.75322441195607,0.25509583333333335,0.22675,0.07971666666666667,0.20091666666666666,0.009583333333333333,0.06875,37.02734425710846,37.02734425710846,82.58880048472176,82.58880048472176,0.172875,0.172875,0.4434166666666667,0.4434166666666667,0.04791666666666667,0.04791666666666667,37.065935312083276,46.701683309503714,97.78440595974457,139.03580368241578,0.2288166666666667,0.190625,0.19618333333333335,0.3842083333333333,0.025416666666666664,0.10416666666666667,27.972834858893396,27.972834858893396,71.13186388573673,71.13186388573673,0.144375,0.144375,0.6882083333333333,0.6882083333333333,0.0,0.0,34.86606138695863,40.31946840900778,88.46924841238277,117.49616258954885,0.2686842105263158,0.2406140350877193,0.06776315789473684,0.19614035087719298,0.009375,0.058333333333333334,32.69945422643608,32.69945422643608,73.64515313767252,73.64515313767252,0.22421052631578947,0.22421052631578947,0.24754385964912282,0.24754385964912282,0.05416666666666667,0.05416666666666667,34.8320463341,41.995531191000424,89.51925835953753,121.80517046931209,0.26149074074074075,0.2238425925925926,0.1378287037037037,0.29583333333333334,0.014791666666666668,0.08541666666666667,38.707981300210925,38.707981300210925,95.54906857452,95.54906857452,0.17643518518518517,0.17643518518518517,0.4077314814814815,0.4077314814814815,0.04791666666666667,0.04791666666666667,32.31461862062716,42.7790958293869,84.77500592251269,121.30941644392368,0.24731770833333336,0.19911458333333334,0.3065104166666667,0.49489583333333337,0.005416666666666667,0.04375,27.341888267546583,27.341888267546583,66.39312944805937,66.39312944805937,0.14265624999999998,0.14265624999999998,0.6792708333333334,0.6792708333333334,0.0,0.0
syn50,aco,13.756620580294872,15.13892331982696,36.379088069736994,48.017099328872824,0.808125,0.738,0.0,0.0,0.29236111111111107,0.4083333333333333,18.582799759605273,20.69901111686619,47.95833027361027,59.96994727335247,0.6223888888888889,0.4871666666666667,0.0,0.0,0.5902777777777778,0.75,10.890882424832848,12.478875810703194,26.7904237481365,39.178408416270265,0.9142500000000001,0.8531666666666666,0.009416666666666667,0.057833333333333334,0.009166666666666667,0.06458333333333334,11.77678925567854,11.77678925567854,43.982881943436055,43.982881943436055,0.828,0.828,0.07833333333333334,0.07833333333333334,0.12083333333333333,0.12083333333333333,11.328731840694457,13.597957722661162,30.203565775929103,47.488891495691625,0.887,0.8059999999999999,0.02266666666666667,0.09283333333333334,0.01875,0.09791666666666667,10.051470233501659,10.051470233501659,23.323534517376917,23.323534517376917,0.7251666666666666,0.7251666666666666,0.22766666666666666,0.22766666666666666,0.008333333333333333,0.008333333333333333,12.261817828706109,15.747877039043077,36.37869172656711,57.53575927144595,0.8232166666666667,0.7143333333333334,0.05828333333333333,0.15866666666666665,0.037083333333333336,0.11875,9.802180298927086,9.802180298927086,26.604866580130413,26.604866580130413,0.6483333333333333,0.6483333333333333,0.31316666666666665,0.31316666666666665,0.008333333333333333,0.008333333333333333,10.695155950899174,12.400629289258989,27.395408915501562,42.037333874147954,0.9194097222222222,0.8579861111111111,0.009947916666666667,0.05711805555555556,0.008125,0.06458333333333334,11.32523596856125,11.32523596856125,34.012529073978804,34.012529073978804,0.9057291666666667,0.9057291666666667,0.0013888888888888887,0.0013888888888888887,0.12083333333333333,0.12083333333333333,10.879598548896988,13.464783842696779,30.423255089531715,48.41303310305696,0.8933703703703704,0.8101851851851852,0.02709259259259259,0.09462962962962963,0.014583333333333334,0.09166666666666666,10.591419875733996,10.591419875733996,26.876656161858715,26.876656161858715,0.8903703703703704,0.8903703703703704,0.03166666666666666,0.03166666666666666,0.11041666666666666,0.11041666666666666,10.85469884511161,13.891270835080649,31.92927376999703,51.92771632564483,0.8522708333333333,0.7439583333333334,0.060708333333333336,0.16354166666666667,0.016666666666666666,0.09583333333333334,10.900681202605309,10.900681202605309,26.409243489938135,26.409243489938135,0.7908333333333334,0.7908333333333334,0.11187499999999999,0.11187499999999999,0.07291666666666667,0.07291666666666667
syn50,eho,13.792424728594002,15.186851203428525,36.66322922194547,47.56773093703986,0.7985833333333333,0.7200000000000001,0.0,0.0,0.2881944444444444,0.39166666666666666,18.589862799375716,21.080497284533738,47.63067238786121,59.514136331369606,0.6142500000000001,0.47383333333333333,0.0,0.0,0.5930555555555556,0.75,10.985988048937264,12.611870242063564,28.171375872045758,41.46947875929213,0.9047000000000001,0.844,0.009383333333333334,0.0565,0.009166666666666667,0.06666666666666667,11.957384921863438,11.957384921863438,43.958208791238796,43.958208791238796,0.8188333333333334,0.8188333333333334,0.07816666666666668,0.07816666666666668,0.12291666666666666,0.12291666666666666,11.420492468227145,13.735148677519708,31.279881469529464,48.47957653197679,0.87835,0.7955,0.022883333333333332,0.09183333333333334,0.017708333333333333,0.10208333333333333,10.554795057406759,10.554795057406759,25.599070658501596,25.599070658501596,0.721,0.721,0.20583333333333337,0.20583333333333337,0.01875,0.01875,12.4688713813511,16.22401547677413,37.475891098564155,58.74979250456688,0.8141833333333334,0.7055,0.05808333333333334,0.15583333333333332,0.03875,0.1375,10.267254718366134,10.267254718366134,27.480984616465843,27.480984616465843,0.6408333333333334,0.6408333333333334,0.29933333333333334,0.29933333333333334,0.01875,0.01875,10.863143285235374,12.700196371804934,29.26000972313561,44.84316376545434,0.9080381944444444,0.8465277777777778,0.00970486111111111,0.05625,0.010833333333333334,0.075,11.492574331742736,11.492574331742736,36.3602038304883,36.3602038304883,0.8987847222222223,0.8987847222222223,0.0,0.0,0.11875,0.11875,11.044770967054422,13.551855048074165,32.12817801127713,50.27426962219678,0.8838703703703704,0.7985185185185185,0.026703703703703705,0.09185185185185185,0.018125000000000002,0.10416666666666667,10.654052097343833,10.654052097343833,26.677362786127105,26.677362786127105,0.8675925925925926,0.8675925925925926,0.044814814814814814,0.044814814814814814,0.06666666666666667,0.06666666666666667,10.892599328574805,13.987848855023422,32.266668035833256,53.544321756835615,0.8453333333333333,0.72875,0.06304166666666668,0.171875,0.01625,0.08958333333333333,10.800180148609682,10.800180148609682,27.1897208859182,27.1897208859182,0.7622916666666666,0.7622916666666666,0.14020833333333332,0.14020833333333332,0.052083333333333336,0.052083333333333336
syn50,ga,13.891019507526604,15.21540995295218,36.857978780162355,47.181910882279304,0.8024583333333334,0.7295,0.0,0.0,0.28680555555555554,0.3777777777777777,18.707293285599,21.111513838697,47.81757433788109,59.80476625956729,0.6163055555555557,0.4728333333333333,0.0,0.0,0.5895833333333333,0.75,11.036224116384684,12.502602719843145,27.962144251771882,40.28862401045733,0.90785,0.8480000000000001,0.009416666666666665,0.05816666666666667,0.010833333333333334,0.07708333333333334,11.818780081331726,11.818780081331726,43.58662192085987,43.58662192085987,0.8276666666666668,0.8276666666666668,0.07783333333333334,0.07783333333333334,0.125,0.125,11.491885417876054,13.755111058858391,31.231037341067275,48.491838783881306,0.8797,0.7986666666666667,0.02256666666666667,0.0915,0.021249999999999998,0.11458333333333333,10.540771780584242,10.540771780584242,24.67688484433879,24.67688484433879,0.7258333333333333,0.7258333333333333,0.2046666666666667,0.2046666666666667,0.03125,0.03125,12.479763074218939,16.163926347804452,37.241290275838104,59.46310867689678,0.8142999999999999,0.7076666666666667,0.05835,0.15416666666666667,0.041041666666666664,0.14583333333333334,10.429919708074136,10.429919708074136,28.53809040497289,28.53809040497289,0.6391666666666667,0.6391666666666667,0.2983333333333333,0.2983333333333333,0.03125,0.03125,10.918720145246986,12.903093195184187,28.958662692489764,44.32027898874704,0.9104513888888889,0.842013888888889,0.010434027777777776,0.06024305555555556,0.008333333333333333,0.07291666666666667,11.381907598527038,11.381907598527038,35.76534565534363,35.76534565534363,0.9041666666666667,0.9041666666666667,0.0013888888888888887,0.0013888888888888887,0.11041666666666666,0.11041666666666666,11.070225221986153,13.766570568129735,31.2181627744645,51.06642712019231,0.8871481481481481,0.8012962962962963,0.026851851851851852,0.09296296296296296,0.0175,0.09583333333333334,10.645987638196157,10.645987638196157,26.09721166924153,26.09721166924153,0.8698148148148148,0.8698148148148148,0.048518518518518516,0.048518518518518516,0.07916666666666666,0.07916666666666666,11.0857618990619,14.355800521386268,32.85564183494986,54.28822112348794,0.8462291666666667,0.73,0.059770833333333336,0.16833333333333333,0.017083333333333336,0.1,10.917380496733923,10.917380496733923,26.631540360345806,26.631540360345806,0.7695833333333333,0.7695833333333333,0.13520833333333332,0.13520833333333332,0.06458333333333334,0.06458333333333334
syn50,hybrid_eho_aco,13.667420548935091,14.989439528520553,36.335593412215616,47.629491173643366,0.8047916666666667,0.722,0.0,0.0,0.2916666666666667,0.4166666666666667,18.48614484631781,20.81769910714252,47.76065064343818,59.62368120916613,0.6194722222222223,0.4673333333333333,0.0,0.0,0.5958333333333333,0.75,10.843750163273322,12.490226330071968,26.954173647747606,39.295608915434805,0.9124833333333334,0.85,0.009449999999999998,0.05733333333333333,0.00875,0.0625,11.814204576635293,11.814204576635293,44.961081029157704,44.961081029157704,0.8335,0.8335,0.07533333333333334,0.07533333333333334,0.125,0.125,11.329827239731147,13.714991319599477,30.4006516350443,47.243486440985585,0.8848333333333334,0.8025,0.021866666666666666,0.08933333333333333,0.021249999999999998,0.11666666666666667,10.451428822687948,10.451428822687948,24.612784078894347,24.612784078894347,0.7243333333333334,0.7243333333333334,0.21466666666666667,0.21466666666666667,0.0,0.0,12.278845600273819,15.866556489443989,36.55529069053894,57.92060603567367,0.8231833333333333,0.7133333333333333,0.05733333333333333,0.15350000000000003,0.0375,0.12708333333333333,10.03595802267726,10.03595802267726,27.70015077538397,27.70015077538397,0.6578333333333333,0.6578333333333333,0.2996666666666667,0.2996666666666667,0.0,0.0,10.699497316267557,12.531385609556393,28.104070190094593,43.2737594114248,0.9158854166666667,0.8524305555555556,0.010069444444444443,0.05711805555555556,0.00875,0.0625,11.398893086501674,11.398893086501674,34.34511473523776,34.34511473523776,0.9050347222222223,0.9050347222222223,0.0,0.0,0.125,0.125,10.801976741739615,13.11498749266809,30.625339716583895,48.93607296774951,0.8922592592592592,0.81,0.02837037037037037,0.09759259259259259,0.013333333333333334,0.09166666666666666,10.780512735527298,10.780512735527298,25.801399123789565,25.801399123789565,0.8818518518518519,0.8818518518518519,0.027777777777777776,0.027777777777777776,0.09375,0.09375,10.751950299082063,13.582603886456925,31.759587138144386,52.09086222722855,0.8546458333333333,0.7397916666666667,0.06089583333333334,0.16541666666666668,0.016458333333333335,0.0875,11.264599757325943,11.264599757325943,27.51384300837629,27.51384300837629,0.8033333333333333,0.8033333333333333,0.08958333333333333,0.08958333333333333,0.09166666666666666,0.09166666666666666
syn50,hybrid_no_ants,13.70240687241983,15.05227642388592,36.410898948951676,47.89466248996444,0.805125,0.725,0.0,0.0,0.2916666666666667,0.4166666666666667,18.543021976238325,20.844851684923587,47.90133905199254,59.752161312094174,0.6191388888888889,0.4693333333333333,0.0,0.0,0.5944444444444444,0.75,10.842002880565728,12.4567124982747,26.9366399159382,38.99276596046113,0.9135666666666666,0.8513333333333333,0.009366666666666667,0.05733333333333333,0.009166666666666667,0.06458333333333334,11.815297825628402,11.815297825628402,45.055746041024946,45.055746041024946,0.8336666666666667,0.8336666666666667,0.07433333333333333,0.07433333333333333,0.125,0.125,11.30742666336244,13.572030462110911,30.35560077709927,46.8165359975193,0.8862,0.8051666666666667,0.02191666666666667,0.08933333333333333,0.02020833333333333,0.1125,10.248710987648012,10.248710987648012,24.012633647806048,24.012633647806048,0.7211666666666666,0.7211666666666666,0.22566666666666668,0.22566666666666668,0.0,0.0,12.26565498462752,15.84692317731001,36.464258279697,57.64028468597931,0.82435,0.7126666666666667,0.057133333333333335,0.15383333333333335,0.03916666666666667,0.125,9.866655205471632,9.866655205471632,27.03892722790158,27.03892722790158,0.6543333333333333,0.6543333333333333,0.309,0.309,0.0,0.0,10.689338952918785,12.481090900029182,27.878089449048073,42.86383820162083,0.9168229166666666,0.8536458333333333,0.010277777777777778,0.057986111111111106,0.008541666666666668,0.06458333333333334,11.36630810215088,11.36630810215088,34.43977993664643,34.43977993664643,0.9059027777777777,0.9059027777777777,0.0,0.0,0.125,0.125,10.797772650957066,13.104291582633978,30.88796729240106,49.42239960337747,0.893537037037037,0.8124074074074075,0.027759259259259258,0.09703703703703703,0.015208333333333334,0.1,10.666029160795615,10.666029160795615,25.64921724000965,25.64921724000965,0.887962962962963,0.887962962962963,0.027777777777777776,0.027777777777777776,0.10416666666666667,0.10416666666666667,10.826201433964552,13.725948652076246,31.884259082803776,51.97154297971664,0.8533124999999999,0.7408333333333333,0.059166666666666666,0.1625,0.017291666666666667,0.09375,11.24083907867438,11.24083907867438,27.23849656936038,27.23849656936038,0.8097916666666667,0.8097916666666667,0.08333333333333333,0.08333333333333333,0.09791666666666667,0.09791666666666667
syn50,hybrid_no_ls,13.738295100602556,15.104509196043317,36.34347607836703,46.72516076424187,0.801125,0.7345,0.0,0.0,0.2916666666666667,0.39166666666666666,18.155294792635303,20.507479725716184,46.41213294961027,58.201529361039704,0.6327777777777778,0.5043333333333334,0.0,0.0,0.5972222222222222,0.75,11.196065177902746,13.199148696371775,29.200181446803942,43.80344612991482,0.8878166666666666,0.8225,0.0115,0.06783333333333334,0.006041666666666667,0.04375,12.53288346590306,12.53288346590306,46.00827094545068,46.00827094545068,0.784,0.784,0.09000000000000001,0.09000000000000001,0.1,0.1,11.67351633948534,14.379668424283302,32.72719113794348,50.647758611996224,0.8611166666666666,0.7755,0.0257,0.09833333333333334,0.015208333333333332,0.08541666666666667,10.841127661254498,10.841127661254498,27.81176230798567,27.81176230798567,0.7010000000000001,0.7010000000000001,0.20450000000000002,0.20450000000000002,0.041666666666666664,0.041666666666666664,12.542913285157931,16.109067074868186,38.51607672757426,59.46809706869321,0.8009833333333333,0.6981666666666667,0.063,0.16266666666666665,0.03208333333333333,0.12083333333333333,10.778919636257395,10.778919636257395,28.47094395750145,28.47094395750145,0.6113333333333333,0.6113333333333333,0.30533333333333335,0.30533333333333335,0.03958333333333333,0.03958333333333333,11.04272343696894,12.891066144494674,29.99498109246012,44.82638096839474,0.894861111111111,0.8322916666666667,0.010503472222222223,0.058680555555555555,0.005208333333333333,0.041666666666666664,12.108571532976866,12.108571532976866,41.51303843451409,41.51303843451409,0.8633680555555556,0.8633680555555556,0.00798611111111111,0.00798611111111111,0.08541666666666667,0.08541666666666667,11.139074782756204,13.781658424550907,32.471205188071934,51.05196848710178,0.8692222222222222,0.787037037037037,0.031166666666666665,0.11037037037037037,0.012291666666666668,0.07291666666666667,10.541473422623291,10.541473422623291,28.11845432596714,28.11845432596714,0.8264814814814815,0.8264814814814815,0.08185185185185184,0.08185185185185184,0.06875,0.06875,11.02568201051118,14.140616189892759,33.93249043631779,55.09663754432095,0.8321875,0.723125,0.06974999999999999,0.18666666666666665,0.013541666666666667,0.07708333333333334,10.64164721074457,10.64164721074457,28.152302149488538,28.152302149488538,0.7216666666666666,0.7216666666666666,0.17625,0.17625,0.03958333333333333,0.03958333333333333
syn50,hybrid_swap_ls,13.73328907231229,15.277825456560064,36.14056142287525,47.69228892515498,0.7995,0.7243333333333334,0.0,0.0,0.2916666666666667,0.3972222222222222,18.095611144546183,20.34099034608646,46.50561590390717,57.617487554971184,0.6341111111111111,0.5155,0.0,0.0,0.5986111111111111,0.75,11.246594148188837,13.248016256180621,29.185873045018408,43.14803544912897,0.8830666666666667,0.8161666666666666,0.010966666666666668,0.06433333333333334,0.006666666666666667,0.04791666666666667,12.430274645996803,12.430274645996803,45.13982966742183,45.13982966742183,0.7769999999999999,0.7769999999999999,0.093,0.093,0.10208333333333333,0.10208333333333333,11.688794076569529,14.55885206477456,32.68938980599796,50.487744042024154,0.8548333333333333,0.7685,0.02735,0.10566666666666666,0.014791666666666668,0.0875,10.602933474279162,10.602933474279162,28.02353027557256,28.02353027557256,0.685,0.685,0.22250000000000003,0.22250000000000003,0.027083333333333334,0.027083333333333334,12.626242388469281,16.263347210267863,39.10905602391312,59.72054536038012,0.7960999999999999,0.6905,0.06281666666666667,0.1655,0.03125,0.11666666666666667,10.542242483017302,10.542242483017302,28.051910068225105,28.051910068225105,0.6033333333333334,0.6033333333333334,0.314,0.314,0.025,0.025,11.045764999763296,12.98240865603842,29.85527624844166,44.99524001857536,0.8903472222222223,0.828298611111111,0.011267361111111112,0.06631944444444444,0.005000000000000001,0.04375,12.036584240057174,12.036584240057174,40.86295980617147,40.86295980617147,0.8598958333333333,0.8598958333333333,0.008333333333333333,0.008333333333333333,0.1,0.1,11.211223306406044,13.962125708487482,33.22749528844886,52.23028050983031,0.8672222222222222,0.7868518518518518,0.02975925925925926,0.10351851851851852,0.010833333333333334,0.07083333333333333,10.599198871542388,10.599198871542388,29.30904631639905,29.30904631639905,0.8205555555555556,0.8205555555555556,0.08055555555555555,0.08055555555555555,0.07291666666666667,0.07291666666666667,11.11898865068183,14.443409982592554,34.69412677544585,56.47636314153329,0.8282708333333333,0.721875,0.06835416666666667,0.18020833333333333,0.017083333333333336,0.08958333333333333,10.333469334919991,10.333469334919991,27.62960630264051,27.62960630264051,0.705,0.705,0.19416666666666668,0.19416666666666668,0.0375,0.0375
syn50,ilp_ckm,13.350916339010809,16.47313281602049,40.06344678372855,51.8640902234376,0.78,0.66,0.0,0.0,0.33333333333333326,0.5,18.83643705668875,21.666869823102672,48.88542105828407,57.43990588676297,0.5691666666666667,0.44,0.0,0.0,0.5416666666666666,0.75,9.266763489306408,10.424230736535643,34.45822639579336,48.4444263962242,0.9354999999999999,0.9099999999999999,0.015999999999999997,0.06,0.0,0.0,9.935086203330115,9.935086203330115,40.87149875447153,40.87149875447153,0.865,0.865,0.06,0.06,0.0625,0.0625,9.672666472432509,10.804236714480467,34.84632816799626,52.56526214771941,0.9285,0.88,0.006,0.02,0.03125,0.125,9.5212501458896,9.5212501458896,30.397958280039127,30.397958280039127,0.8200000000000001,0.8200000000000001,0.11000000000000001,0.11000000000000001,0.125,0.125,10.085374428947325,11.827811207822688,34.50121898178013,44.34155224222517,0.8785000000000001,0.8049999999999999,0.052000000000000005,0.14,0.07500000000000001,0.1875,8.356136115992438,8.356136115992438,21.035928700144368,21.035928700144368,0.675,0.675,0.3,0.3,0.125,0.125,9.143448118176908,10.195709165885006,32.898718691640724,48.444158636908014,0.9317708333333333,0.890625,0.014583333333333332,0.0625,0.0,0.0,9.785116342115856,9.785116342115856,48.44400814828491,48.44400814828491,0.9270833333333333,0.9270833333333333,0.0,0.0,0.0,0.0,9.303836373401221,11.088226414251679,34.049252315894066,56.28153098562989,0.92,0.8555555555555556,0.014444444444444444,0.06666666666666667,0.01875,0.0625,8.840678552617433,8.840678552617433,28.26498759111495,28.26498759111495,0.9388888888888889,0.9388888888888889,0.005555555555555556,0.005555555555555556,0.125,0.125,8.972161472363705,11.161720298864726,30.93499963246073,54.51592035155646,0.91125,0.85625,0.036875,0.13125,0.04375,0.125,9.483927046354706,9.483927046354706,31.790064782655463,31.790064782655463,0.85625,0.85625,0.05,0.05,0.125,0.125
syn50,kcenter,18.290821131035695,23.11920180711157,44.966554588496514,48.349054582872185,0.6112500000000001,0.385,0.0,0.0,0.3125,0.41666666666666663,24.670873626102967,33.302739864186385,54.39306012622237,69.74418693712246,0.42833333333333334,0.22,0.0,0.0,0.5416666666666667,0.75,15.714908937875034,19.957541296145454,43.16979797026512,63.35082825276231,0.737,0.635,0.002,0.02,0.075,0.25,18.518212118841078,18.518212118841078,53.010649571163114,53.010649571163114,0.65,0.65,0.06,0.06,0.125,0.125,15.708846643861518,20.500438095252004,42.70317595478293,66.50480087132597,0.7165,0.64,0.028000000000000004,0.24,0.05,0.25,11.6258625391878,11.6258625391878,30.275972402723568,30.275972402723568,0.61,0.61,0.32,0.32,0.0,0.0,16.95039696863954,23.183519277926962,52.26652172905135,73.57770516450064,0.704,0.63,0.012,0.06,0.16249999999999998,0.25,13.248957841125353,13.248957841125353,29.090775813375963,29.090775813375963,0.54,0.54,0.32,0.32,0.125,0.125,14.83956576093279,17.656883012978632,41.60787076404115,68.76985471585604,0.76875,0.7447916666666666,0.0,0.0,0.075,0.25,17.43458884030361,17.43458884030361,53.01000694844699,53.01000694844699,0.6979166666666666,0.6979166666666666,0.0,0.0,0.125,0.125,15.654825638566466,21.2648132974416,46.34179187000532,75.21548220766977,0.7433333333333333,0.6388888888888888,0.0022222222222222222,0.022222222222222223,0.06875,0.25,11.257676675824005,11.257676675824005,25.068350007229345,25.068350007229345,0.6833333333333333,0.6833333333333333,0.2222222222222222,0.2222222222222222,0.0,0.0,15.459558004521526,20.5921624361739,45.986475003853755,68.55261859828389,0.755,0.575,0.02,0.125,0.05,0.125,9.972436389387028,9.972436389387028,25.72120138191241,25.72120138191241,0.6875,0.6875,0.275,0.275,0.0,0.0
syn50,kmeans,15.841182151192243,17.727137144923187,48.522602808149465,56.34523740726171,0.7262500000000001,0.655,0.0,0.0,0.2916666666666667,0.4166666666666667,20.30647928318961,23.182370932957564,52.953619845598695,60.27093204364582,0.5616666666666668,0.45,0.0,0.0,0.625,0.625,12.896940260632396,14.667306970407,46.51118467723335,58.971022273971194,0.8015166666666667,0.7611666666666667,0.0208,0.11800000000000001,0.0008333333333333334,0.008333333333333333,9.89866101651927,9.89866101651927,51.866574389894375,51.866574389894375,0.785,0.785,0.16,0.16,0.0,0.0,12.87036129395281,15.753443477311103,46.87742570620716,67.3181384039244,0.78395,0.7276666666666666,0.047266666666666665,0.16133333333333333,0.0020833333333333333,0.020833333333333332,8.897226436034318,8.897226436034318,25.645056206408324,25.645056206408324,0.815,0.815,0.16,0.16,0.0,0.0,12.867742108437483,17.11068106442571,47.82359055660261,73.147188919466,0.7553333333333333,0.6848333333333334,0.09313333333333333,0.20266666666666666,0.011875,0.08333333333333333,8.484995693039252,8.484995693039252,21.026435045496445,21.026435045496445,0.73,0.73,0.26,0.26,0.0,0.0,12.524589761418772,14.833706622653953,44.70664678002931,61.41703391906807,0.8049999999999999,0.7630208333333334,0.03111111111111111,0.12777777777777777,0.0010416666666666667,0.010416666666666666,9.765785799850665,9.765785799850665,51.86656716726218,51.86656716726218,0.7760416666666666,0.7760416666666666,0.16666666666666666,0.16666666666666666,0.0,0.0,11.997278970978577,15.24385015096726,43.64152885497969,66.59619981652698,0.7950555555555555,0.7398148148148148,0.06266666666666666,0.17555555555555555,0.011458333333333333,0.08333333333333333,8.502751764215741,8.502751764215741,25.335881254650385,25.335881254650385,0.8166666666666667,0.8166666666666667,0.15555555555555556,0.15555555555555556,0.0,0.0,10.709051561803895,14.960783988546,37.548329454101285,64.56783511056237,0.783125,0.7041666666666667,0.11341666666666668,0.22583333333333336,0.015625,0.09375,7.625998369984255,7.625998369984255,23.775451491556552,23.775451491556552,0.8,0.8,0.175,0.175,0.0,0.0
syn50,kmedian,14.343607244774974,14.859681598889274,37.572437626679765,43.498898802936665,0.73,0.715,0.0,0.0,0.29166666666666663,0.41666666666666663,19.182221188770058,22.608081087284475,45.748926770279894,58.185862625684464,0.5616666666666668,0.40499999999999997,0.0,0.0,0.5416666666666666,0.75,12.05470731991123,14.081591842289978,34.83155594013031,55.66466075245182,0.8010000000000002,0.695,0.015999999999999997,0.06,0.0,0.0,12.846027424515103,12.846027424515103,51.480380226580856,51.480380226580856,0.76,0.76,0.06,0.06,0.125,0.125,12.473156985284023,14.564375212754506,37.32224923032167,61.38974305206807,0.7905,0.74,0.006,0.02,0.049999999999999996,0.1875,12.86588289451084,12.86588289451084,40.99325228876844,40.99325228876844,0.76,0.76,0.08,0.08,0.125,0.125,14.638778260615222,18.040521805115816,46.338824191609945,69.56889048666088,0.743,0.67,0.034,0.08,0.1,0.1875,16.555667759513803,16.555667759513803,51.63106294349894,51.63106294349894,0.595,0.595,0.18,0.18,0.125,0.125,11.761317823254519,14.239052490865028,32.45598875022516,57.1257378398724,0.8156249999999999,0.78125,0.004166666666666667,0.041666666666666664,0.0625,0.1875,11.77447101272686,11.77447101272686,39.38029372835781,39.38029372835781,0.8125,0.8125,0.0,0.0,0.0625,0.0625,12.598950538862598,15.493786769176424,40.85323527381646,64.81975146879688,0.7933333333333332,0.711111111111111,0.008888888888888889,0.08888888888888889,0.03125,0.125,8.313120927209413,8.313120927209413,20.98591061618089,20.98591061618089,0.8,0.8,0.17777777777777778,0.17777777777777778,0.0,0.0,12.232033708572214,20.13304512222859,39.20508950331903,72.93765141420825,0.746875,0.5812499999999999,0.1,0.2,0.025,0.1875,8.105659440423299,8.105659440423299,18.791502827095982,18.791502827095982,0.7937500000000001,0.7937500000000001,0.2,0.2,0.0,0.0
syn50,pagerank,17.89977949237122,20.517138507998606,53.71868967058859,53.84912521203637,0.58,0.46,0.0,0.0,0.25,0.41666666666666663,19.335735708155717,21.45633711903469,54.00110865877403,55.3319467285688,0.54,0.46,0.0,0.0,0.4791666666666667,0.625,17.898960435231665,22.21286410085932,58.36924031726309,76.14805938548835,0.616,0.6,0.015999999999999997,0.06,0.0,0.0,14.055152563457593,14.055152563457593,46.230873497297765,46.230873497297765,0.6,0.6,0.16,0.16,0.0,0.0,15.43795328059452,22.627478990882604,49.77738612008266,77.68619692576173,0.608,0.54,0.094,0.4,0.0,0.0,7.988655726292445,7.988655726292445,29.54317356266327,29.54317356266327,0.54,0.54,0.4,0.4,0.0,0.0,17.79599399700019,22.434597091640715,53.78639982364932,63.311915633794804,0.59,0.56,0.084,0.16,0.0,0.0,6.410288967149532,6.410288967149532,18.187790549511227,18.187790549511227,0.54,0.54,0.46,0.46,0.0,0.0,17.183103748926456,21.68100545538742,56.00525630782396,76.14801771103045,0.6187499999999999,0.5833333333333334,0.0125,0.0625,0.0,0.0,13.421600494866272,13.421600494866272,46.23086181710487,46.23086181710487,0.6041666666666666,0.6041666666666666,0.16666666666666666,0.16666666666666666,0.0,0.0,14.907066378104734,18.25269065395073,48.25939494486951,63.15519474438866,0.6066666666666667,0.5777777777777777,0.08888888888888888,0.35555555555555557,0.025,0.125,8.012990351399461,8.012990351399461,29.54317356266327,29.54317356266327,0.5555555555555556,0.5555555555555556,0.37777777777777777,0.37777777777777777,0.0,0.0,11.257565091901515,16.150301721274968,36.278848773699835,57.79935667066922,0.6125,0.525,0.2125,0.475,0.0,0.0,8.729344498043789,8.729344498043789,33.00198996013851,33.00198996013851,0.5,0.5,0.425,0.425,0.0,0.0
syn50,pso,13.823830597944966,15.159773802179135,36.798699634723384,48.186921561249505,0.8063333333333332,0.7306666666666667,0.0,0.0,0.29027777777777775,0.4083333333333333,18.748470720894122,21.005890741944146,48.21749888784874,60.08084881792019,0.6170555555555556,0.4733333333333334,0.0,0.0,0.5958333333333333,0.75,10.854531098781,12.422675882021679,27.11577697954478,39.29171036880469,0.9174166666666667,0.8565,0.009283333333333334,0.057,0.009375,0.06458333333333334,11.795307142710868,11.795307142710868,45.51900342325658,45.51900342325658,0.8371666666666667,0.8371666666666667,0.073,0.073,0.125,0.125,11.312684919025275,13.550550149734676,30.46212992401497,47.01697040287817,0.88995,0.8113333333333334,0.02191666666666667,0.0895,0.020625,0.1125,10.083487537218936,10.083487537218936,23.181101050190016,23.181101050190016,0.7215,0.7215,0.233,0.233,0.00625,0.00625,12.310097194445836,15.781754617909828,36.763926255917234,58.40825164470073,0.8258500000000001,0.7168333333333333,0.05678333333333333,0.15416666666666667,0.04020833333333333,0.12708333333333333,9.849464229668827,9.849464229668827,26.538543728596533,26.538543728596533,0.6486666666666667,0.6486666666666667,0.31683333333333336,0.31683333333333336,0.00625,0.00625,10.659443048727887,12.282197739702424,27.805041962139892,42.73811869863202,0.9218055555555555,0.8612847222222223,0.009722222222222222,0.05607638888888889,0.009166666666666667,0.06458333333333334,11.266710443669641,11.266710443669641,35.49314279039086,35.49314279039086,0.9118055555555556,0.9118055555555556,0.0,0.0,0.12291666666666666,0.12291666666666666,10.859105070785258,13.292846505151472,30.680655898414283,50.000221922611146,0.8976481481481482,0.8179629629629629,0.02435185185185185,0.08444444444444445,0.016874999999999998,0.1,10.516034841396538,10.516034841396538,25.533660646560595,25.533660646560595,0.8970370370370371,0.8970370370370371,0.029074074074074075,0.029074074074074075,0.10833333333333334,0.10833333333333334,10.89493715941809,13.888632335900473,32.20589151512505,53.20225009708211,0.8565208333333333,0.7439583333333334,0.05702083333333333,0.15875,0.0175,0.09583333333333334,11.113621762174656,11.113621762174656,26.670254757493563,26.670254757493563,0.8166666666666667,0.8166666666666667,0.0825,0.0825,0.09583333333333334,0.09583333333333334
syn50,random,13.962048705422863,15.332040920361516,37.07517482970243,47.228424951432636,0.7882083333333333,0.7136666666666667,0.0,0.0,0.2875,0.38333333333333336,18.728507282340733,21.44599423924177,47.458753352460434,59.32974555205232,0.6053055555555555,0.46349999999999997,0.0,0.0,0.5958333333333333,0.75,11.159770636410839,12.709679513499362,28.955318183005367,41.32071321246915,0.8950666666666667,0.8350000000000001,0.009166666666666667,0.05516666666666667,0.009375,0.06458333333333334,12.055852877313844,12.055852877313844,45.62221641584543,45.62221641584543,0.8068333333333334,0.8068333333333334,0.081,0.081,0.1125,0.1125,11.614767480265852,13.858893821521738,32.32579698957991,49.87865777948984,0.8688166666666667,0.7888333333333333,0.021816666666666665,0.08833333333333333,0.021875,0.10416666666666667,10.587154707003013,10.587154707003013,25.95370072323593,25.95370072323593,0.73,0.73,0.1905,0.1905,0.020833333333333332,0.020833333333333332,12.711352135951444,16.693728263695142,38.41917070766166,61.51055526306631,0.8061833333333334,0.6945,0.05488333333333333,0.1515,0.041875,0.13958333333333334,10.228167291124286,10.228167291124286,27.063208050070436,27.063208050070436,0.639,0.639,0.3,0.3,0.020833333333333332,0.020833333333333332,11.033736644633299,12.870747664563355,29.75168151709146,45.1208953002572,0.8993402777777778,0.8366319444444444,0.008055555555555555,0.053125,0.008958333333333334,0.0625,11.641587644866803,11.641587644866803,38.61130836860256,38.61130836860256,0.8897569444444444,0.8897569444444444,0.0013888888888888887,0.0013888888888888887,0.10833333333333334,0.10833333333333334,11.316055092632418,14.166068696483014,33.394267956837616,54.05402928777356,0.8745185185185186,0.7877777777777778,0.024074074074074074,0.08777777777777777,0.021666666666666667,0.10625,10.659218984978564,10.659218984978564,26.314049662668044,26.314049662668044,0.8644444444444445,0.8644444444444445,0.046296296296296294,0.046296296296296294,0.06666666666666667,0.06666666666666667,11.16572620319986,14.450207720041455,33.83107214038186,55.63210073064876,0.8352916666666667,0.7216666666666666,0.061375,0.17520833333333333,0.016666666666666666,0.0875,11.098243860243409,11.098243860243409,28.186000345778545,28.186000345778545,0.7579166666666667,0.7579166666666667,0.128125,0.128125,0.06458333333333334,0.06458333333333334
syn50,sa,13.703070183091247,14.995833952639888,36.462554808734694,47.424833084641236,0.8049999999999999,0.7246666666666666,0.0,0.0,0.28958333333333336,0.40555555555555556,18.554063322821683,20.930604704042835,47.761409707876496,59.62473646670594,0.618138888888889,0.4671666666666667,0.0,0.0,0.59375,0.75,10.844892571102612,12.44565145402836,27.142383142832863,39.47423462171688,0.91405,0.8524999999999999,0.009533333333333333,0.057833333333333334,0.008333333333333333,0.06041666666666667,11.73381300181231,11.73381300181231,44.27580723665983,44.27580723665983,0.8363333333333334,0.8363333333333334,0.07466666666666667,0.07466666666666667,0.125,0.125,11.309715050291713,13.658700036950599,30.377157919385933,47.53019810962363,0.8867833333333334,0.8046666666666666,0.02171666666666667,0.0895,0.021666666666666667,0.11666666666666667,10.470776399477865,10.470776399477865,24.57485213193921,24.57485213193921,0.7263333333333333,0.7263333333333333,0.21083333333333334,0.21083333333333334,0.008333333333333333,0.008333333333333333,12.266013775653702,15.862399939452763,36.54625356114406,58.235506464755396,0.8237333333333333,0.7140000000000001,0.057,0.15266666666666667,0.04020833333333333,0.13125,10.110947758548424,10.110947758548424,27.796645774599277,27.796645774599277,0.6556666666666666,0.6556666666666666,0.298,0.298,0.008333333333333333,0.008333333333333333,10.674152389480707,12.359135435302203,28.017870411331163,42.745147292634556,0.9175520833333334,0.8574652777777777,0.0103125,0.05763888888888889,0.0125,0.07916666666666666,11.315864093675959,11.315864093675959,34.275287023998565,34.275287023998565,0.9086805555555556,0.9086805555555556,0.0,0.0,0.12291666666666666,0.12291666666666666,10.8162895475408,13.13127041722668,30.60886318728829,48.835806528773816,0.8941666666666667,0.8153703703703704,0.026240740740740738,0.09277777777777778,0.015416666666666667,0.09583333333333334,10.76132384233327,10.76132384233327,26.010021873397196,26.010021873397196,0.8844444444444444,0.8844444444444444,0.025740740740740738,0.025740740740740738,0.08958333333333333,0.08958333333333333,10.775791590243193,13.683965719788393,31.87972049986003,53.20122163035952,0.8545625,0.7435416666666667,0.0606875,0.16854166666666667,0.015625,0.08333333333333333,11.175527191257174,11.175527191257174,27.32304591464157,27.32304591464157,0.8002083333333334,0.8002083333333334,0.095625,0.095625,0.08125,0.08125
syn500,aco,55.12881168442837,60.820884287861766,152.10748126969557,188.06644753518256,0.14950416666666666,0.13656666666666667,0.0,0.0,0.2902777777777778,0.3333333333333333,70.21406046976676,77.82135413919059,182.5613926341645,214.59692181334356,0.10023055555555556,0.08366666666666665,0.0,0.0,0.5729166666666666,0.6666666666666666,45.08575405799389,52.990260538738696,132.8979997194369,189.49612637986516,0.19269333333333333,0.18386666666666668,0.04639166666666667,0.13520000000000001,0.0027083333333333334,0.022916666666666665,37.8372717252221,37.8372717252221,115.6928871808848,115.6928871808848,0.17368333333333333,0.17368333333333333,0.35258333333333336,0.35258333333333336,0.004166666666666667,0.004166666666666667,44.63218533762488,53.072450962600286,138.51844233635586,199.0791763333486,0.18704833333333332,0.17476666666666668,0.09437833333333333,0.19383333333333336,0.009375,0.075,27.740484440111654,27.740484440111654,70.40480735285976,70.40480735285976,0.14075000000000001,0.14075000000000001,0.63135,0.63135,0.0,0.0,43.58351848011159,52.489122862731506,140.40619069110576,200.90506636888094,0.1730533333333333,0.15608333333333332,0.202525,0.32221666666666665,0.01875,0.09791666666666667,25.425092847853076,25.425092847853076,69.4891740346229,69.4891740346229,0.12505,0.12505,0.7246,0.7246,0.0,0.0,44.27006513520323,52.49887442954879,136.71085112520478,194.80189341876837,0.19314210526315786,0.17903508771929824,0.08576491228070175,0.1964561403508772,0.006666666666666667,0.058333333333333334,45.952758791387765,45.952758791387765,118.29087410418573,118.29087410418573,0.16942105263157894,0.16942105263157894,0.181140350877193,0.181140350877193,0.09375,0.09375,43.142851836346466,53.170241865477095,138.43631291931155,199.5212586547563,0.18871666666666667,0.16999999999999998,0.16749814814814815,0.2894814814814815,0.009375,0.07083333333333333,40.669869257087065,40.669869257087065,104.88531876215596,104.88531876215596,0.14175925925925925,0.14175925925925925,0.42344444444444446,0.42344444444444446,0.0,0.0,38.479576739105035,48.02907083600367,117.41804412713614,177.94096916489474,0.17701458333333334,0.14972916666666666,0.3451541666666667,0.503125,0.005833333333333334,0.0375,19.93304367690975,19.93304367690975,48.69649650624027,48.69649650624027,0.09466666666666666,0.09466666666666666,0.8242083333333333,0.8242083333333333,0.0,0.0
syn500,eho,55.33444776082883,61.17534188905541,151.63845282783623,186.90330494560183,0.1456,0.133,0.0,0.0,0.28680555555555554,0.3333333333333333,70.7142827137678,78.6034147420224,183.2295817831562,216.00202896410082,0.09780833333333333,0.08228333333333333,0.0,0.0,0.5604166666666667,0.6833333333333333,45.413314178420855,53.41810486566602,132.02038728069556,191.66631404888867,0.18718666666666667,0.17745,0.044846666666666674,0.12698333333333334,0.007083333333333334,0.04583333333333333,38.97528505159172,38.97528505159172,114.3229355831294,114.3229355831294,0.1665,0.1665,0.34765,0.34765,0.020833333333333332,0.020833333333333332,44.94513618875965,53.00887764012403,137.5565911028777,198.32488064068542,0.18163333333333334,0.16913333333333333,0.09192333333333334,0.18575,0.013958333333333333,0.09166666666666666,27.956786915629166,27.956786915629166,71.87147790681847,71.87147790681847,0.13718333333333332,0.13718333333333332,0.6459166666666667,0.6459166666666667,0.0,0.0,44.451835624339964,53.331602431404164,140.52591669005713,201.2725841304081,0.1671733333333333,0.14895,0.197075,0.31945,0.025625000000000002,0.11458333333333333,26.44968066094322,26.44968066094322,72.5979769244553,72.5979769244553,0.12111666666666668,0.12111666666666668,0.7259333333333333,0.7259333333333333,0.0,0.0,44.77198250138938,52.659255014532086,137.3007200867535,195.4626260957714,0.18787192982456138,0.17317543859649123,0.08150701754385965,0.18422807017543857,0.01375,0.07083333333333333,46.573914317386034,46.573914317386034,117.58661757712132,117.58661757712132,0.16285964912280704,0.16285964912280704,0.18475438596491228,0.18475438596491228,0.10833333333333334,0.10833333333333334,43.885999613756745,53.895554572653275,139.04311501244015,198.1390525491861,0.18293518518518517,0.1637222222222222,0.1625574074074074,0.2821851851851852,0.014166666666666666,0.075,41.442708906034746,41.442708906034746,104.90090296382154,104.90090296382154,0.13775925925925928,0.13775925925925928,0.43729629629629635,0.43729629629629635,0.0020833333333333333,0.0020833333333333333,39.54494011235594,48.95173316014102,117.45622787752373,173.55516508671587,0.17169791666666667,0.14539583333333334,0.33726875,0.48535416666666664,0.00625,0.041666666666666664,20.787751788736966,20.787751788736966,52.379393365065525,52.379393365065525,0.09566666666666666,0.09566666666666666,0.8164166666666667,0.8164166666666667,0.0,0.0
syn500,ga,54.23491495181053,59.75624682586741,149.40965982988192,185.54221149872146,0.15272916666666667,0.14068333333333333,0.0,0.0,0.2944444444444444,0.3333333333333333,69.63111467798302,77.56375785227519,182.18325882976322,214.16821666995233,0.10263888888888888,0.08733333333333333,0.0,0.0,0.5576388888888889,0.6541666666666667,44.43058092143624,52.24747082044507,131.08758840335273,193.289058287178,0.19617666666666667,0.18635,0.04452833333333333,0.12553333333333333,0.007916666666666667,0.052083333333333336,38.11529882012921,38.11529882012921,113.80229713065054,113.80229713065054,0.17248333333333335,0.17248333333333335,0.34295000000000003,0.34295000000000003,0.03125,0.03125,44.12857982426397,52.777881860330176,137.6914495486463,201.5204008258448,0.18962833333333332,0.17666666666666667,0.09160333333333333,0.185,0.014583333333333334,0.10208333333333333,27.355900030680285,27.355900030680285,70.27650318429389,70.27650318429389,0.14293333333333333,0.14293333333333333,0.639,0.639,0.0,0.0,43.27351557624819,52.09485635707047,140.97294724274064,203.003565624233,0.17488833333333334,0.15676666666666667,0.19637333333333334,0.31328333333333336,0.027708333333333335,0.11458333333333333,25.395552820066097,25.395552820066097,69.85740684142654,69.85740684142654,0.1248,0.1248,0.7310333333333333,0.7310333333333333,0.0,0.0,43.9837756343756,52.6651082212281,136.87736470243053,199.94097851267023,0.1963105263157895,0.18135087719298246,0.07969298245614034,0.18282456140350875,0.011041666666666667,0.06875,45.16307004600271,45.16307004600271,115.07758445490869,115.07758445490869,0.1719122807017544,0.1719122807017544,0.1770701754385965,0.1770701754385965,0.1,0.1,42.425340023344084,51.97288262245199,137.19603933138035,196.06803990961697,0.19192777777777778,0.17264814814814813,0.16386481481481482,0.2866666666666667,0.014791666666666668,0.08333333333333333,40.659035200990274,40.659035200990274,104.951500238099,104.951500238099,0.14277777777777778,0.14277777777777778,0.4125925925925926,0.4125925925925926,0.004166666666666667,0.004166666666666667,38.28622813556472,48.88436101433667,119.09345192006467,185.0440722358384,0.18057291666666667,0.15175,0.3339666666666667,0.49095833333333333,0.006875000000000001,0.03958333333333333,20.009557464470497,20.009557464470497,48.40447690463811,48.40447690463811,0.0940625,0.0940625,0.8280833333333334,0.8280833333333334,0.0,0.0
syn500,hybrid_eho_aco,55.004971872840194,60.56303021373933,152.67473994539841,191.16756785555242,0.15423333333333333,0.14236666666666667,0.0,0.0,0.29166666666666663,0.3361111111111111,70.65409487138717,79.25371907581908,184.35251640424815,216.45708572129203,0.10329444444444442,0.08758333333333333,0.0,0.0,0.5680555555555556,0.625,44.50184954552001,52.60044106194719,134.06513067712478,194.0361633906534,0.19883,0.18926666666666667,0.04642166666666667,0.13621666666666668,0.0016666666666666668,0.0125,37.63114206613168,37.63114206613168,117.27698969483066,117.27698969483066,0.17561666666666667,0.17561666666666667,0.3549833333333334,0.3549833333333334,0.0020833333333333333,0.0020833333333333333,43.963599198507126,52.275045120934536,139.24835770840716,198.69517083333966,0.19261833333333334,0.17991666666666667,0.09380666666666666,0.19158333333333333,0.009166666666666667,0.075,27.195435209436855,27.195435209436855,71.00600163978515,71.00600163978515,0.1464,0.1464,0.6303,0.6303,0.0,0.0,43.114926573208805,51.670413310757716,142.16337736207373,201.33355974485215,0.177305,0.15898333333333334,0.20129000000000002,0.3207833333333333,0.018333333333333333,0.09791666666666667,25.045586125143885,25.045586125143885,69.32798978661711,69.32798978661711,0.13144999999999998,0.13144999999999998,0.71905,0.71905,0.0,0.0,43.790501997470564,52.21484859870907,138.0169700584024,198.36589954013067,0.19884912280701755,0.18317543859649124,0.08338947368421053,0.184,0.006875000000000001,0.058333333333333334,46.159432193403894,46.159432193403894,120.18199180379055,120.18199180379055,0.1752280701754386,0.1752280701754386,0.1713684210526316,0.1713684210526316,0.12083333333333333,0.12083333333333333,42.18098590848987,51.50047040372062,138.2632969515893,197.29336705885845,0.19442222222222222,0.17464814814814816,0.17084814814814817,0.29912962962962963,0.010416666666666666,0.06666666666666667,38.401656070797486,38.401656070797486,99.84538351836181,99.84538351836181,0.14744444444444443,0.14744444444444443,0.42444444444444446,0.42444444444444446,0.0,0.0,37.98379967770859,47.82667651596637,118.1189336842277,181.41982196605463,0.18270833333333333,0.15308333333333335,0.33581041666666667,0.4927708333333333,0.004791666666666667,0.03333333333333333,18.869543107202237,18.869543107202237,44.598882945971425,44.598882945971425,0.09933333333333333,0.09933333333333333,0.8280416666666667,0.8280416666666667,0.0,0.0
syn500,hybrid_no_ants,54.97559819455999,60.590740601592856,152.53278678781453,190.9067538042755,0.15445416666666667,0.14184999999999998,0.0,0.0,0.2847222222222222,0.3333333333333333,70.57676641188627,79.1541741219222,184.16923559725151,216.3330898839212,0.10345555555555555,0.08696666666666666,0.0,0.0,0.5729166666666666,0.625,44.539459685487294,52.52890507878032,133.81936097921178,193.65093004004444,0.19903,0.18926666666666667,0.04642166666666667,0.13621666666666668,0.0020833333333333333,0.016666666666666666,37.72430331833677,37.72430331833677,116.9836960580131,116.9836960580131,0.17561666666666664,0.17561666666666664,0.3544833333333334,0.3544833333333334,0.0020833333333333333,0.0020833333333333333,43.95563878207478,52.10173968405665,138.9358339751672,197.79537259374717,0.19276666666666664,0.18018333333333333,0.09427166666666667,0.19390000000000002,0.008125,0.06875,27.399099722979894,27.399099722979894,71.48805044843759,71.48805044843759,0.1452166666666667,0.1452166666666667,0.6303166666666667,0.6303166666666667,0.0,0.0,43.144904627054196,51.73451060012655,141.8987291549615,201.273177314171,0.17743166666666665,0.15865,0.20154333333333335,0.32133333333333336,0.018541666666666668,0.1,25.26268098425199,25.26268098425199,70.11097137790883,70.11097137790883,0.1304,0.1304,0.7194,0.7194,0.0,0.0,43.837946286666025,52.22531817522327,138.18895841350894,198.448614582945,0.1991175438596491,0.18312280701754385,0.08403859649122807,0.1848421052631579,0.006458333333333333,0.04791666666666667,46.103776509626506,46.103776509626506,119.90687714006944,119.90687714006944,0.17519298245614037,0.17519298245614037,0.1719122807017544,0.1719122807017544,0.1125,0.1125,42.24341222728096,51.42459960782534,138.02706040968548,195.20571777490096,0.19487592592592592,0.1748888888888889,0.1690925925925926,0.2977962962962963,0.010416666666666666,0.07083333333333333,39.01990093365771,39.01990093365771,101.6545063769395,101.6545063769395,0.14783333333333332,0.14783333333333332,0.41659259259259257,0.41659259259259257,0.0,0.0,38.14633573142287,47.725594975031456,118.95066275173798,181.6311643095507,0.18301041666666668,0.15389583333333334,0.33459791666666666,0.49008333333333337,0.004375,0.035416666666666666,18.919838047396933,18.919838047396933,44.539177157243834,44.539177157243834,0.09958333333333334,0.09958333333333334,0.82775,0.82775,0.0,0.0
syn500,hybrid_no_ls,54.48814653857433,59.92874053195253,148.42800363939403,182.68702078256644,0.15134166666666668,0.1386,0.0,0.0,0.28888888888888886,0.3333333333333333,69.17953829805758,75.71451908420357,179.66830271464133,211.4969691762268,0.10176666666666666,0.08553333333333332,0.0,0.0,0.56875,0.7,45.35574050031222,53.59620538535746,132.99909012548113,194.0641499072555,0.19401833333333332,0.18336666666666668,0.04540666666666667,0.12996666666666667,0.006875000000000001,0.04791666666666667,38.618833835891586,38.618833835891586,114.62239583075778,114.62239583075778,0.17004999999999998,0.17004999999999998,0.35,0.35,0.03958333333333333,0.03958333333333333,44.997610226040266,54.08454632885412,138.36014201367823,201.41900719272272,0.1881,0.1743833333333333,0.09326333333333334,0.18945,0.013333333333333334,0.09166666666666666,27.328423692061016,27.328423692061016,69.0301076836711,69.0301076836711,0.14138333333333333,0.14138333333333333,0.642,0.642,0.0,0.0,43.81264801159122,52.63663517709022,140.19012008789844,201.729183074089,0.1727483333333333,0.15305,0.20018833333333333,0.32256666666666667,0.024583333333333336,0.11666666666666667,25.091377537339714,25.091377537339714,68.93284332999458,68.93284332999458,0.12373333333333332,0.12373333333333332,0.7355333333333333,0.7355333333333333,0.0,0.0,44.653812012384,53.48747283432522,136.80370926551038,197.70942288921296,0.19468070175438598,0.18001754385964913,0.08236491228070175,0.19222807017543858,0.008541666666666668,0.0625,45.92017818738488,45.92017818738488,115.42349133000214,115.42349133000214,0.16701754385964912,0.16701754385964912,0.1876140350877193,0.1876140350877193,0.11666666666666667,0.11666666666666667,43.27334011763402,53.75376075412464,137.25330963091196,201.03531171135177,0.1899,0.17077777777777778,0.16840000000000002,0.3033518518518518,0.0125,0.07291666666666667,40.642630583579496,40.642630583579496,105.64189217006914,105.64189217006914,0.14025925925925925,0.14025925925925925,0.4414444444444445,0.4414444444444445,0.00625,0.00625,38.34664022972888,47.58970720469766,116.38687762215605,177.6019378176712,0.17879166666666665,0.15216666666666667,0.34345416666666667,0.4955416666666667,0.004583333333333333,0.035416666666666666,19.323945499972112,19.323945499972112,47.207426074893625,47.207426074893625,0.09335416666666667,0.09335416666666667,0.8330625,0.8330625,0.0,0.0
syn500,hybrid_swap_ls,54.32086599442873,59.7457021155065,148.04201113803705,181.6917047805035,0.15354166666666666,0.14035,0.0,0.0,0.2930555555555555,0.3333333333333333,68.9468629155013,75.45280231480442,179.78823743211015,211.8485717180409,0.10343055555555554,0.08736666666666666,0.0,0.0,0.5590277777777778,0.6666666666666666,45.330660314947956,53.0983992248584,132.7102580351655,192.83919951297264,0.19660666666666668,0.18633333333333332,0.04418666666666667,0.12355000000000001,0.008541666666666668,0.05416666666666667,38.77873180700878,38.77873180700878,113.31188920705728,113.31188920705728,0.1721,0.1721,0.34476666666666667,0.34476666666666667,0.041666666666666664,0.041666666666666664,44.94519393263495,53.98214219250723,138.02469349384995,202.34389898346555,0.19019333333333333,0.17671666666666666,0.09273666666666668,0.18598333333333333,0.012708333333333334,0.08541666666666667,27.422599023913914,27.422599023913914,70.14764896458514,70.14764896458514,0.14226666666666665,0.14226666666666665,0.6448833333333333,0.6448833333333333,0.0,0.0,43.98546279636476,53.18401922065569,141.23566203727262,202.62393341238834,0.17476166666666665,0.15721666666666667,0.19749166666666668,0.3192333333333333,0.024791666666666667,0.11458333333333333,25.6298680518287,25.6298680518287,70.70388911953032,70.70388911953032,0.12235,0.12235,0.7361833333333333,0.7361833333333333,0.0,0.0,44.63275787384712,53.31029290972297,137.21415639826427,198.9052310549909,0.19708070175438597,0.18149122807017545,0.0818578947368421,0.187,0.011666666666666667,0.075,45.56377577766528,45.56377577766528,113.72541603235062,113.72541603235062,0.16963157894736844,0.16963157894736844,0.18382456140350875,0.18382456140350875,0.10833333333333334,0.10833333333333334,43.184850228138444,52.79399360722877,137.7973422499526,198.2947759587802,0.19207962962962963,0.1721851851851852,0.16320370370370368,0.2891296296296296,0.012708333333333334,0.08333333333333333,41.32981997104848,41.32981997104848,106.60863673821265,106.60863673821265,0.14144444444444443,0.14144444444444443,0.4300185185185185,0.4300185185185185,0.0020833333333333333,0.0020833333333333333,38.28574458408212,47.90048946069593,116.96367350352885,179.79380818683634,0.18089583333333334,0.15233333333333335,0.33785208333333333,0.4946041666666667,0.007291666666666667,0.04375,20.113570772828744,20.113570772828744,49.31442143467465,49.31442143467465,0.094,0.094,0.8267708333333333,0.8267708333333333,0.0,0.0
syn500,kcenter,82.78317665676005,112.48524857623151,194.89706112945615,235.66565711468155,0.069,0.042,0.0,0.0,0.35416666666666663,0.41666666666666663,106.30236120721551,142.87852582524198,226.71428011966242,314.1429811466111,0.046000000000000006,0.026,0.0,0.0,0.5208333333333334,0.75,72.49627035126491,82.02036843324316,193.0348569601682,255.0730468000801,0.08819999999999999,0.078,0.028000000000000004,0.098,0.11875,0.25,52.44772520259052,52.44772520259052,124.10492101248063,124.10492101248063,0.076,0.076,0.418,0.418,0.125,0.125,68.06429666058278,74.11080218526027,174.68802604531342,233.0434962231192,0.08459999999999998,0.074,0.10379999999999998,0.266,0.18125,0.25,40.85697236092046,40.85697236092046,86.23111150673977,86.23111150673977,0.064,0.064,0.742,0.742,0.0,0.0,63.85349188468383,82.42509979988657,160.08103920228868,230.04639390029746,0.0784,0.068,0.2816,0.51,0.175,0.25,6.758607138655959,6.758607138655959,18.95503087589974,18.95503087589974,0.05,0.05,0.95,0.95,0.0,0.0,69.23256827852045,76.42357012716775,187.6078346100973,267.2007214602149,0.09031578947368421,0.08210526315789474,0.08989473684210526,0.2673684210526316,0.13125,0.25,66.0372356384185,66.0372356384185,150.11647433449411,150.11647433449411,0.07157894736842105,0.07157894736842105,0.1368421052631579,0.1368421052631579,0.125,0.125,71.6654104933387,91.03788728092314,183.35842512318402,252.83452653140586,0.08755555555555557,0.07555555555555556,0.18711111111111112,0.4822222222222222,0.0875,0.1875,58.49064728627509,58.49064728627509,115.81848593127525,115.81848593127525,0.07333333333333333,0.07333333333333333,0.5177777777777778,0.5177777777777778,0.0,0.0,57.591139115828554,72.5309728798388,132.8783974471984,174.04063986157908,0.08375,0.0575,0.42124999999999996,0.6975,0.09375,0.1875,22.561239546511185,22.561239546511185,48.96379273953826,48.96379273953826,0.06,0.06,0.8725,0.8725,0.0,0.0
syn500,kmeans,64.17359657042635,67.51499920308702,178.54558786765082,218.85108199659194,0.1125,0.1,0.0,0.0,0.3541666666666667,0.5,82.61085084542638,89.01508074530724,209.19842388204947,240.31761531776135,0.075,0.052,0.0,0.0,0.5208333333333334,0.75,54.17192657134796,63.89086570847612,169.34022325208656,217.44096175599324,0.14462,0.13513333333333336,0.03644666666666666,0.10913333333333333,0.06520833333333334,0.275,42.11386663764245,42.11386663764245,136.5274418540722,136.5274418540722,0.142,0.142,0.394,0.394,0.0625,0.0625,54.7169817543058,65.11201035896804,173.0296016125059,223.73610142096007,0.13834,0.12633333333333333,0.08160666666666666,0.20426666666666668,0.093125,0.27708333333333335,33.12659458013982,33.12659458013982,87.54658785474007,87.54658785474007,0.136,0.136,0.526,0.526,0.0,0.0,52.047600864201634,63.41114346063303,165.18256861479594,221.83817541127698,0.12642666666666666,0.11013333333333333,0.20670000000000002,0.3685333333333333,0.06875,0.21458333333333332,31.055620049365825,31.055620049365825,86.53160756186412,86.53160756186412,0.112,0.112,0.618,0.618,0.0,0.0,53.437521894229185,66.05538327078263,169.37138493112204,223.43511334785507,0.14668070175438597,0.13508771929824562,0.07496842105263157,0.19410526315789473,0.04354166666666667,0.1875,51.609872336924596,51.609872336924596,134.570243294001,134.570243294001,0.15157894736842106,0.15157894736842106,0.09263157894736843,0.09263157894736843,0.1875,0.1875,51.92050889773174,67.38309573169653,164.94118624082677,228.45843800046444,0.14222962962962962,0.12481481481481481,0.16956296296296297,0.32155555555555554,0.036875,0.14375,36.16781977098185,36.16781977098185,92.6372502682995,92.6372502682995,0.14444444444444443,0.14444444444444443,0.43333333333333335,0.43333333333333335,0.0,0.0,45.40621878517398,61.11045361877296,135.58981210192553,196.54563616619993,0.13116666666666668,0.10416666666666667,0.360175,0.5166666666666667,0.013125000000000001,0.08125,27.642166795491892,27.642166795491892,77.16020400552601,77.16020400552601,0.1125,0.1125,0.69,0.69,0.0,0.0
syn500,kmedian,54.31469891486455,60.48025745279604,152.47485158218154,174.4290039012476,0.1605,0.146,0.0,0.0,0.3125,0.5,72.87161447882568,88.76877877015107,188.0926378604314,228.59859683710803,0.10699999999999998,0.094,0.0,0.0,0.5,0.75,45.77675530262945,56.085271758825115,150.04906570941188,215.90142282875775,0.20779999999999998,0.198,0.0402,0.114,0.0125,0.125,35.78267481291951,35.78267481291951,100.96295502693484,100.96295502693484,0.19,0.19,0.338,0.338,0.0,0.0,44.24627186965249,51.60864047385618,138.7271082642231,205.51146958171097,0.1926,0.152,0.1044,0.196,0.03125,0.1875,32.72147798834593,32.72147798834593,86.23111150673977,86.23111150673977,0.168,0.168,0.51,0.51,0.0,0.0,41.54417945863926,46.51333722719954,131.28714132845923,187.4421934007963,0.17839999999999998,0.152,0.20620000000000002,0.258,0.025,0.125,24.687666774093685,24.687666774093685,65.62406187934022,65.62406187934022,0.144,0.144,0.678,0.678,0.0,0.0,43.32107638204861,49.6639466531925,139.68660218228374,205.51100880244664,0.21242105263157898,0.2,0.06799999999999999,0.13894736842105262,0.025,0.125,43.18989281206713,43.18989281206713,110.56648495593973,110.56648495593973,0.1957894736842105,0.1957894736842105,0.1368421052631579,0.1368421052631579,0.0625,0.0625,43.621363228139344,56.11849256580799,138.84480486195406,209.9441809960886,0.19933333333333333,0.18222222222222223,0.15066666666666667,0.24666666666666667,0.037500000000000006,0.125,40.62413652958941,40.62413652958941,102.4992456651583,102.4992456651583,0.1711111111111111,0.1711111111111111,0.34,0.34,0.0,0.0,41.90362383876567,53.71757145790866,131.5104827739229,212.7462972532148,0.17125,0.1225,0.33049999999999996,0.415,0.0,0.0,22.345017758655878,22.345017758655878,61.93889961501112,61.93889961501112,0.1275,0.1275,0.725,0.725,0.0,0.0
syn500,pagerank,82.7148943522943,94.74114307825279,193.47050924582425,215.34116762934445,0.10975000000000001,0.0815,0.0,0.0,0.29166666666666663,0.41666666666666663,99.73893565069368,130.9996435142104,214.96192613144453,238.11793198035946,0.07958333333333333,0.0395,0.0,0.0,0.5416666666666667,0.75,79.42317849197039,99.79537943967695,210.37994688854673,273.15299057353513,0.13069999999999998,0.1275,0.0402,0.114,0.025,0.25,55.06402920717695,55.06402920717695,160.8058198464825,160.8058198464825,0.1315,0.1315,0.43,0.43,0.125,0.125,73.14265636002357,98.67741014365176,195.18708738244084,267.8757214998364,0.1269,0.1195,0.1762,0.706,0.05,0.1875,23.23572065913001,23.23572065913001,64.08042954806012,64.08042954806012,0.122,0.122,0.748,0.748,0.0,0.0,76.10202964023956,101.46201947586252,191.5225266659427,248.77757878460665,0.1198,0.11649999999999999,0.24840000000000004,0.442,0.11875,0.3125,22.68137144396937,22.68137144396937,62.88814796979342,62.88814796979342,0.11,0.11,0.796,0.796,0.0,0.0,76.65630919880864,97.74826886447079,196.09280731946313,269.65527466359424,0.13,0.12210526315789473,0.1208421052631579,0.36,0.09375,0.3125,70.20950258119026,70.20950258119026,171.0130234574275,171.0130234574275,0.13842105263157894,0.13842105263157894,0.1368421052631579,0.1368421052631579,0.1875,0.1875,78.29784750529407,98.61679988657318,202.35934114236292,243.99261763440649,0.12811111111111112,0.11777777777777777,0.18288888888888888,0.44,0.09375,0.25,33.77670883299304,33.77670883299304,103.10086751010665,103.10086751010665,0.14444444444444443,0.14444444444444443,0.62,0.62,0.0,0.0,58.05902068260038,105.9957399393901,143.17503635188515,239.12411399956832,0.11981250000000002,0.1075,0.48175000000000007,0.7375,0.06249999999999999,0.1875,23.615152670559162,23.615152670559162,65.13104024965764,65.13104024965764,0.14,0.14,0.7175,0.7175,0.0,0.0
syn500,pso,55.13551203266664,61.25609893696537,151.42553114411083,188.1707510892776,0.15055,0.1384,0.0,0.0,0.2930555555555555,0.3416666666666667,70.25700801462881,78.00577129206421,182.6714404574524,213.6708402013661,0.10112499999999999,0.08546666666666666,0.0,0.0,0.5708333333333333,0.6583333333333333,45.203799193201476,52.7583809276826,133.84939165920255,191.70891113021227,0.19342333333333334,0.18391666666666667,0.04595333333333333,0.1329,0.003541666666666667,0.027083333333333334,38.211827780806935,38.211827780806935,116.28145973986302,116.28145973986302,0.17098333333333335,0.17098333333333335,0.35403333333333337,0.35403333333333337,0.014583333333333334,0.014583333333333334,44.79312849547405,53.19887814215359,139.38494989180734,197.95955392467295,0.18695333333333333,0.17381666666666667,0.09329166666666668,0.19403333333333334,0.010625,0.07083333333333333,27.708800026745546,27.708800026745546,70.41671271848062,70.41671271848062,0.1404166666666667,0.1404166666666667,0.6327166666666667,0.6327166666666667,0.0,0.0,43.92380491340783,52.53207662677006,142.28124416683588,201.74728010733392,0.17186166666666663,0.15358333333333332,0.20079166666666665,0.3233666666666667,0.021458333333333336,0.10416666666666667,25.490265914461965,25.490265914461965,69.43043443653664,69.43043443653664,0.12358333333333334,0.12358333333333334,0.7284333333333334,0.7284333333333334,0.0,0.0,44.48258300657524,53.413196690605744,137.4399992047934,197.5926902450796,0.1936982456140351,0.17910526315789474,0.0838298245614035,0.19098245614035086,0.010625,0.075,46.13006983618364,46.13006983618364,117.59061147488848,117.59061147488848,0.17142105263157897,0.17142105263157897,0.18050877192982456,0.18050877192982456,0.1,0.1,43.328805203826086,53.22073210705794,139.86773611847732,199.55367200718683,0.18862592592592592,0.1696851851851852,0.16802777777777778,0.3008148148148148,0.011250000000000001,0.08541666666666667,40.72971619054036,40.72971619054036,104.25524207445977,104.25524207445977,0.14275925925925925,0.14275925925925925,0.41794444444444445,0.41794444444444445,0.0020833333333333333,0.0020833333333333333,38.997989043054396,49.73455295909442,119.46138384327097,183.13414705985008,0.1770979166666667,0.14808333333333332,0.34045625,0.49452083333333335,0.006666666666666667,0.041666666666666664,20.3737208230117,20.3737208230117,50.24804194465136,50.24804194465136,0.0925,0.0925,0.8282291666666667,0.8282291666666667,0.0,0.0
syn500,random,57.23626170037975,63.60705774311179,154.22240775294838,189.79845523311715,0.1381,0.12561666666666665,0.0,0.0,0.28888888888888886,0.3333333333333333,72.34174270916732,80.54801149753219,184.85569418817417,216.05537644607975,0.09265833333333333,0.0768,0.0,0.0,0.5770833333333333,0.725,47.52218912888229,56.53985828905146,135.77991667916524,197.14619348866097,0.17771499999999998,0.16846666666666668,0.04559166666666667,0.12976666666666667,0.005625000000000001,0.0375,39.86870732592272,39.86870732592272,115.90879046472601,115.90879046472601,0.1583,0.1583,0.36833333333333335,0.36833333333333335,0.022916666666666665,0.022916666666666665,47.35005405414586,56.58757396461435,141.55831651911305,202.72603481712667,0.17198499999999997,0.15963333333333332,0.09340666666666667,0.19091666666666668,0.013958333333333333,0.09583333333333334,28.47491544070846,28.47491544070846,74.41660370810241,74.41660370810241,0.13416666666666668,0.13416666666666668,0.6443166666666666,0.6443166666666666,0.0,0.0,46.574887742615005,56.76546054304196,143.76929418667524,202.8227084165866,0.15952333333333332,0.1422,0.20180666666666666,0.3248166666666667,0.02625,0.12083333333333333,26.598020876082185,26.598020876082185,73.50065562813396,73.50065562813396,0.12050000000000001,0.12050000000000001,0.721,0.721,0.0,0.0,46.75052520787712,55.12582578446816,140.47915290365117,197.2173114220641,0.17881403508771931,0.16552631578947366,0.08362982456140351,0.19435087719298244,0.010208333333333335,0.07083333333333333,47.66726887499632,47.66726887499632,121.2108908348241,121.2108908348241,0.15675438596491229,0.15675438596491229,0.20157894736842105,0.20157894736842105,0.1,0.1,45.76622049588333,56.02558254921169,140.89013375607607,203.00000113189677,0.17419814814814816,0.15533333333333335,0.16846111111111112,0.2987592592592592,0.013125,0.07291666666666667,41.69083714068942,41.69083714068942,106.39035162803745,106.39035162803745,0.13629629629629628,0.13629629629629628,0.45422222222222225,0.45422222222222225,0.0,0.0,41.422612117885855,52.20310138809994,122.7412390020405,183.1596172623387,0.16416041666666667,0.13783333333333334,0.34683958333333337,0.5043333333333333,0.005625000000000001,0.035416666666666666,20.606250813218853,20.606250813218853,53.774691446545496,53.774691446545496,0.10162500000000001,0.10162500000000001,0.80425,0.80425,0.0,0.0
syn500,sa,54.64979878196864,60.16080225588492,151.64820225813128,188.60819771548304,0.15229166666666666,0.1400833333333333,0.0,0.0,0.29027777777777775,0.3333333333333333,70.27550844704001,78.99233445735422,183.58328763974254,216.5373353730152,0.10213888888888888,0.08618333333333333,0.0,0.0,0.5618055555555556,0.625,44.37583553047601,52.23366348546702,132.2766001683077,192.51512833214545,0.1960066666666667,0.18630000000000002,0.04508,0.12811666666666668,0.004791666666666667,0.029166666666666667,37.66634611131637,37.66634611131637,114.83082629705515,114.83082629705515,0.1739,0.1739,0.34791666666666665,0.34791666666666665,0.016666666666666666,0.016666666666666666,43.83225394016576,51.82028212450562,138.23395894848687,198.67898468671018,0.18986666666666666,0.17745,0.09331333333333333,0.1908,0.010208333333333335,0.06875,27.215457399364787,27.215457399364787,70.34139034206075,70.34139034206075,0.14348333333333332,0.14348333333333332,0.6348833333333334,0.6348833333333334,0.0,0.0,43.10213015839796,51.63338083481392,141.44561179222976,202.0102260231687,0.1747983333333333,0.15671666666666667,0.19917,0.31828333333333336,0.021666666666666667,0.09583333333333334,25.18580657845719,25.18580657845719,69.48729468268218,69.48729468268218,0.12751666666666667,0.12751666666666667,0.7233499999999999,0.7233499999999999,0.0,0.0,43.595902101846214,51.80610334099038,136.42019291270142,195.57773483963913,0.19634035087719298,0.18136842105263157,0.08181052631578947,0.17943859649122806,0.008333333333333333,0.05625,45.52266149620732,45.52266149620732,117.80531238477239,117.80531238477239,0.17300000000000001,0.17300000000000001,0.17475438596491227,0.17475438596491227,0.10208333333333333,0.10208333333333333,42.10126026367765,51.023286843560165,136.79790601205679,194.995267532874,0.19199074074074074,0.17196296296296296,0.16707037037037037,0.2961111111111111,0.011458333333333333,0.07083333333333333,39.584473166949564,39.584473166949564,102.95106898857092,102.95106898857092,0.14498148148148146,0.14498148148148146,0.42055555555555557,0.42055555555555557,0.0020833333333333333,0.0020833333333333333,37.86110616348504,47.57639784628204,116.55522501161865,178.45074508847944,0.1802625,0.15085416666666665,0.337275,0.4927708333333333,0.006875000000000001,0.04791666666666667,19.401074160663995,19.401074160663995,46.153570699203826,46.153570699203826,0.09520833333333334,0.09520833333333334,0.8304166666666667,0.8304166666666667,0.0,0.0
